timestamp,elapsed_s,rx_bytes_delta,tx_bytes_delta,rx_packets_delta,tx_packets_delta,rx_errs,tx_errs,rx_drop,tx_drop,rx_bps,tx_bps,udp_sockets,total_rx_queue,total_tx_queue,max_rx_queue,max_tx_queue,ss_udp_total
2026-04-07T04:11:37.099984,0.001,0,0,0,0,0,0,0,0,0,0,30,0,0,0,0,0
2026-04-07T04:11:37.604983,0.525,0,0,0,0,0,0,0,0,0,0,35,0,0,0,0,0
2026-04-07T04:11:38.111160,1.03,0,0,0,0,0,0,0,0,0,0,35,0,0,0,0,0
2026-04-07T04:11:38.616353,1.536,0,0,0,0,0,0,0,0,0,0,35,0,0,0,0,0
2026-04-07T04:11:39.122007,2.041,0,0,0,0,0,0,0,0,0,0,35,0,0,0,0,0
2026-04-07T04:11:39.627239,2.547,0,0,0,0,0,0,0,0,0,0,35,0,0,0,0,0
2026-04-07T04:11:40.133296,3.052,0,0,0,0,0,0,0,0,0,0,35,0,0,0,0,0
2026-04-07T04:11:40.638548,3.558,0,0,0,0,0,0,0,0,0,0,35,0,0,0,0,0
2026-04-07T04:11:41.144208,4.063,0,0,0,0,0,0,0,0,0,0,35,0,0,0,0,0
2026-04-07T04:11:41.651097,4.569,0,0,0,0,0,0,0,0,0,0,35,0,0,0,0,0
2026-04-07T04:11:42.157917,5.076,0,0,0,0,0,0,0,0,0,0,35,0,0,0,0,0
2026-04-07T04:11:42.663563,5.583,0,0,0,0,0,0,0,0,0,0,35,0,0,0,0,0
2026-04-07T04:11:43.169360,6.088,0,0,0,0,0,0,0,0,0,0,35,0,0,0,0,0
2026-04-07T04:11:43.676523,6.594,0,0,0,0,0,0,0,0,0,0,35,0,0,0,0,0
2026-04-07T04:11:44.181871,7.101,0,0,0,0,0,0,0,0,0,0,35,66120,0,66120,0,0
2026-04-07T04:11:44.687368,7.607,0,0,0,0,0,0,0,0,0,0,35,66120,0,66120,0,0
2026-04-07T04:11:45.195747,8.112,0,0,0,0,0,0,0,0,0,0,35,0,0,0,0,0
2026-04-07T04:11:45.700928,8.62,0,0,0,0,0,0,0,0,0,0,35,0,0,0,0,0
2026-04-07T04:11:46.206936,9.126,0,0,0,0,0,0,0,0,0,0,35,0,0,0,0,0
2026-04-07T04:11:46.712480,9.632,0,0,0,0,0,0,0,0,0,0,35,0,0,0,0,0
2026-04-07T04:11:47.218045,10.137,0,0,0,0,0,0,0,0,0,0,35,0,0,0,0,0
2026-04-07T04:11:47.723815,10.643,0,0,0,0,0,0,0,0,0,0,35,0,768,0,768,0
2026-04-07T04:11:48.229295,11.148,0,0,0,0,0,0,0,0,0,0,35,0,0,0,0,0
2026-04-07T04:11:48.735215,11.654,0,0,0,0,0,0,0,0,0,0,35,0,0,0,0,0
2026-04-07T04:11:49.241649,12.16,0,0,0,0,0,0,0,0,0,0,35,0,0,0,0,0
2026-04-07T04:11:49.747353,12.666,0,0,0,0,0,0,0,0,0,0,35,0,0,0,0,0
2026-04-07T04:11:50.251987,13.172,0,0,0,0,0,0,0,0,0,0,35,0,0,0,0,0
2026-04-07T04:11:50.756351,13.677,0,0,0,0,0,0,0,0,0,0,35,0,0,0,0,0
2026-04-07T04:11:51.261117,14.181,0,0,0,0,0,0,0,0,0,0,35,0,0,0,0,0
2026-04-07T04:11:51.766073,14.686,0,0,0,0,0,0,0,0,0,0,35,0,0,0,0,0
2026-04-07T04:11:52.270495,15.191,0,0,0,0,0,0,0,0,0,0,35,0,0,0,0,0
2026-04-07T04:11:52.775264,15.695,0,0,0,0,0,0,0,0,0,0,35,0,0,0,0,0
2026-04-07T04:11:53.280779,16.2,0,0,0,0,0,0,0,0,0,0,36,0,0,0,0,0
2026-04-07T04:11:53.786658,16.706,0,0,0,0,0,0,0,0,0,0,35,0,0,0,0,0
2026-04-07T04:11:54.292432,17.211,0,0,0,0,0,0,0,0,0,0,35,0,0,0,0,0
2026-04-07T04:11:54.797772,17.717,0,0,0,0,0,0,0,0,0,0,35,0,768,0,768,0
2026-04-07T04:11:55.302007,18.222,0,0,0,0,0,0,0,0,0,0,35,0,0,0,0,0
2026-04-07T04:11:55.806350,18.727,0,0,0,0,0,0,0,0,0,0,35,0,0,0,0,0
2026-04-07T04:11:56.311642,19.231,0,0,0,0,0,0,0,0,0,0,35,0,0,0,0,0
2026-04-07T04:11:56.817266,19.736,0,0,0,0,0,0,0,0,0,0,35,0,0,0,0,0
2026-04-07T04:11:57.322483,20.242,0,0,0,0,0,0,0,0,0,0,35,0,0,0,0,0
2026-04-07T04:11:57.828058,20.747,0,0,0,0,0,0,0,0,0,0,35,0,0,0,0,0
2026-04-07T04:11:58.333227,21.253,0,0,0,0,0,0,0,0,0,0,35,0,0,0,0,0
2026-04-07T04:11:58.839031,21.758,0,0,0,0,0,0,0,0,0,0,35,0,0,0,0,0
2026-04-07T04:11:59.344840,22.264,0,0,0,0,0,0,0,0,0,0,35,0,0,0,0,0
2026-04-07T04:11:59.850097,22.77,0,0,0,0,0,0,0,0,0,0,35,0,0,0,0,0
2026-04-07T04:12:00.355726,23.275,0,0,0,0,0,0,0,0,0,0,35,0,0,0,0,0
2026-04-07T04:12:00.861146,23.78,0,0,0,0,0,0,0,0,0,0,35,0,0,0,0,0
2026-04-07T04:12:01.366621,24.286,0,0,0,0,0,0,0,0,0,0,35,0,0,0,0,0
2026-04-07T04:12:01.872281,24.791,0,0,0,0,0,0,0,0,0,0,35,0,0,0,0,0
2026-04-07T04:12:02.378141,25.297,0,0,0,0,0,0,0,0,0,0,35,1536,0,768,0,0
2026-04-07T04:12:02.884245,25.803,0,0,0,0,0,0,0,0,0,0,35,0,0,0,0,0
2026-04-07T04:12:03.389765,26.309,0,0,0,0,0,0,0,0,0,0,35,0,0,0,0,0
2026-04-07T04:12:03.896457,26.815,0,0,0,0,0,0,0,0,0,0,35,0,0,0,0,0
2026-04-07T04:12:04.403494,27.321,0,0,0,0,0,0,0,0,0,0,35,0,0,0,0,0
2026-04-07T04:12:04.908916,27.828,0,0,0,0,0,0,0,0,0,0,35,0,0,0,0,0
2026-04-07T04:12:05.414228,28.334,0,0,0,0,0,0,0,0,0,0,35,0,0,0,0,0
2026-04-07T04:12:05.920045,28.839,0,0,0,0,0,0,0,0,0,0,35,0,0,0,0,0
2026-04-07T04:12:06.425582,29.345,0,0,0,0,0,0,0,0,0,0,35,0,0,0,0,0
2026-04-07T04:12:06.931102,29.85,0,0,0,0,0,0,0,0,0,0,35,0,0,0,0,0
2026-04-07T04:12:07.436595,30.356,0,0,0,0,0,0,0,0,0,0,35,0,0,0,0,0
2026-04-07T04:12:07.941866,30.861,0,0,0,0,0,0,0,0,0,0,35,0,0,0,0,0
2026-04-07T04:12:08.447416,31.367,0,0,0,0,0,0,0,0,0,0,35,0,0,0,0,0
2026-04-07T04:12:08.952788,31.872,0,0,0,0,0,0,0,0,0,0,35,0,0,0,0,0
2026-04-07T04:12:09.458238,32.378,0,0,0,0,0,0,0,0,0,0,35,0,0,0,0,0
2026-04-07T04:12:09.966747,32.886,0,0,0,0,0,0,0,0,0,0,35,0,0,0,0,0
2026-04-07T04:12:10.472202,33.391,0,0,0,0,0,0,0,0,0,0,35,0,0,0,0,0
2026-04-07T04:12:10.977539,33.897,0,0,0,0,0,0,0,0,0,0,35,0,0,0,0,0
2026-04-07T04:12:11.482971,34.402,0,0,0,0,0,0,0,0,0,0,35,0,0,0,0,0
2026-04-07T04:12:11.988705,34.908,0,0,0,0,0,0,0,0,0,0,35,0,0,0,0,0
2026-04-07T04:12:12.494503,35.413,0,0,0,0,0,0,0,0,0,0,35,0,0,0,0,0
2026-04-07T04:12:13.000214,35.919,0,0,0,0,0,0,0,0,0,0,35,0,0,0,0,0
2026-04-07T04:12:13.506182,36.425,0,0,0,0,0,0,0,0,0,0,35,0,0,0,0,0
2026-04-07T04:12:14.011979,36.931,0,0,0,0,0,0,0,0,0,0,35,0,0,0,0,0
2026-04-07T04:12:14.518455,37.437,0,0,0,0,0,0,0,0,0,0,35,0,0,0,0,0
2026-04-07T04:12:15.026826,37.946,0,0,0,0,0,0,0,0,0,0,35,0,0,0,0,0
2026-04-07T04:12:15.533601,38.452,0,0,0,0,0,0,0,0,0,0,35,0,0,0,0,0
2026-04-07T04:12:16.039122,38.958,0,0,0,0,0,0,0,0,0,0,35,0,0,0,0,0
2026-04-07T04:12:16.544371,39.464,0,0,0,0,0,0,0,0,0,0,35,0,0,0,0,0
2026-04-07T04:12:17.049537,39.969,0,0,0,0,0,0,0,0,0,0,35,0,0,0,0,0
2026-04-07T04:12:17.555396,40.474,0,0,0,0,0,0,0,0,0,0,35,0,0,0,0,0
2026-04-07T04:12:18.060770,40.98,0,0,0,0,0,0,0,0,0,0,35,0,0,0,0,0
2026-04-07T04:12:18.566011,41.486,0,0,0,0,0,0,0,0,0,0,35,0,0,0,0,0
2026-04-07T04:12:19.071558,41.991,0,0,0,0,0,0,0,0,0,0,35,0,0,0,0,0
2026-04-07T04:12:19.576916,42.496,0,0,0,0,0,0,0,0,0,0,35,0,0,0,0,0
2026-04-07T04:12:20.082414,43.002,0,0,0,0,0,0,0,0,0,0,35,0,0,0,0,0
2026-04-07T04:12:20.588066,43.507,0,0,0,0,0,0,0,0,0,0,35,0,0,0,0,0
2026-04-07T04:12:21.094231,44.013,0,0,0,0,0,0,0,0,0,0,35,0,0,0,0,0
2026-04-07T04:12:21.600306,44.519,0,0,0,0,0,0,0,0,0,0,35,0,0,0,0,0
2026-04-07T04:12:22.106236,45.025,0,0,0,0,0,0,0,0,0,0,35,0,0,0,0,0
2026-04-07T04:12:22.612244,45.531,0,0,0,0,0,0,0,0,0,0,35,0,0,0,0,0
2026-04-07T04:12:23.118666,46.037,0,0,0,0,0,0,0,0,0,0,35,0,0,0,0,0
2026-04-07T04:12:23.624635,46.543,0,0,0,0,0,0,0,0,0,0,35,0,0,0,0,0
2026-04-07T04:12:24.130284,47.049,0,0,0,0,0,0,0,0,0,0,35,0,0,0,0,0
2026-04-07T04:12:24.636162,47.555,0,0,0,0,0,0,0,0,0,0,35,0,0,0,0,0
2026-04-07T04:12:25.143533,48.063,0,0,0,0,0,0,0,0,0,0,35,0,0,0,0,0
2026-04-07T04:12:25.648679,48.568,0,0,0,0,0,0,0,0,0,0,35,0,0,0,0,0
2026-04-07T04:12:26.154822,49.073,0,0,0,0,0,0,0,0,0,0,35,0,0,0,0,0
2026-04-07T04:12:26.659735,49.58,0,0,0,0,0,0,0,0,0,0,35,0,0,0,0,0
2026-04-07T04:12:27.164619,50.084,0,0,0,0,0,0,0,0,0,0,35,0,0,0,0,0
2026-04-07T04:12:27.669946,50.589,0,0,0,0,0,0,0,0,0,0,35,0,0,0,0,0
2026-04-07T04:12:28.177362,51.095,0,0,0,0,0,0,0,0,0,0,35,0,0,0,0,0
2026-04-07T04:12:28.682711,51.602,0,0,0,0,0,0,0,0,0,0,35,0,0,0,0,0
2026-04-07T04:12:29.188463,52.107,0,0,0,0,0,0,0,0,0,0,35,0,0,0,0,0
2026-04-07T04:12:29.693668,52.613,0,0,0,0,0,0,0,0,0,0,35,0,0,0,0,0
2026-04-07T04:12:30.199208,53.118,0,0,0,0,0,0,0,0,0,0,35,0,0,0,0,0
2026-04-07T04:12:30.704514,53.624,0,0,0,0,0,0,0,0,0,0,35,0,0,0,0,0
2026-04-07T04:12:31.210197,54.129,0,0,0,0,0,0,0,0,0,0,35,0,0,0,0,0
2026-04-07T04:12:31.717700,54.635,0,0,0,0,0,0,0,0,0,0,35,0,0,0,0,0
2026-04-07T04:12:32.223856,55.142,0,0,0,0,0,0,0,0,0,0,35,0,0,0,0,0
2026-04-07T04:12:32.729134,55.649,0,0,0,0,0,0,0,0,0,0,35,0,0,0,0,0
2026-04-07T04:12:33.235043,56.154,0,0,0,0,0,0,0,0,0,0,35,0,0,0,0,0
2026-04-07T04:12:33.740584,56.66,0,0,0,0,0,0,0,0,0,0,35,264480,0,264480,0,0
2026-04-07T04:12:34.246089,57.165,0,0,0,0,0,0,0,0,0,0,35,0,0,0,0,0
2026-04-07T04:12:34.751604,57.671,0,0,0,0,0,0,0,0,0,0,35,0,0,0,0,0
2026-04-07T04:12:35.256961,58.176,0,0,0,0,0,0,0,0,0,0,35,0,0,0,0,0
2026-04-07T04:12:35.762699,58.682,0,0,0,0,0,0,0,0,0,0,35,0,0,0,0,0
2026-04-07T04:12:36.268153,59.187,0,0,0,0,0,0,0,0,0,0,35,0,0,0,0,0
2026-04-07T04:12:36.773429,59.693,0,0,0,0,0,0,0,0,0,0,35,0,0,0,0,0
2026-04-07T04:12:37.278710,60.198,0,0,0,0,0,0,0,0,0,0,35,0,0,0,0,0
2026-04-07T04:12:37.784265,60.703,0,0,0,0,0,0,0,0,0,0,35,0,0,0,0,0
2026-04-07T04:12:38.289919,61.209,0,0,0,0,0,0,0,0,0,0,35,0,0,0,0,0
2026-04-07T04:12:38.797159,61.715,0,0,0,0,0,0,0,0,0,0,35,0,0,0,0,0
2026-04-07T04:12:39.302964,62.222,0,0,0,0,0,0,0,0,0,0,35,0,0,0,0,0
2026-04-07T04:12:39.808303,62.728,0,0,0,0,0,0,0,0,0,0,35,0,0,0,0,0
2026-04-07T04:12:40.314031,63.233,0,0,0,0,0,0,0,0,0,0,35,0,0,0,0,0
2026-04-07T04:12:40.820302,63.739,0,0,0,0,0,0,0,0,0,0,35,0,0,0,0,0
2026-04-07T04:12:41.326298,64.245,0,0,0,0,0,0,0,0,0,0,35,0,0,0,0,0
2026-04-07T04:12:41.832764,64.751,0,0,0,0,0,0,0,0,0,0,35,0,0,0,0,0
2026-04-07T04:12:42.338801,65.258,0,0,0,0,0,0,0,0,0,0,35,0,0,0,0,0
2026-04-07T04:12:42.844444,65.764,0,0,0,0,0,0,0,0,0,0,35,0,768,0,768,0
2026-04-07T04:12:43.350035,66.269,0,0,0,0,0,0,0,0,0,0,35,0,0,0,0,0
2026-04-07T04:12:43.856090,66.775,0,0,0,0,0,0,0,0,0,0,35,0,0,0,0,0
2026-04-07T04:12:44.361465,67.281,0,0,0,0,0,0,0,0,0,0,35,0,0,0,0,0
2026-04-07T04:12:44.866595,67.786,0,0,0,0,0,0,0,0,0,0,35,0,0,0,0,0
2026-04-07T04:12:45.371987,68.291,0,0,0,0,0,0,0,0,0,0,35,0,0,0,0,0
2026-04-07T04:12:45.879994,68.797,0,0,0,0,0,0,0,0,0,0,35,0,0,0,0,0
2026-04-07T04:12:46.385336,69.305,0,0,0,0,0,0,0,0,0,0,35,0,0,0,0,0
2026-04-07T04:12:46.890645,69.81,0,0,0,0,0,0,0,0,0,0,35,0,0,0,0,0
2026-04-07T04:12:47.395946,70.315,0,0,0,0,0,0,0,0,0,0,35,0,0,0,0,0
2026-04-07T04:12:47.902433,70.821,0,0,0,0,0,0,0,0,0,0,35,0,0,0,0,0
2026-04-07T04:12:48.407670,71.327,0,0,0,0,0,0,0,0,0,0,35,0,0,0,0,0
2026-04-07T04:12:48.912925,71.832,0,0,0,0,0,0,0,0,0,0,35,0,0,0,0,0
2026-04-07T04:12:49.419358,72.338,0,0,0,0,0,0,0,0,0,0,35,0,0,0,0,0
2026-04-07T04:12:49.925450,72.844,0,0,0,0,0,0,0,0,0,0,35,0,0,0,0,0
2026-04-07T04:12:50.431609,73.35,0,0,0,0,0,0,0,0,0,0,35,0,0,0,0,0
2026-04-07T04:12:50.937402,73.856,0,0,0,0,0,0,0,0,0,0,35,0,0,0,0,0
2026-04-07T04:12:51.443081,74.362,0,0,0,0,0,0,0,0,0,0,35,0,66120,0,66120,0
2026-04-07T04:12:51.948680,74.868,0,0,0,0,0,0,0,0,0,0,35,66120,66120,66120,66120,0
2026-04-07T04:12:52.455579,75.373,0,0,0,0,0,0,0,0,0,0,35,0,0,0,0,0
2026-04-07T04:12:52.960533,75.88,0,0,0,0,0,0,0,0,0,0,35,0,0,0,0,0
2026-04-07T04:12:53.466176,76.385,0,0,0,0,0,0,0,0,0,0,35,0,0,0,0,0
2026-04-07T04:12:53.971541,76.891,0,0,0,0,0,0,0,0,0,0,35,0,0,0,0,0
2026-04-07T04:12:54.476806,77.396,0,0,0,0,0,0,0,0,0,0,35,0,0,0,0,0
2026-04-07T04:12:54.982291,77.902,0,0,0,0,0,0,0,0,0,0,35,0,0,0,0,0
2026-04-07T04:12:55.487729,78.407,0,0,0,0,0,0,0,0,0,0,35,0,0,0,0,0
2026-04-07T04:12:55.992773,78.912,0,0,0,0,0,0,0,0,0,0,35,0,0,0,0,0
2026-04-07T04:12:56.498199,79.417,0,0,0,0,0,0,0,0,0,0,35,0,0,0,0,0
2026-04-07T04:12:57.003862,79.923,0,0,0,0,0,0,0,0,0,0,35,0,0,0,0,0
2026-04-07T04:12:57.509128,80.429,0,0,0,0,0,0,0,0,0,0,35,0,0,0,0,0
2026-04-07T04:12:58.014317,80.934,0,0,0,0,0,0,0,0,0,0,35,0,0,0,0,0
2026-04-07T04:12:58.519760,81.439,0,0,0,0,0,0,0,0,0,0,35,0,0,0,0,0
2026-04-07T04:12:59.025020,81.944,0,0,0,0,0,0,0,0,0,0,35,0,0,0,0,0
2026-04-07T04:12:59.530533,82.45,0,0,0,0,0,0,0,0,0,0,35,0,0,0,0,0
2026-04-07T04:13:00.035914,82.955,0,0,0,0,0,0,0,0,0,0,35,0,0,0,0,0
2026-04-07T04:13:00.542271,83.461,0,0,0,0,0,0,0,0,0,0,35,0,0,0,0,0
2026-04-07T04:13:01.047972,83.967,0,0,0,0,0,0,0,0,0,0,35,0,0,0,0,0
2026-04-07T04:13:01.555117,84.473,0,0,0,0,0,0,0,0,0,0,35,0,0,0,0,0
2026-04-07T04:13:02.060952,84.98,0,0,0,0,0,0,0,0,0,0,35,0,0,0,0,0
2026-04-07T04:13:02.566984,85.486,0,0,0,0,0,0,0,0,0,0,35,0,0,0,0,0
2026-04-07T04:13:03.073339,85.992,0,0,0,0,0,0,0,0,0,0,35,0,0,0,0,0
2026-04-07T04:13:03.578888,86.498,0,0,0,0,0,0,0,0,0,0,35,0,0,0,0,0
2026-04-07T04:13:04.084410,87.004,0,0,0,0,0,0,0,0,0,0,35,0,0,0,0,0
2026-04-07T04:13:04.590928,87.509,0,0,0,0,0,0,0,0,0,0,36,0,0,0,0,0
2026-04-07T04:13:05.096467,88.016,0,0,0,0,0,0,0,0,0,0,36,0,0,0,0,0
2026-04-07T04:13:05.601755,88.521,0,0,0,0,0,0,0,0,0,0,36,0,0,0,0,0
2026-04-07T04:13:06.108861,89.026,0,0,0,0,0,0,0,0,0,0,36,0,0,0,0,0
2026-04-07T04:13:06.615930,89.534,0,0,0,0,0,0,0,0,0,0,36,0,0,0,0,0
2026-04-07T04:13:07.121259,90.041,0,0,0,0,0,0,0,0,0,0,36,0,0,0,0,0
2026-04-07T04:13:07.626936,90.546,0,0,0,0,0,0,0,0,0,0,36,0,0,0,0,0
2026-04-07T04:13:08.133827,91.052,0,0,0,0,0,0,0,0,0,0,36,0,0,0,0,0
2026-04-07T04:13:08.639899,91.559,0,0,0,0,0,0,0,0,0,0,36,0,0,0,0,0
2026-04-07T04:13:09.146289,92.065,0,0,0,0,0,0,0,0,0,0,36,0,0,0,0,0
2026-04-07T04:13:09.653692,92.571,0,0,0,0,0,0,0,0,0,0,36,0,0,0,0,0
2026-04-07T04:13:10.159133,93.078,0,0,0,0,0,0,0,0,0,0,36,0,0,0,0,0
2026-04-07T04:13:10.664642,93.584,0,0,0,0,0,0,0,0,0,0,36,0,0,0,0,0
2026-04-07T04:13:11.170150,94.089,0,0,0,0,0,0,0,0,0,0,36,0,0,0,0,0
2026-04-07T04:13:11.675688,94.595,0,0,0,0,0,0,0,0,0,0,36,0,0,0,0,0
2026-04-07T04:13:12.180783,95.1,0,0,0,0,0,0,0,0,0,0,36,0,0,0,0,0
2026-04-07T04:13:12.686208,95.606,0,0,0,0,0,0,0,0,0,0,36,0,0,0,0,0
2026-04-07T04:13:13.191621,96.111,0,0,0,0,0,0,0,0,0,0,36,0,0,0,0,0
2026-04-07T04:13:13.697056,96.616,0,0,0,0,0,0,0,0,0,0,36,0,0,0,0,0
2026-04-07T04:13:14.202343,97.122,0,0,0,0,0,0,0,0,0,0,36,0,0,0,0,0
2026-04-07T04:13:14.708029,97.627,0,0,0,0,0,0,0,0,0,0,36,0,0,0,0,0
2026-04-07T04:13:15.213557,98.133,0,0,0,0,0,0,0,0,0,0,36,0,0,0,0,0
2026-04-07T04:13:15.718900,98.638,0,0,0,0,0,0,0,0,0,0,36,0,0,0,0,0
2026-04-07T04:13:16.225004,99.144,0,0,0,0,0,0,0,0,0,0,36,0,0,0,0,0
2026-04-07T04:13:16.730411,99.65,0,0,0,0,0,0,0,0,0,0,36,0,0,0,0,0
2026-04-07T04:13:17.235947,100.155,0,0,0,0,0,0,0,0,0,0,36,0,0,0,0,0
2026-04-07T04:13:17.741806,100.661,0,0,0,0,0,0,0,0,0,0,36,0,0,0,0,0
2026-04-07T04:13:18.248781,101.167,0,0,0,0,0,0,0,0,0,0,36,0,0,0,0,0
2026-04-07T04:13:18.756934,101.674,0,0,0,0,0,0,0,0,0,0,36,0,0,0,0,0
2026-04-07T04:13:19.262742,102.182,0,0,0,0,0,0,0,0,0,0,36,0,768,0,768,0
2026-04-07T04:13:19.768268,102.687,0,0,0,0,0,0,0,0,0,0,36,0,0,0,0,0
2026-04-07T04:13:20.274165,103.193,0,0,0,0,0,0,0,0,0,0,36,0,0,0,0,0
2026-04-07T04:13:20.779566,103.699,0,0,0,0,0,0,0,0,0,0,36,0,0,0,0,0
2026-04-07T04:13:21.284846,104.204,0,0,0,0,0,0,0,0,0,0,36,0,0,0,0,0
2026-04-07T04:13:21.790105,104.71,0,0,0,0,0,0,0,0,0,0,36,0,0,0,0,0
2026-04-07T04:13:22.295332,105.215,0,0,0,0,0,0,0,0,0,0,36,0,0,0,0,0
2026-04-07T04:13:22.800691,105.72,0,0,0,0,0,0,0,0,0,0,36,0,0,0,0,0
2026-04-07T04:13:23.306001,106.225,0,0,0,0,0,0,0,0,0,0,36,0,0,0,0,0
2026-04-07T04:13:23.811300,106.731,0,0,0,0,0,0,0,0,0,0,36,0,0,0,0,0
2026-04-07T04:13:24.316515,107.236,0,0,0,0,0,0,0,0,0,0,36,0,0,0,0,0
2026-04-07T04:13:24.821941,107.741,0,0,0,0,0,0,0,0,0,0,36,0,0,0,0,0
2026-04-07T04:13:25.327442,108.247,0,0,0,0,0,0,0,0,0,0,36,0,0,0,0,0
2026-04-07T04:13:25.832750,108.752,0,0,0,0,0,0,0,0,0,0,36,0,0,0,0,0
2026-04-07T04:13:26.339668,109.257,0,0,0,0,0,0,0,0,0,0,36,0,0,0,0,0
2026-04-07T04:13:26.846803,109.764,0,0,0,0,0,0,0,0,0,0,36,0,0,0,0,0
2026-04-07T04:13:27.352405,110.272,0,0,0,0,0,0,0,0,0,0,36,0,0,0,0,0
2026-04-07T04:13:27.858792,110.777,0,0,0,0,0,0,0,0,0,0,36,0,0,0,0,0
2026-04-07T04:13:28.364753,111.284,0,0,0,0,0,0,0,0,0,0,36,0,0,0,0,0
2026-04-07T04:13:28.870481,111.79,0,0,0,0,0,0,0,0,0,0,36,0,0,0,0,0
2026-04-07T04:13:29.376038,112.295,0,0,0,0,0,0,0,0,0,0,36,0,0,0,0,0
2026-04-07T04:13:29.881848,112.801,0,0,0,0,0,0,0,0,0,0,36,0,0,0,0,0
2026-04-07T04:13:30.388120,113.307,0,0,0,0,0,0,0,0,0,0,36,151720,0,151720,0,0
2026-04-07T04:13:30.893501,113.813,0,0,0,0,0,0,0,0,0,0,36,0,0,0,0,0
2026-04-07T04:13:31.398643,114.318,0,0,0,0,0,0,0,0,0,0,36,0,0,0,0,0
2026-04-07T04:13:31.904714,114.823,0,0,0,0,0,0,0,0,0,0,36,0,0,0,0,0
2026-04-07T04:13:32.410370,115.329,0,0,0,0,0,0,0,0,0,0,36,0,0,0,0,0
2026-04-07T04:13:32.916059,115.835,0,0,0,0,0,0,0,0,0,0,36,0,0,0,0,0
2026-04-07T04:13:33.422229,116.341,0,0,0,0,0,0,0,0,0,0,36,0,0,0,0,0
2026-04-07T04:13:33.927508,116.847,0,0,0,0,0,0,0,0,0,0,36,0,0,0,0,0
2026-04-07T04:13:34.432439,117.352,0,0,0,0,0,0,0,0,0,0,36,0,0,0,0,0
2026-04-07T04:13:34.938235,117.857,0,0,0,0,0,0,0,0,0,0,36,0,0,0,0,0
2026-04-07T04:13:35.444396,118.363,0,0,0,0,0,0,0,0,0,0,36,0,0,0,0,0
2026-04-07T04:13:35.950321,118.869,0,0,0,0,0,0,0,0,0,0,36,0,0,0,0,0
2026-04-07T04:13:36.455779,119.375,0,0,0,0,0,0,0,0,0,0,36,0,0,0,0,0
2026-04-07T04:13:36.961764,119.881,0,0,0,0,0,0,0,0,0,0,36,0,0,0,0,0
2026-04-07T04:13:37.467879,120.387,0,0,0,0,0,0,0,0,0,0,36,0,0,0,0,0
2026-04-07T04:13:37.973644,120.893,0,0,0,0,0,0,0,0,0,0,36,0,0,0,0,0
2026-04-07T04:13:38.479487,121.398,0,0,0,0,0,0,0,0,0,0,36,0,0,0,0,0
2026-04-07T04:13:38.985323,121.904,0,0,0,0,0,0,0,0,0,0,36,0,0,0,0,0
2026-04-07T04:13:39.490626,122.41,0,0,0,0,0,0,0,0,0,0,36,0,0,0,0,0
2026-04-07T04:13:39.996014,122.915,0,0,0,0,0,0,0,0,0,0,36,0,0,0,0,0
2026-04-07T04:13:40.501879,123.421,0,0,0,0,0,0,0,0,0,0,36,0,0,0,0,0
2026-04-07T04:13:41.007357,123.927,0,0,0,0,0,0,0,0,0,0,37,0,0,0,0,0
2026-04-07T04:13:41.512776,124.432,0,0,0,0,0,0,0,0,0,0,37,0,0,0,0,0
2026-04-07T04:13:42.018222,124.938,0,0,0,0,0,0,0,0,0,0,37,0,0,0,0,0
2026-04-07T04:13:42.524102,125.443,0,0,0,0,0,0,0,0,0,0,37,0,0,0,0,0
2026-04-07T04:13:43.029687,125.949,0,0,0,0,0,0,0,0,0,0,37,0,0,0,0,0
2026-04-07T04:13:43.535309,126.454,0,0,0,0,0,0,0,0,0,0,37,0,0,0,0,0
2026-04-07T04:13:44.043017,126.96,0,0,0,0,0,0,0,0,0,0,37,0,0,0,0,0
2026-04-07T04:13:44.549033,127.468,0,0,0,0,0,0,0,0,0,0,37,0,0,0,0,0
2026-04-07T04:13:45.054766,127.974,0,0,0,0,0,0,0,0,0,0,37,0,0,0,0,0
2026-04-07T04:13:45.560123,128.48,0,0,0,0,0,0,0,0,0,0,37,0,768,0,768,0
2026-04-07T04:13:46.065944,128.985,0,0,0,0,0,0,0,0,0,0,36,0,0,0,0,0
2026-04-07T04:13:46.571932,129.491,0,0,0,0,0,0,0,0,0,0,36,0,0,0,0,0
2026-04-07T04:13:47.079094,129.997,0,0,0,0,0,0,0,0,0,0,36,0,0,0,0,0
2026-04-07T04:13:47.585285,130.504,0,0,0,0,0,0,0,0,0,0,36,0,768,0,768,0
2026-04-07T04:13:48.090660,131.01,0,0,0,0,0,0,0,0,0,0,36,0,0,0,0,0
2026-04-07T04:13:48.596168,131.515,0,0,0,0,0,0,0,0,0,0,36,0,0,0,0,0
2026-04-07T04:13:49.101316,132.021,0,0,0,0,0,0,0,0,0,0,36,0,0,0,0,0
2026-04-07T04:13:49.606514,132.526,0,0,0,0,0,0,0,0,0,0,36,0,0,0,0,0
2026-04-07T04:13:50.112038,133.031,0,0,0,0,0,0,0,0,0,0,36,0,0,0,0,0
2026-04-07T04:13:50.617812,133.537,0,0,0,0,0,0,0,0,0,0,36,0,0,0,0,0
2026-04-07T04:13:51.123407,134.042,0,0,0,0,0,0,0,0,0,0,36,0,0,0,0,0
2026-04-07T04:13:51.628962,134.548,0,0,0,0,0,0,0,0,0,0,36,0,0,0,0,0
2026-04-07T04:13:52.134278,135.054,0,0,0,0,0,0,0,0,0,0,36,0,0,0,0,0
2026-04-07T04:13:52.640114,135.559,0,0,0,0,0,0,0,0,0,0,36,0,0,0,0,0
2026-04-07T04:13:53.145510,136.065,0,0,0,0,0,0,0,0,0,0,36,0,0,0,0,0
2026-04-07T04:13:53.650945,136.57,0,0,0,0,0,0,0,0,0,0,36,0,0,0,0,0
2026-04-07T04:13:54.156807,137.076,0,0,0,0,0,0,0,0,0,0,36,0,0,0,0,0
2026-04-07T04:13:54.662464,137.582,0,0,0,0,0,0,0,0,0,0,36,0,0,0,0,0
2026-04-07T04:13:55.168345,138.087,0,0,0,0,0,0,0,0,0,0,36,0,0,0,0,0
2026-04-07T04:13:55.674302,138.593,0,0,0,0,0,0,0,0,0,0,36,0,0,0,0,0
2026-04-07T04:13:56.180443,139.099,0,0,0,0,0,0,0,0,0,0,36,0,0,0,0,0
2026-04-07T04:13:56.686203,139.605,0,0,0,0,0,0,0,0,0,0,36,0,0,0,0,0
2026-04-07T04:13:57.192263,140.111,0,0,0,0,0,0,0,0,0,0,36,0,0,0,0,0
2026-04-07T04:13:57.698105,140.617,0,0,0,0,0,0,0,0,0,0,36,0,768,0,768,0
2026-04-07T04:13:58.203422,141.123,0,0,0,0,0,0,0,0,0,0,36,0,768,0,768,0
2026-04-07T04:13:58.708885,141.628,0,0,0,0,0,0,0,0,0,0,36,0,0,0,0,0
2026-04-07T04:13:59.214308,142.134,0,0,0,0,0,0,0,0,0,0,36,0,0,0,0,0
2026-04-07T04:13:59.719449,142.639,0,0,0,0,0,0,0,0,0,0,36,0,0,0,0,0
2026-04-07T04:14:00.224770,143.144,0,0,0,0,0,0,0,0,0,0,36,0,0,0,0,0
2026-04-07T04:14:00.730386,143.649,0,0,0,0,0,0,0,0,0,0,36,0,0,0,0,0
2026-04-07T04:14:01.235364,144.155,0,0,0,0,0,0,0,0,0,0,36,0,0,0,0,0
2026-04-07T04:14:01.741129,144.66,0,0,0,0,0,0,0,0,0,0,36,0,0,0,0,0
2026-04-07T04:14:02.246596,145.166,0,0,0,0,0,0,0,0,0,0,36,0,0,0,0,0
2026-04-07T04:14:02.751911,145.671,0,0,0,0,0,0,0,0,0,0,36,0,0,0,0,0
2026-04-07T04:14:03.257234,146.177,0,0,0,0,0,0,0,0,0,0,36,0,0,0,0,0
2026-04-07T04:14:03.763323,146.683,0,0,0,0,0,0,0,0,0,0,36,0,0,0,0,0
2026-04-07T04:14:04.268497,147.188,0,0,0,0,0,0,0,0,0,0,36,0,0,0,0,0
2026-04-07T04:14:04.772731,147.693,0,0,0,0,0,0,0,0,0,0,36,0,0,0,0,0
2026-04-07T04:14:05.277527,148.197,0,0,0,0,0,0,0,0,0,0,36,0,0,0,0,0
2026-04-07T04:14:05.782178,148.702,0,0,0,0,0,0,0,0,0,0,36,0,0,0,0,0
2026-04-07T04:14:06.286393,149.207,0,0,0,0,0,0,0,0,0,0,36,0,0,0,0,0
2026-04-07T04:14:06.792448,149.711,0,0,0,0,0,0,0,0,0,0,36,0,0,0,0,0
2026-04-07T04:14:07.298456,150.217,0,0,0,0,0,0,0,0,0,0,36,0,0,0,0,0
2026-04-07T04:14:07.804124,150.723,0,0,0,0,0,0,0,0,0,0,36,0,0,0,0,0
2026-04-07T04:14:08.310330,151.229,0,0,0,0,0,0,0,0,0,0,36,0,0,0,0,0
2026-04-07T04:14:08.816668,151.735,0,0,0,0,0,0,0,0,0,0,36,0,0,0,0,0
2026-04-07T04:14:09.322590,152.241,0,0,0,0,0,0,0,0,0,0,36,0,0,0,0,0
2026-04-07T04:14:09.828384,152.747,0,0,0,0,0,0,0,0,0,0,36,66120,0,66120,0,0
2026-04-07T04:14:10.333707,153.253,0,0,0,0,0,0,0,0,0,0,36,0,0,0,0,0
2026-04-07T04:14:10.840614,153.758,0,0,0,0,0,0,0,0,0,0,36,0,0,0,0,0
2026-04-07T04:14:11.345856,154.265,0,0,0,0,0,0,0,0,0,0,36,0,0,0,0,0
2026-04-07T04:14:11.851569,154.771,0,0,0,0,0,0,0,0,0,0,36,0,0,0,0,0
2026-04-07T04:14:12.357030,155.276,0,0,0,0,0,0,0,0,0,0,36,0,0,0,0,0
2026-04-07T04:14:12.862587,155.782,0,0,0,0,0,0,0,0,0,0,36,0,0,0,0,0
2026-04-07T04:14:13.368200,156.287,0,0,0,0,0,0,0,0,0,0,36,0,0,0,0,0
2026-04-07T04:14:13.873485,156.793,0,0,0,0,0,0,0,0,0,0,36,0,0,0,0,0
2026-04-07T04:14:14.378748,157.298,0,0,0,0,0,0,0,0,0,0,36,0,0,0,0,0
2026-04-07T04:14:14.884384,157.803,0,0,0,0,0,0,0,0,0,0,36,0,0,0,0,0
2026-04-07T04:14:15.390133,158.309,0,0,0,0,0,0,0,0,0,0,36,0,0,0,0,0
2026-04-07T04:14:15.896121,158.815,0,0,0,0,0,0,0,0,0,0,36,0,0,0,0,0
2026-04-07T04:14:16.401848,159.321,0,0,0,0,0,0,0,0,0,0,36,0,0,0,0,0
2026-04-07T04:14:16.907957,159.827,0,0,0,0,0,0,0,0,0,0,36,0,0,0,0,0
2026-04-07T04:14:17.415884,160.333,0,0,0,0,0,0,0,0,0,0,36,0,0,0,0,0
2026-04-07T04:14:17.922370,160.841,0,0,0,0,0,0,0,0,0,0,36,0,0,0,0,0
2026-04-07T04:14:18.427751,161.347,0,0,0,0,0,0,0,0,0,0,36,0,0,0,0,0
2026-04-07T04:14:18.932815,161.852,0,0,0,0,0,0,0,0,0,0,36,0,0,0,0,0
2026-04-07T04:14:19.438333,162.358,0,0,0,0,0,0,0,0,0,0,36,0,0,0,0,0
2026-04-07T04:14:19.943606,162.863,0,0,0,0,0,0,0,0,0,0,36,0,0,0,0,0
2026-04-07T04:14:20.448781,163.368,0,0,0,0,0,0,0,0,0,0,36,0,0,0,0,0
2026-04-07T04:14:20.955401,163.874,0,0,0,0,0,0,0,0,0,0,36,0,0,0,0,0
2026-04-07T04:14:21.460593,164.38,0,0,0,0,0,0,0,0,0,0,36,0,0,0,0,0
2026-04-07T04:14:21.966112,164.885,0,0,0,0,0,0,0,0,0,0,36,0,0,0,0,0
2026-04-07T04:14:22.471336,165.391,0,0,0,0,0,0,0,0,0,0,36,0,0,0,0,0
2026-04-07T04:14:22.977259,165.896,0,0,0,0,0,0,0,0,0,0,36,0,0,0,0,0
2026-04-07T04:14:23.482464,166.402,0,0,0,0,0,0,0,0,0,0,36,0,0,0,0,0
2026-04-07T04:14:23.989129,166.907,0,0,0,0,0,0,0,0,0,0,36,0,0,0,0,0
2026-04-07T04:14:24.494615,167.414,0,0,0,0,0,0,0,0,0,0,36,0,0,0,0,0
2026-04-07T04:14:25.000066,167.919,0,0,0,0,0,0,0,0,0,0,36,0,0,0,0,0
2026-04-07T04:14:25.505569,168.425,0,0,0,0,0,0,0,0,0,0,36,0,0,0,0,0
2026-04-07T04:14:26.011522,168.93,0,0,0,0,0,0,0,0,0,0,36,0,0,0,0,0
2026-04-07T04:14:26.517416,169.436,0,0,0,0,0,0,0,0,0,0,36,0,0,0,0,0
2026-04-07T04:14:27.023286,169.942,0,0,0,0,0,0,0,0,0,0,36,0,0,0,0,0
2026-04-07T04:14:27.529621,170.448,0,0,0,0,0,0,0,0,0,0,36,0,0,0,0,0
2026-04-07T04:14:28.035191,170.954,0,0,0,0,0,0,0,0,0,0,36,0,0,0,0,0
2026-04-07T04:14:28.540548,171.46,0,0,0,0,0,0,0,0,0,0,36,0,768,0,768,0
2026-04-07T04:14:29.046096,171.965,0,0,0,0,0,0,0,0,0,0,36,66120,768,66120,768,0
2026-04-07T04:14:29.551369,172.471,0,0,0,0,0,0,0,0,0,0,36,0,0,0,0,0
2026-04-07T04:14:30.056930,172.976,0,0,0,0,0,0,0,0,0,0,36,0,0,0,0,0
2026-04-07T04:14:30.562495,173.482,0,0,0,0,0,0,0,0,0,0,36,0,0,0,0,0
2026-04-07T04:14:31.067895,173.987,0,0,0,0,0,0,0,0,0,0,36,0,0,0,0,0
2026-04-07T04:14:31.573225,174.493,0,0,0,0,0,0,0,0,0,0,36,0,0,0,0,0
2026-04-07T04:14:32.080321,174.998,0,0,0,0,0,0,0,0,0,0,36,0,0,0,0,0
2026-04-07T04:14:32.586829,175.505,0,0,0,0,0,0,0,0,0,0,36,0,0,0,0,0
2026-04-07T04:14:33.092534,176.012,0,0,0,0,0,0,0,0,0,0,36,0,0,0,0,0
2026-04-07T04:14:33.598059,176.517,0,0,0,0,0,0,0,0,0,0,36,0,0,0,0,0
2026-04-07T04:14:34.103586,177.023,0,0,0,0,0,0,0,0,0,0,36,0,0,0,0,0
2026-04-07T04:14:34.609062,177.528,0,0,0,0,0,0,0,0,0,0,36,0,0,0,0,0
2026-04-07T04:14:35.114551,178.034,0,0,0,0,0,0,0,0,0,0,36,0,0,0,0,0
2026-04-07T04:14:35.620512,178.539,0,0,0,0,0,0,0,0,0,0,36,0,0,0,0,0
2026-04-07T04:14:36.126401,179.045,0,0,0,0,0,0,0,0,0,0,36,0,0,0,0,0
2026-04-07T04:14:36.632753,179.551,0,0,0,0,0,0,0,0,0,0,36,0,0,0,0,0
2026-04-07T04:14:37.139718,180.058,0,0,0,0,0,0,0,0,0,0,36,0,0,0,0,0
2026-04-07T04:14:37.645053,180.564,0,0,0,0,0,0,0,0,0,0,36,66120,768,66120,768,0
2026-04-07T04:14:38.150794,181.07,0,0,0,0,0,0,0,0,0,0,36,66120,0,66120,0,0
2026-04-07T04:14:38.657053,181.576,0,0,0,0,0,0,0,0,0,0,36,0,0,0,0,0
2026-04-07T04:14:39.162929,182.082,0,0,0,0,0,0,0,0,0,0,36,0,0,0,0,0
2026-04-07T04:14:39.668391,182.588,0,0,0,0,0,0,0,0,0,0,36,0,0,0,0,0
2026-04-07T04:14:40.173668,183.093,0,0,0,0,0,0,0,0,0,0,36,0,0,0,0,0
2026-04-07T04:14:40.679255,183.598,0,0,0,0,0,0,0,0,0,0,36,0,0,0,0,0
2026-04-07T04:14:41.184636,184.104,0,0,0,0,0,0,0,0,0,0,36,0,0,0,0,0
2026-04-07T04:14:41.690378,184.609,0,0,0,0,0,0,0,0,0,0,36,0,0,0,0,0
2026-04-07T04:14:42.196267,185.115,0,0,0,0,0,0,0,0,0,0,36,0,0,0,0,0
2026-04-07T04:14:42.701625,185.621,0,0,0,0,0,0,0,0,0,0,36,0,0,0,0,0
2026-04-07T04:14:43.207349,186.126,0,0,0,0,0,0,0,0,0,0,36,0,0,0,0,0
2026-04-07T04:14:43.712759,186.632,0,0,0,0,0,0,0,0,0,0,36,0,0,0,0,0
2026-04-07T04:14:44.218233,187.137,0,0,0,0,0,0,0,0,0,0,36,0,0,0,0,0
2026-04-07T04:14:44.724296,187.643,0,0,0,0,0,0,0,0,0,0,36,0,0,0,0,0
2026-04-07T04:14:45.230441,188.149,0,0,0,0,0,0,0,0,0,0,36,0,0,0,0,0
2026-04-07T04:14:45.739017,188.655,0,0,0,0,0,0,0,0,0,0,36,0,0,0,0,0
2026-04-07T04:14:46.245000,189.164,0,0,0,0,0,0,0,0,0,0,36,0,0,0,0,0
2026-04-07T04:14:46.750925,189.67,0,0,0,0,0,0,0,0,0,0,36,0,0,0,0,0
2026-04-07T04:14:47.256513,190.176,0,0,0,0,0,0,0,0,0,0,36,0,0,0,0,0
2026-04-07T04:14:47.761915,190.681,0,0,0,0,0,0,0,0,0,0,36,0,0,0,0,0
2026-04-07T04:14:48.267529,191.187,0,0,0,0,0,0,0,0,0,0,36,0,0,0,0,0
2026-04-07T04:14:48.773488,191.692,0,0,0,0,0,0,0,0,0,0,36,0,0,0,0,0
2026-04-07T04:14:49.278985,192.198,0,0,0,0,0,0,0,0,0,0,36,0,0,0,0,0
2026-04-07T04:14:49.784817,192.704,0,0,0,0,0,0,0,0,0,0,36,0,0,0,0,0
2026-04-07T04:14:50.290163,193.21,0,0,0,0,0,0,0,0,0,0,36,0,0,0,0,0
2026-04-07T04:14:50.795502,193.715,0,0,0,0,0,0,0,0,0,0,36,0,0,0,0,0
2026-04-07T04:14:51.300700,194.22,0,0,0,0,0,0,0,0,0,0,36,0,0,0,0,0
2026-04-07T04:14:51.806724,194.725,0,0,0,0,0,0,0,0,0,0,36,0,0,0,0,0
2026-04-07T04:14:52.313792,195.231,0,0,0,0,0,0,0,0,0,0,36,0,0,0,0,0
2026-04-07T04:14:52.819311,195.739,0,0,0,0,0,0,0,0,0,0,36,0,0,0,0,0
2026-04-07T04:14:53.324797,196.244,0,0,0,0,0,0,0,0,0,0,36,0,0,0,0,0
2026-04-07T04:14:53.830493,196.75,0,0,0,0,0,0,0,0,0,0,36,0,0,0,0,0
2026-04-07T04:14:54.337505,197.255,0,0,0,0,0,0,0,0,0,0,36,0,0,0,0,0
2026-04-07T04:14:54.843782,197.762,0,0,0,0,0,0,0,0,0,0,36,0,0,0,0,0
2026-04-07T04:14:55.349438,198.268,0,0,0,0,0,0,0,0,0,0,36,0,0,0,0,0
2026-04-07T04:14:55.856332,198.774,0,0,0,0,0,0,0,0,0,0,36,0,0,0,0,0
2026-04-07T04:14:56.362107,199.281,0,0,0,0,0,0,0,0,0,0,36,0,0,0,0,0
2026-04-07T04:14:56.867775,199.787,0,0,0,0,0,0,0,0,0,0,36,0,0,0,0,0
2026-04-07T04:14:57.372821,200.292,0,0,0,0,0,0,0,0,0,0,36,0,0,0,0,0
2026-04-07T04:14:57.878190,200.798,0,0,0,0,0,0,0,0,0,0,36,0,0,0,0,0
2026-04-07T04:14:58.383397,201.303,0,0,0,0,0,0,0,0,0,0,36,0,0,0,0,0
2026-04-07T04:14:58.888690,201.808,0,0,0,0,0,0,0,0,0,0,36,0,0,0,0,0
2026-04-07T04:14:59.393863,202.313,0,0,0,0,0,0,0,0,0,0,36,0,0,0,0,0
2026-04-07T04:14:59.899189,202.819,0,0,0,0,0,0,0,0,0,0,36,0,0,0,0,0
2026-04-07T04:15:00.404670,203.324,0,0,0,0,0,0,0,0,0,0,36,0,0,0,0,0
2026-04-07T04:15:00.911040,203.829,0,0,0,0,0,0,0,0,0,0,36,0,0,0,0,0
2026-04-07T04:15:01.416452,204.336,0,0,0,0,0,0,0,0,0,0,36,0,0,0,0,0
2026-04-07T04:15:01.922123,204.841,0,0,0,0,0,0,0,0,0,0,36,0,0,0,0,0
2026-04-07T04:15:02.427752,205.347,0,0,0,0,0,0,0,0,0,0,36,0,0,0,0,0
2026-04-07T04:15:02.932829,205.852,0,0,0,0,0,0,0,0,0,0,36,0,0,0,0,0
2026-04-07T04:15:03.437997,206.357,0,0,0,0,0,0,0,0,0,0,36,0,0,0,0,0
2026-04-07T04:15:03.943332,206.863,0,0,0,0,0,0,0,0,0,0,36,0,0,0,0,0
2026-04-07T04:15:04.449285,207.368,0,0,0,0,0,0,0,0,0,0,36,0,0,0,0,0
2026-04-07T04:15:04.955786,207.874,0,0,0,0,0,0,0,0,0,0,36,0,0,0,0,0
2026-04-07T04:15:05.465013,208.381,0,0,0,0,0,0,0,0,0,0,36,0,0,0,0,0
2026-04-07T04:15:05.971223,208.89,0,0,0,0,0,0,0,0,0,0,36,0,0,0,0,0
2026-04-07T04:15:06.476629,209.396,0,0,0,0,0,0,0,0,0,0,36,0,0,0,0,0
2026-04-07T04:15:06.981925,209.901,0,0,0,0,0,0,0,0,0,0,36,0,0,0,0,0
2026-04-07T04:15:07.487219,210.407,0,0,0,0,0,0,0,0,0,0,36,0,0,0,0,0
2026-04-07T04:15:07.993089,210.912,0,0,0,0,0,0,0,0,0,0,36,0,0,0,0,0
2026-04-07T04:15:08.498504,211.418,0,0,0,0,0,0,0,0,0,0,36,0,0,0,0,0
2026-04-07T04:15:09.003895,211.923,0,0,0,0,0,0,0,0,0,0,36,0,0,0,0,0
2026-04-07T04:15:09.509208,212.429,0,0,0,0,0,0,0,0,0,0,36,0,0,0,0,0
2026-04-07T04:15:10.014584,212.934,0,0,0,0,0,0,0,0,0,0,36,0,0,0,0,0
2026-04-07T04:15:10.519728,213.439,0,0,0,0,0,0,0,0,0,0,36,0,0,0,0,0
2026-04-07T04:15:11.024898,213.944,0,0,0,0,0,0,0,0,0,0,36,0,0,0,0,0
2026-04-07T04:15:11.530271,214.45,0,0,0,0,0,0,0,0,0,0,36,0,0,0,0,0
2026-04-07T04:15:12.035941,214.955,0,0,0,0,0,0,0,0,0,0,36,0,0,0,0,0
2026-04-07T04:15:12.541386,215.461,0,0,0,0,0,0,0,0,0,0,36,0,0,0,0,0
2026-04-07T04:15:13.046945,215.966,0,0,0,0,0,0,0,0,0,0,36,0,0,0,0,0
2026-04-07T04:15:13.552538,216.472,0,0,0,0,0,0,0,0,0,0,36,0,0,0,0,0
2026-04-07T04:15:14.058405,216.977,0,0,0,0,0,0,0,0,0,0,36,0,0,0,0,0
2026-04-07T04:15:14.564871,217.483,0,0,0,0,0,0,0,0,0,0,36,0,0,0,0,0
2026-04-07T04:15:15.071015,217.99,0,0,0,0,0,0,0,0,0,0,36,0,0,0,0,0
2026-04-07T04:15:15.576614,218.496,0,0,0,0,0,0,0,0,0,0,36,0,0,0,0,0
2026-04-07T04:15:16.082054,219.001,0,0,0,0,0,0,0,0,0,0,36,0,768,0,768,0
2026-04-07T04:15:16.587337,219.507,0,0,0,0,0,0,0,0,0,0,36,0,0,0,0,0
2026-04-07T04:15:17.092681,220.012,0,0,0,0,0,0,0,0,0,0,36,0,0,0,0,0
2026-04-07T04:15:17.598200,220.517,0,0,0,0,0,0,0,0,0,0,36,0,0,0,0,0
2026-04-07T04:15:18.103590,221.023,0,0,0,0,0,0,0,0,0,0,36,0,0,0,0,0
2026-04-07T04:15:18.608708,221.528,0,0,0,0,0,0,0,0,0,0,36,0,0,0,0,0
2026-04-07T04:15:19.113683,222.033,0,0,0,0,0,0,0,0,0,0,36,0,0,0,0,0
2026-04-07T04:15:19.618883,222.538,0,0,0,0,0,0,0,0,0,0,36,0,0,0,0,0
2026-04-07T04:15:20.124096,223.044,0,0,0,0,0,0,0,0,0,0,36,0,0,0,0,0
2026-04-07T04:15:20.631232,223.549,0,0,0,0,0,0,0,0,0,0,36,0,0,0,0,0
2026-04-07T04:15:21.136715,224.056,0,0,0,0,0,0,0,0,0,0,36,0,0,0,0,0
2026-04-07T04:15:21.642274,224.561,0,0,0,0,0,0,0,0,0,0,36,0,0,0,0,0
2026-04-07T04:15:22.147549,225.067,0,0,0,0,0,0,0,0,0,0,36,0,0,0,0,0
2026-04-07T04:15:22.653007,225.572,0,0,0,0,0,0,0,0,0,0,36,0,0,0,0,0
2026-04-07T04:15:23.158523,226.078,0,0,0,0,0,0,0,0,0,0,36,0,0,0,0,0
2026-04-07T04:15:23.665382,226.583,0,0,0,0,0,0,0,0,0,0,36,0,0,0,0,0
2026-04-07T04:15:24.173067,227.09,0,0,0,0,0,0,0,0,0,0,36,0,0,0,0,0
2026-04-07T04:15:24.679000,227.598,0,0,0,0,0,0,0,0,0,0,36,0,0,0,0,0
2026-04-07T04:15:25.185357,228.104,0,0,0,0,0,0,0,0,0,0,36,0,0,0,0,0
2026-04-07T04:15:25.691583,228.61,0,0,0,0,0,0,0,0,0,0,36,0,0,0,0,0
2026-04-07T04:15:26.196881,229.116,0,0,0,0,0,0,0,0,0,0,36,0,0,0,0,0
2026-04-07T04:15:26.702256,229.622,0,0,0,0,0,0,0,0,0,0,36,0,0,0,0,0
2026-04-07T04:15:27.207849,230.127,0,0,0,0,0,0,0,0,0,0,36,0,0,0,0,0
2026-04-07T04:15:27.712785,230.632,0,0,0,0,0,0,0,0,0,0,36,0,0,0,0,0
2026-04-07T04:15:28.218608,231.138,0,0,0,0,0,0,0,0,0,0,36,0,0,0,0,0
2026-04-07T04:15:28.723966,231.643,0,0,0,0,0,0,0,0,0,0,36,0,0,0,0,0
2026-04-07T04:15:29.229417,232.149,0,0,0,0,0,0,0,0,0,0,36,0,0,0,0,0
2026-04-07T04:15:29.734774,232.654,0,0,0,0,0,0,0,0,0,0,36,0,0,0,0,0
2026-04-07T04:15:30.240098,233.16,0,0,0,0,0,0,0,0,0,0,36,0,0,0,0,0
2026-04-07T04:15:30.745160,233.664,0,0,0,0,0,0,0,0,0,0,36,2560,0,1280,0,0
2026-04-07T04:15:31.250264,234.17,0,0,0,0,0,0,0,0,0,0,36,0,0,0,0,0
2026-04-07T04:15:31.755656,234.675,0,0,0,0,0,0,0,0,0,0,36,0,0,0,0,0
2026-04-07T04:15:32.260479,235.18,0,0,0,0,0,0,0,0,0,0,36,0,0,0,0,0
2026-04-07T04:15:32.765435,235.685,0,0,0,0,0,0,0,0,0,0,36,0,0,0,0,0
2026-04-07T04:15:33.270896,236.19,0,0,0,0,0,0,0,0,0,0,36,0,0,0,0,0
2026-04-07T04:15:33.776897,236.696,0,0,0,0,0,0,0,0,0,0,36,0,0,0,0,0
2026-04-07T04:15:34.282297,237.202,0,0,0,0,0,0,0,0,0,0,36,0,0,0,0,0
2026-04-07T04:15:34.789279,237.707,0,0,0,0,0,0,0,0,0,0,36,0,0,0,0,0
2026-04-07T04:15:35.294962,238.214,0,0,0,0,0,0,0,0,0,0,36,0,0,0,0,0
2026-04-07T04:15:35.800537,238.72,0,0,0,0,0,0,0,0,0,0,36,0,0,0,0,0
2026-04-07T04:15:36.306347,239.225,0,0,0,0,0,0,0,0,0,0,36,0,0,0,0,0
2026-04-07T04:15:36.811975,239.731,0,0,0,0,0,0,0,0,0,0,36,264480,0,264480,0,0
2026-04-07T04:15:37.319523,240.237,0,0,0,0,0,0,0,0,0,0,36,0,768,0,768,0
2026-04-07T04:15:37.824191,240.744,0,0,0,0,0,0,0,0,0,0,36,0,0,0,0,0
2026-04-07T04:15:38.329772,241.249,0,0,0,0,0,0,0,0,0,0,36,0,0,0,0,0
2026-04-07T04:15:38.835865,241.755,0,0,0,0,0,0,0,0,0,0,36,0,0,0,0,0
2026-04-07T04:15:39.341205,242.261,0,0,0,0,0,0,0,0,0,0,36,0,0,0,0,0
2026-04-07T04:15:39.847004,242.766,0,0,0,0,0,0,0,0,0,0,36,0,0,0,0,0
2026-04-07T04:15:40.352727,243.272,0,0,0,0,0,0,0,0,0,0,36,0,0,0,0,0
2026-04-07T04:15:40.858501,243.777,0,0,0,0,0,0,0,0,0,0,36,0,0,0,0,0
2026-04-07T04:15:41.363911,244.283,0,0,0,0,0,0,0,0,0,0,36,0,0,0,0,0
2026-04-07T04:15:41.869703,244.789,0,0,0,0,0,0,0,0,0,0,36,0,0,0,0,0
2026-04-07T04:15:42.375009,245.294,0,0,0,0,0,0,0,0,0,0,36,0,0,0,0,0
2026-04-07T04:15:42.880376,245.8,0,0,0,0,0,0,0,0,0,0,36,0,0,0,0,0
2026-04-07T04:15:43.387413,246.305,0,0,0,0,0,0,0,0,0,0,36,0,0,0,0,0
2026-04-07T04:15:43.893070,246.812,0,0,0,0,0,0,0,0,0,0,36,0,0,0,0,0
2026-04-07T04:15:44.398991,247.318,0,0,0,0,0,0,0,0,0,0,36,0,0,0,0,0
2026-04-07T04:15:44.905126,247.824,0,0,0,0,0,0,0,0,0,0,36,0,0,0,0,0
2026-04-07T04:15:45.413123,248.33,0,0,0,0,0,0,0,0,0,0,36,0,0,0,0,0
2026-04-07T04:15:45.918691,248.838,0,0,0,0,0,0,0,0,0,0,36,0,0,0,0,0
2026-04-07T04:15:46.424612,249.343,0,0,0,0,0,0,0,0,0,0,36,0,0,0,0,0
2026-04-07T04:15:46.930019,249.849,0,0,0,0,0,0,0,0,0,0,36,0,0,0,0,0
2026-04-07T04:15:47.435550,250.355,0,0,0,0,0,0,0,0,0,0,36,0,0,0,0,0
2026-04-07T04:15:47.941045,250.86,0,0,0,0,0,0,0,0,0,0,36,0,0,0,0,0
2026-04-07T04:15:48.446663,251.366,0,0,0,0,0,0,0,0,0,0,36,0,0,0,0,0
2026-04-07T04:15:48.952011,251.871,0,0,0,0,0,0,0,0,0,0,36,0,0,0,0,0
2026-04-07T04:15:49.457486,252.377,0,0,0,0,0,0,0,0,0,0,36,0,0,0,0,0
2026-04-07T04:15:49.962554,252.882,0,0,0,0,0,0,0,0,0,0,36,0,0,0,0,0
2026-04-07T04:15:50.468386,253.387,0,0,0,0,0,0,0,0,0,0,36,0,0,0,0,0
2026-04-07T04:15:50.973052,253.893,0,0,0,0,0,0,0,0,0,0,36,0,0,0,0,0
2026-04-07T04:15:51.478808,254.398,0,0,0,0,0,0,0,0,0,0,36,0,0,0,0,0
2026-04-07T04:15:51.984243,254.904,0,0,0,0,0,0,0,0,0,0,36,0,0,0,0,0
2026-04-07T04:15:52.489702,255.409,0,0,0,0,0,0,0,0,0,0,36,0,0,0,0,0
2026-04-07T04:15:52.994320,255.914,0,0,0,0,0,0,0,0,0,0,36,0,0,0,0,0
2026-04-07T04:15:53.500410,256.419,0,0,0,0,0,0,0,0,0,0,36,0,0,0,0,0
2026-04-07T04:15:54.006426,256.925,0,0,0,0,0,0,0,0,0,0,36,0,0,0,0,0
2026-04-07T04:15:54.511554,257.431,0,0,0,0,0,0,0,0,0,0,36,0,0,0,0,0
2026-04-07T04:15:55.016730,257.936,0,0,0,0,0,0,0,0,0,0,36,0,0,0,0,0
2026-04-07T04:15:55.522445,258.442,0,0,0,0,0,0,0,0,0,0,36,0,0,0,0,0
2026-04-07T04:15:56.027172,258.947,0,0,0,0,0,0,0,0,0,0,36,0,0,0,0,0
2026-04-07T04:15:56.531753,259.452,0,0,0,0,0,0,0,0,0,0,36,0,0,0,0,0
2026-04-07T04:15:57.037355,259.956,0,0,0,0,0,0,0,0,0,0,36,66120,1,66120,1,0
2026-04-07T04:15:57.542642,260.462,0,0,0,0,0,0,0,0,0,0,36,0,0,0,0,0
2026-04-07T04:15:58.047388,260.967,0,0,0,0,0,0,0,0,0,0,36,0,0,0,0,0
2026-04-07T04:15:58.552494,261.472,0,0,0,0,0,0,0,0,0,0,36,0,0,0,0,0
2026-04-07T04:15:59.056916,261.977,0,0,0,0,0,0,0,0,0,0,36,0,0,0,0,0
2026-04-07T04:15:59.561183,262.482,0,0,0,0,0,0,0,0,0,0,36,0,0,0,0,0
2026-04-07T04:16:00.065588,262.986,0,0,0,0,0,0,0,0,0,0,36,0,0,0,0,0
2026-04-07T04:16:00.570336,263.49,0,0,0,0,0,0,0,0,0,0,36,0,0,0,0,0
2026-04-07T04:16:01.074625,263.995,0,0,0,0,0,0,0,0,0,0,36,0,0,0,0,0
2026-04-07T04:16:01.579221,264.499,0,0,0,0,0,0,0,0,0,0,36,0,0,0,0,0
2026-04-07T04:16:02.084000,265.004,0,0,0,0,0,0,0,0,0,0,36,0,0,0,0,0
2026-04-07T04:16:02.588699,265.509,0,0,0,0,0,0,0,0,0,0,36,0,0,0,0,0
2026-04-07T04:16:03.093052,266.013,0,0,0,0,0,0,0,0,0,0,36,0,0,0,0,0
2026-04-07T04:16:03.597453,266.518,0,0,0,0,0,0,0,0,0,0,36,0,0,0,0,0
2026-04-07T04:16:04.102504,267.022,0,0,0,0,0,0,0,0,0,0,36,0,0,0,0,0
2026-04-07T04:16:04.607052,267.527,0,0,0,0,0,0,0,0,0,0,36,0,0,0,0,0
2026-04-07T04:16:05.111388,268.032,0,0,0,0,0,0,0,0,0,0,36,0,0,0,0,0
2026-04-07T04:16:05.615755,268.536,0,0,0,0,0,0,0,0,0,0,36,0,0,0,0,0
2026-04-07T04:16:06.120136,269.04,0,0,0,0,0,0,0,0,0,0,36,0,0,0,0,0
2026-04-07T04:16:06.624516,269.545,0,0,0,0,0,0,0,0,0,0,36,0,0,0,0,0
2026-04-07T04:16:07.128965,270.049,0,0,0,0,0,0,0,0,0,0,36,0,0,0,0,0
2026-04-07T04:16:07.633768,270.554,0,0,0,0,0,0,0,0,0,0,36,0,0,0,0,0
2026-04-07T04:16:08.140474,271.059,0,0,0,0,0,0,0,0,0,0,36,0,0,0,0,0
2026-04-07T04:16:08.645117,271.565,0,0,0,0,0,0,0,0,0,0,36,0,0,0,0,0
2026-04-07T04:16:09.149846,272.07,0,0,0,0,0,0,0,0,0,0,36,0,0,0,0,0
2026-04-07T04:16:09.654428,272.575,0,0,0,0,0,0,0,0,0,0,36,0,0,0,0,0
2026-04-07T04:16:10.158815,273.079,0,0,0,0,0,0,0,0,0,0,36,0,0,0,0,0
2026-04-07T04:16:10.663128,273.584,0,0,0,0,0,0,0,0,0,0,36,0,0,0,0,0
2026-04-07T04:16:11.167498,274.088,0,0,0,0,0,0,0,0,0,0,36,0,0,0,0,0
2026-04-07T04:16:11.672840,274.592,0,0,0,0,0,0,0,0,0,0,36,0,0,0,0,0
2026-04-07T04:16:12.177496,275.098,0,0,0,0,0,0,0,0,0,0,36,0,0,0,0,0
2026-04-07T04:16:12.682867,275.602,0,0,0,0,0,0,0,0,0,0,36,0,0,0,0,0
2026-04-07T04:16:13.188905,276.108,0,0,0,0,0,0,0,0,0,0,36,0,0,0,0,0
2026-04-07T04:16:13.694276,276.614,0,0,0,0,0,0,0,0,0,0,36,0,0,0,0,0
2026-04-07T04:16:14.199409,277.119,0,0,0,0,0,0,0,0,0,0,36,0,0,0,0,0
2026-04-07T04:16:14.704453,277.624,0,0,0,0,0,0,0,0,0,0,36,0,0,0,0,0
2026-04-07T04:16:15.210519,278.129,0,0,0,0,0,0,0,0,0,0,36,0,0,0,0,0
2026-04-07T04:16:15.715926,278.635,0,0,0,0,0,0,0,0,0,0,36,0,0,0,0,0
2026-04-07T04:16:16.221389,279.141,0,0,0,0,0,0,0,0,0,0,36,0,0,0,0,0
2026-04-07T04:16:16.725846,279.646,0,0,0,0,0,0,0,0,0,0,36,0,0,0,0,0
2026-04-07T04:16:17.230176,280.151,0,0,0,0,0,0,0,0,0,0,36,0,0,0,0,0
2026-04-07T04:16:17.734488,280.655,0,0,0,0,0,0,0,0,0,0,36,0,0,0,0,0
2026-04-07T04:16:18.239221,281.159,0,0,0,0,0,0,0,0,0,0,36,0,0,0,0,0
2026-04-07T04:16:18.743797,281.664,0,0,0,0,0,0,0,0,0,0,36,0,0,0,0,0
2026-04-07T04:16:19.249433,282.168,0,0,0,0,0,0,0,0,0,0,36,0,0,0,0,0
2026-04-07T04:16:19.754768,282.674,0,0,0,0,0,0,0,0,0,0,36,0,0,0,0,0
2026-04-07T04:16:20.260209,283.179,0,0,0,0,0,0,0,0,0,0,36,0,0,0,0,0
2026-04-07T04:16:20.765641,283.685,0,0,0,0,0,0,0,0,0,0,36,0,0,0,0,0
2026-04-07T04:16:21.271018,284.19,0,0,0,0,0,0,0,0,0,0,36,0,0,0,0,0
2026-04-07T04:16:21.776203,284.696,0,0,0,0,0,0,0,0,0,0,36,0,0,0,0,0
2026-04-07T04:16:22.281602,285.201,0,0,0,0,0,0,0,0,0,0,36,0,0,0,0,0
2026-04-07T04:16:22.786915,285.706,0,0,0,0,0,0,0,0,0,0,36,0,0,0,0,0
2026-04-07T04:16:23.292437,286.212,0,0,0,0,0,0,0,0,0,0,36,0,0,0,0,0
2026-04-07T04:16:23.800553,286.717,0,0,0,0,0,0,0,0,0,0,36,0,0,0,0,0
2026-04-07T04:16:24.306296,287.225,0,0,0,0,0,0,0,0,0,0,36,0,0,0,0,0
2026-04-07T04:16:24.811828,287.731,0,0,0,0,0,0,0,0,0,0,36,0,0,0,0,0
2026-04-07T04:16:25.317023,288.236,0,0,0,0,0,0,0,0,0,0,36,0,0,0,0,0
2026-04-07T04:16:25.823288,288.742,0,0,0,0,0,0,0,0,0,0,36,0,0,0,0,0
2026-04-07T04:16:26.329262,289.248,0,0,0,0,0,0,0,0,0,0,36,0,0,0,0,0
2026-04-07T04:16:26.835216,289.754,0,0,0,0,0,0,0,0,0,0,36,0,0,0,0,0
2026-04-07T04:16:27.341128,290.26,0,0,0,0,0,0,0,0,0,0,36,0,0,0,0,0
2026-04-07T04:16:27.846336,290.766,0,0,0,0,0,0,0,0,0,0,36,0,0,0,0,0
2026-04-07T04:16:28.351556,291.271,0,0,0,0,0,0,0,0,0,0,35,0,0,0,0,0
2026-04-07T04:16:28.856703,291.776,0,0,0,0,0,0,0,0,0,0,35,0,0,0,0,0
2026-04-07T04:16:29.362300,292.281,0,0,0,0,0,0,0,0,0,0,35,0,0,0,0,0
2026-04-07T04:16:29.867589,292.787,0,0,0,0,0,0,0,0,0,0,35,0,0,0,0,0
2026-04-07T04:16:30.374053,293.292,0,0,0,0,0,0,0,0,0,0,35,0,0,0,0,0
2026-04-07T04:16:30.879341,293.799,0,0,0,0,0,0,0,0,0,0,35,0,0,0,0,0
2026-04-07T04:16:31.384700,294.304,0,0,0,0,0,0,0,0,0,0,35,0,0,0,0,0
2026-04-07T04:16:31.890474,294.809,0,0,0,0,0,0,0,0,0,0,35,0,0,0,0,0
2026-04-07T04:16:32.396310,295.315,0,0,0,0,0,0,0,0,0,0,35,0,0,0,0,0
2026-04-07T04:16:32.902084,295.821,0,0,0,0,0,0,0,0,0,0,35,0,0,0,0,0
2026-04-07T04:16:33.407512,296.327,0,0,0,0,0,0,0,0,0,0,35,0,0,0,0,0
2026-04-07T04:16:33.912508,296.832,0,0,0,0,0,0,0,0,0,0,35,0,0,0,0,0
2026-04-07T04:16:34.418069,297.337,0,0,0,0,0,0,0,0,0,0,35,0,0,0,0,0
2026-04-07T04:16:34.923761,297.843,0,0,0,0,0,0,0,0,0,0,35,0,0,0,0,0
2026-04-07T04:16:35.429044,298.348,0,0,0,0,0,0,0,0,0,0,35,0,0,0,0,0
2026-04-07T04:16:35.934418,298.854,0,0,0,0,0,0,0,0,0,0,35,0,0,0,0,0
2026-04-07T04:16:36.440308,299.359,0,0,0,0,0,0,0,0,0,0,35,0,0,0,0,0
2026-04-07T04:16:36.946860,299.865,0,0,0,0,0,0,0,0,0,0,35,0,0,0,0,0
2026-04-07T04:16:37.453378,300.372,0,0,0,0,0,0,0,0,0,0,35,0,0,0,0,0
2026-04-07T04:16:37.959618,300.878,0,0,0,0,0,0,0,0,0,0,35,0,768,0,768,0
2026-04-07T04:16:38.465695,301.384,0,0,0,0,0,0,0,0,0,0,35,0,0,0,0,0
2026-04-07T04:16:38.971302,301.89,0,0,0,0,0,0,0,0,0,0,35,0,0,0,0,0
2026-04-07T04:16:39.476789,302.396,0,0,0,0,0,0,0,0,0,0,35,0,0,0,0,0
2026-04-07T04:16:39.982342,302.902,0,0,0,0,0,0,0,0,0,0,35,0,0,0,0,0
2026-04-07T04:16:40.487987,303.407,0,0,0,0,0,0,0,0,0,0,35,0,0,0,0,0
2026-04-07T04:16:40.993295,303.913,0,0,0,0,0,0,0,0,0,0,35,0,0,0,0,0
2026-04-07T04:16:41.498471,304.418,0,0,0,0,0,0,0,0,0,0,35,0,0,0,0,0
2026-04-07T04:16:42.004344,304.923,0,0,0,0,0,0,0,0,0,0,35,0,0,0,0,0
2026-04-07T04:16:42.509888,305.429,0,0,0,0,0,0,0,0,0,0,35,0,0,0,0,0
2026-04-07T04:16:43.015193,305.935,0,0,0,0,0,0,0,0,0,0,35,0,0,0,0,0
2026-04-07T04:16:43.520363,306.44,0,0,0,0,0,0,0,0,0,0,35,0,0,0,0,0
2026-04-07T04:16:44.025869,306.945,0,0,0,0,0,0,0,0,0,0,35,0,0,0,0,0
2026-04-07T04:16:44.530989,307.451,0,0,0,0,0,0,0,0,0,0,35,0,0,0,0,0
2026-04-07T04:16:45.036426,307.956,0,0,0,0,0,0,0,0,0,0,35,0,0,0,0,0
2026-04-07T04:16:45.542368,308.461,0,0,0,0,0,0,0,0,0,0,35,0,0,0,0,0
2026-04-07T04:16:46.048401,308.967,0,0,0,0,0,0,0,0,0,0,35,0,0,0,0,0
0,0,0,0,0,0,0,35,0,0,0,0,0
2026-04-07T04:12:12.232999,313.86,0,0,0,0,0,0,0,0,0,0,35,0,0,0,0,0
2026-04-07T04:12:12.739339,314.368,0,0,0,0,0,0,0,0,0,0,35,0,0,0,0,0
2026-04-07T04:12:13.245996,314.874,0,0,0,0,0,0,0,0,0,0,35,0,768,0,768,0
2026-04-07T04:12:13.751384,315.381,0,0,0,0,0,0,0,0,0,0,35,0,0,0,0,0
2026-04-07T04:12:14.256757,315.886,0,0,0,0,0,0,0,0,0,0,35,0,0,0,0,0
2026-04-07T04:12:14.762346,316.391,0,0,0,0,0,0,0,0,0,0,35,0,0,0,0,0
2026-04-07T04:12:15.268155,316.897,0,0,0,0,0,0,0,0,0,0,35,0,0,0,0,0
2026-04-07T04:12:15.773720,317.403,0,0,0,0,0,0,0,0,0,0,35,0,0,0,0,0
2026-04-07T04:12:16.279150,317.908,0,0,0,0,0,0,0,0,0,0,35,0,0,0,0,0
2026-04-07T04:12:16.786258,318.414,0,0,0,0,0,0,0,0,0,0,35,0,0,0,0,0
2026-04-07T04:12:17.291312,318.921,0,0,0,0,0,0,0,0,0,0,35,0,0,0,0,0
2026-04-07T04:12:17.796601,319.426,0,0,0,0,0,0,0,0,0,0,35,0,0,0,0,0
2026-04-07T04:12:18.302677,319.931,0,0,0,0,0,0,0,0,0,0,35,0,1536,0,1536,0
2026-04-07T04:12:18.808177,320.437,0,0,0,0,0,0,0,0,0,0,35,0,0,0,0,0
2026-04-07T04:12:19.314078,320.943,0,0,0,0,0,0,0,0,0,0,35,0,0,0,0,0
2026-04-07T04:12:19.819488,321.449,0,0,0,0,0,0,0,0,0,0,35,0,0,0,0,0
2026-04-07T04:12:20.324814,321.954,0,0,0,0,0,0,0,0,0,0,35,0,0,0,0,0
2026-04-07T04:12:20.831158,322.46,0,0,0,0,0,0,0,0,0,0,35,0,0,0,0,0
2026-04-07T04:12:21.337664,322.966,0,0,0,0,0,0,0,0,0,0,35,0,0,0,0,0
2026-04-07T04:12:21.843812,323.472,0,0,0,0,0,0,0,0,0,0,35,0,0,0,0,0
2026-04-07T04:12:22.348690,323.978,0,0,0,0,0,0,0,0,0,0,35,0,0,0,0,0
2026-04-07T04:12:22.854262,324.483,0,0,0,0,0,0,0,0,0,0,35,0,0,0,0,0
2026-04-07T04:12:23.360184,324.989,0,0,0,0,0,0,0,0,0,0,35,0,0,0,0,0
2026-04-07T04:12:23.865420,325.495,0,0,0,0,0,0,0,0,0,0,35,0,0,0,0,0
2026-04-07T04:12:24.370733,326.0,0,0,0,0,0,0,0,0,0,0,35,0,0,0,0,0
2026-04-07T04:12:24.876087,326.505,0,0,0,0,0,0,0,0,0,0,35,0,0,0,0,0
2026-04-07T04:12:25.381456,327.011,0,0,0,0,0,0,0,0,0,0,35,0,0,0,0,0
2026-04-07T04:12:25.886619,327.516,0,0,0,0,0,0,0,0,0,0,35,0,0,0,0,0
2026-04-07T04:12:26.392096,328.021,0,0,0,0,0,0,0,0,0,0,35,0,0,0,0,0
2026-04-07T04:12:26.897594,328.527,0,0,0,0,0,0,0,0,0,0,35,0,0,0,0,0
2026-04-07T04:12:27.402809,329.032,0,0,0,0,0,0,0,0,0,0,35,0,0,0,0,0
2026-04-07T04:12:27.908275,329.538,0,0,0,0,0,0,0,0,0,0,35,0,0,0,0,0
2026-04-07T04:12:28.413864,330.043,0,0,0,0,0,0,0,0,0,0,35,0,0,0,0,0
2026-04-07T04:12:28.919670,330.549,0,0,0,0,0,0,0,0,0,0,35,0,0,0,0,0
2026-04-07T04:12:29.424927,331.054,0,0,0,0,0,0,0,0,0,0,35,0,0,0,0,0
2026-04-07T04:12:29.930209,331.56,0,0,0,0,0,0,0,0,0,0,35,0,0,0,0,0
2026-04-07T04:12:30.436131,332.065,0,0,0,0,0,0,0,0,0,0,35,0,0,0,0,0
2026-04-07T04:12:30.942238,332.571,0,0,0,0,0,0,0,0,0,0,35,0,0,0,0,0
2026-04-07T04:12:31.448788,333.077,0,0,0,0,0,0,0,0,0,0,35,0,0,0,0,0
2026-04-07T04:12:31.954783,333.584,0,0,0,0,0,0,0,0,0,0,35,0,0,0,0,0
2026-04-07T04:12:32.461065,334.09,0,0,0,0,0,0,0,0,0,0,35,0,0,0,0,0
2026-04-07T04:12:32.966577,334.596,0,0,0,0,0,0,0,0,0,0,35,0,0,0,0,0
2026-04-07T04:12:33.472108,335.101,0,0,0,0,0,0,0,0,0,0,35,0,0,0,0,0
2026-04-07T04:12:33.979256,335.607,0,0,0,0,0,0,0,0,0,0,35,0,0,0,0,0
2026-04-07T04:12:34.485074,336.114,0,0,0,0,0,0,0,0,0,0,35,0,0,0,0,0
2026-04-07T04:12:34.990533,336.62,0,0,0,0,0,0,0,0,0,0,35,0,0,0,0,0
2026-04-07T04:12:35.495847,337.125,0,0,0,0,0,0,0,0,0,0,35,0,0,0,0,0
2026-04-07T04:12:36.000869,337.63,0,0,0,0,0,0,0,0,0,0,35,0,0,0,0,0
2026-04-07T04:12:36.505626,338.135,0,0,0,0,0,0,0,0,0,0,35,0,0,0,0,0
2026-04-07T04:12:37.010773,338.64,0,0,0,0,0,0,0,0,0,0,35,0,0,0,0,0
2026-04-07T04:12:37.516345,339.146,0,0,0,0,0,0,0,0,0,0,35,0,0,0,0,0
2026-04-07T04:12:38.021722,339.651,0,0,0,0,0,0,0,0,0,0,35,0,0,0,0,0
2026-04-07T04:12:38.527122,340.156,0,0,0,0,0,0,0,0,0,0,35,0,0,0,0,0
2026-04-07T04:12:39.032418,340.662,0,0,0,0,0,0,0,0,0,0,35,0,0,0,0,0
2026-04-07T04:12:39.538323,341.167,0,0,0,0,0,0,0,0,0,0,35,0,0,0,0,0
2026-04-07T04:12:40.043505,341.673,0,0,0,0,0,0,0,0,0,0,35,0,0,0,0,0
2026-04-07T04:12:40.548914,342.178,0,0,0,0,0,0,0,0,0,0,35,0,0,0,0,0
2026-04-07T04:12:41.054402,342.684,0,0,0,0,0,0,0,0,0,0,35,0,0,0,0,0
2026-04-07T04:12:41.560502,343.189,0,0,0,0,0,0,0,0,0,0,35,0,0,0,0,0
2026-04-07T04:12:42.066639,343.695,0,0,0,0,0,0,0,0,0,0,35,0,0,0,0,0
2026-04-07T04:12:42.572780,344.201,0,0,0,0,0,0,0,0,0,0,35,0,0,0,0,0
2026-04-07T04:12:43.078712,344.708,0,0,0,0,0,0,0,0,0,0,35,0,0,0,0,0
2026-04-07T04:12:43.583872,345.213,0,0,0,0,0,0,0,0,0,0,35,0,0,0,0,0
2026-04-07T04:12:44.089174,345.719,0,0,0,0,0,0,0,0,0,0,35,0,0,0,0,0
2026-04-07T04:12:44.595896,346.224,0,0,0,0,0,0,0,0,0,0,35,0,0,0,0,0
2026-04-07T04:12:45.101079,346.731,0,0,0,0,0,0,0,0,0,0,35,0,0,0,0,0
2026-04-07T04:12:45.606511,347.236,0,0,0,0,0,0,0,0,0,0,35,0,0,0,0,0
2026-04-07T04:12:46.111800,347.741,0,0,0,0,0,0,0,0,0,0,35,0,0,0,0,0
2026-04-07T04:12:46.617106,348.246,0,0,0,0,0,0,0,0,0,0,35,0,0,0,0,0
2026-04-07T04:12:47.122633,348.752,0,0,0,0,0,0,0,0,0,0,35,0,0,0,0,0
2026-04-07T04:12:47.628383,349.257,0,0,0,0,0,0,0,0,0,0,35,0,0,0,0,0
2026-04-07T04:12:48.134063,349.763,0,0,0,0,0,0,0,0,0,0,35,0,0,0,0,0
2026-04-07T04:12:48.639597,350.269,0,0,0,0,0,0,0,0,0,0,35,0,0,0,0,0
2026-04-07T04:12:49.144911,350.774,0,0,0,0,0,0,0,0,0,0,35,0,0,0,0,0
2026-04-07T04:12:49.650136,351.28,0,0,0,0,0,0,0,0,0,0,35,0,0,0,0,0
2026-04-07T04:12:50.156276,351.785,0,0,0,0,0,0,0,0,0,0,35,0,0,0,0,0
2026-04-07T04:12:50.661359,352.291,0,0,0,0,0,0,0,0,0,0,35,0,0,0,0,0
2026-04-07T04:12:51.166706,352.796,0,0,0,0,0,0,0,0,0,0,35,0,0,0,0,0
2026-04-07T04:12:51.672791,353.301,0,0,0,0,0,0,0,0,0,0,35,0,0,0,0,0
2026-04-07T04:12:52.179068,353.808,0,0,0,0,0,0,0,0,0,0,35,0,0,0,0,0
2026-04-07T04:12:52.685067,354.314,0,0,0,0,0,0,0,0,0,0,35,0,0,0,0,0
2026-04-07T04:12:53.192979,354.82,0,0,0,0,0,0,0,0,0,0,35,66120,66120,66120,66120,0
2026-04-07T04:12:53.699660,355.328,0,0,0,0,0,0,0,0,0,0,35,0,0,0,0,0
2026-04-07T04:12:54.204990,355.834,0,0,0,0,0,0,0,0,0,0,35,0,0,0,0,0
2026-04-07T04:12:54.710762,356.34,0,0,0,0,0,0,0,0,0,0,35,0,0,0,0,0
2026-04-07T04:12:55.216176,356.845,0,0,0,0,0,0,0,0,0,0,35,0,0,0,0,0
2026-04-07T04:12:55.721519,357.351,0,0,0,0,0,0,0,0,0,0,35,0,0,0,0,0
2026-04-07T04:12:56.226922,357.856,0,0,0,0,0,0,0,0,0,0,35,0,0,0,0,0
2026-04-07T04:12:56.732830,358.362,0,0,0,0,0,0,0,0,0,0,35,0,0,0,0,0
2026-04-07T04:12:57.237945,358.868,0,0,0,0,0,0,0,0,0,0,35,0,0,0,0,0
2026-04-07T04:12:57.742864,359.372,0,0,0,0,0,0,0,0,0,0,35,0,0,0,0,0
2026-04-07T04:12:58.248456,359.878,0,0,0,0,0,0,0,0,0,0,35,0,0,0,0,0
2026-04-07T04:12:58.754801,360.383,0,0,0,0,0,0,0,0,0,0,35,0,0,0,0,0
2026-04-07T04:12:59.260139,360.889,0,0,0,0,0,0,0,0,0,0,35,0,0,0,0,0
2026-04-07T04:12:59.765787,361.395,0,0,0,0,0,0,0,0,0,0,35,0,0,0,0,0
2026-04-07T04:13:00.271222,361.901,0,0,0,0,0,0,0,0,0,0,35,0,0,0,0,0
2026-04-07T04:13:00.776698,362.406,0,0,0,0,0,0,0,0,0,0,35,0,0,0,0,0
2026-04-07T04:13:01.282561,362.911,0,0,0,0,0,0,0,0,0,0,35,0,0,0,0,0
2026-04-07T04:13:01.788255,363.417,0,0,0,0,0,0,0,0,0,0,35,0,0,0,0,0
2026-04-07T04:13:02.294513,363.923,0,0,0,0,0,0,0,0,0,0,35,0,0,0,0,0
2026-04-07T04:13:02.800321,364.429,0,0,0,0,0,0,0,0,0,0,35,0,0,0,0,0
2026-04-07T04:13:03.305636,364.935,0,0,0,0,0,0,0,0,0,0,35,0,0,0,0,0
2026-04-07T04:13:03.810770,365.44,0,0,0,0,0,0,0,0,0,0,35,0,0,0,0,0
2026-04-07T04:13:04.316020,365.945,0,0,0,0,0,0,0,0,0,0,35,0,0,0,0,0
2026-04-07T04:13:04.821469,366.451,0,0,0,0,0,0,0,0,0,0,36,0,0,0,0,0
2026-04-07T04:13:05.326711,366.956,0,0,0,0,0,0,0,0,0,0,36,0,0,0,0,0
2026-04-07T04:13:05.832026,367.461,0,0,0,0,0,0,0,0,0,0,36,0,0,0,0,0
2026-04-07T04:13:06.337610,367.967,0,0,0,0,0,0,0,0,0,0,36,0,0,0,0,0
2026-04-07T04:13:06.842988,368.472,0,0,0,0,0,0,0,0,0,0,36,0,0,0,0,0
2026-04-07T04:13:07.348811,368.978,0,0,0,0,0,0,0,0,0,0,36,0,0,0,0,0
2026-04-07T04:13:07.854333,369.483,0,0,0,0,0,0,0,0,0,0,36,0,0,0,0,0
2026-04-07T04:13:08.359909,369.989,0,0,0,0,0,0,0,0,0,0,36,0,0,0,0,0
2026-04-07T04:13:08.865377,370.495,0,0,0,0,0,0,0,0,0,0,36,0,0,0,0,0
2026-04-07T04:13:09.370835,371.0,0,0,0,0,0,0,0,0,0,0,36,0,0,0,0,0
2026-04-07T04:13:09.876132,371.506,0,0,0,0,0,0,0,0,0,0,36,0,0,0,0,0
2026-04-07T04:13:10.383166,372.011,0,0,0,0,0,0,0,0,0,0,36,0,0,0,0,0
2026-04-07T04:13:10.888704,372.518,0,0,0,0,0,0,0,0,0,0,36,0,0,0,0,0
2026-04-07T04:13:11.394404,373.023,0,0,0,0,0,0,0,0,0,0,36,0,0,0,0,0
2026-04-07T04:13:11.900867,373.529,0,0,0,0,0,0,0,0,0,0,36,0,0,0,0,0
2026-04-07T04:13:12.406865,374.036,0,0,0,0,0,0,0,0,0,0,36,0,0,0,0,0
2026-04-07T04:13:12.912726,374.542,0,0,0,0,0,0,0,0,0,0,36,0,0,0,0,0
2026-04-07T04:13:13.418074,375.047,0,0,0,0,0,0,0,0,0,0,36,66120,0,66120,0,0
2026-04-07T04:13:13.923492,375.553,0,0,0,0,0,0,0,0,0,0,36,0,0,0,0,0
2026-04-07T04:13:14.428579,376.058,0,0,0,0,0,0,0,0,0,0,36,0,0,0,0,0
2026-04-07T04:13:14.934030,376.563,0,0,0,0,0,0,0,0,0,0,36,0,0,0,0,0
2026-04-07T04:13:15.440584,377.069,0,0,0,0,0,0,0,0,0,0,36,0,0,0,0,0
2026-04-07T04:13:15.946754,377.575,0,0,0,0,0,0,0,0,0,0,36,0,0,0,0,0
2026-04-07T04:13:16.451920,378.081,0,0,0,0,0,0,0,0,0,0,36,0,0,0,0,0
2026-04-07T04:13:16.957949,378.587,0,0,0,0,0,0,0,0,0,0,36,0,0,0,0,0
2026-04-07T04:13:17.464615,379.093,0,0,0,0,0,0,0,0,0,0,36,0,0,0,0,0
2026-04-07T04:13:17.969828,379.599,0,0,0,0,0,0,0,0,0,0,36,0,0,0,0,0
2026-04-07T04:13:18.475289,380.105,0,0,0,0,0,0,0,0,0,0,36,0,0,0,0,0
2026-04-07T04:13:18.980702,380.61,0,0,0,0,0,0,0,0,0,0,36,0,0,0,0,0
2026-04-07T04:13:19.486285,381.115,0,0,0,0,0,0,0,0,0,0,36,0,0,0,0,0
2026-04-07T04:13:19.991653,381.621,0,0,0,0,0,0,0,0,0,0,36,0,0,0,0,0
2026-04-07T04:13:20.497225,382.126,0,0,0,0,0,0,0,0,0,0,36,0,0,0,0,0
2026-04-07T04:13:21.003113,382.632,0,0,0,0,0,0,0,0,0,0,36,0,0,0,0,0
2026-04-07T04:13:21.509034,383.138,0,0,0,0,0,0,0,0,0,0,36,0,0,0,0,0
2026-04-07T04:13:22.015052,383.644,0,0,0,0,0,0,0,0,0,0,36,0,0,0,0,0
2026-04-07T04:13:22.520786,384.15,0,0,0,0,0,0,0,0,0,0,36,0,0,0,0,0
2026-04-07T04:13:23.026103,384.655,0,0,0,0,0,0,0,0,0,0,36,0,768,0,768,0
2026-04-07T04:13:23.531346,385.161,0,0,0,0,0,0,0,0,0,0,36,0,0,0,0,0
2026-04-07T04:13:24.038001,385.666,0,0,0,0,0,0,0,0,0,0,36,0,0,0,0,0
2026-04-07T04:13:24.543541,386.173,0,0,0,0,0,0,0,0,0,0,36,0,0,0,0,0
2026-04-07T04:13:25.049061,386.678,0,0,0,0,0,0,0,0,0,0,36,0,0,0,0,0
2026-04-07T04:13:25.555305,387.184,0,0,0,0,0,0,0,0,0,0,36,0,0,0,0,0
2026-04-07T04:13:26.060588,387.69,0,0,0,0,0,0,0,0,0,0,36,0,0,0,0,0
2026-04-07T04:13:26.566065,388.195,0,0,0,0,0,0,0,0,0,0,36,0,0,0,0,0
2026-04-07T04:13:27.071314,388.701,0,0,0,0,0,0,0,0,0,0,36,0,0,0,0,0
2026-04-07T04:13:27.576951,389.206,0,0,0,0,0,0,0,0,0,0,36,0,0,0,0,0
2026-04-07T04:13:28.082252,389.712,0,0,0,0,0,0,0,0,0,0,36,0,0,0,0,0
2026-04-07T04:13:28.587737,390.217,0,0,0,0,0,0,0,0,0,0,36,0,0,0,0,0
2026-04-07T04:13:29.093275,390.722,0,0,0,0,0,0,0,0,0,0,36,0,0,0,0,0
2026-04-07T04:13:29.599537,391.228,0,0,0,0,0,0,0,0,0,0,36,0,0,0,0,0
2026-04-07T04:13:30.105238,391.734,0,0,0,0,0,0,0,0,0,0,36,0,0,0,0,0
2026-04-07T04:13:30.611358,392.24,0,0,0,0,0,0,0,0,0,0,36,0,0,0,0,0
2026-04-07T04:13:31.117669,392.746,0,0,0,0,0,0,0,0,0,0,36,0,0,0,0,0
2026-04-07T04:13:31.623540,393.252,0,0,0,0,0,0,0,0,0,0,36,0,0,0,0,0
2026-04-07T04:13:32.129800,393.758,0,0,0,0,0,0,0,0,0,0,36,0,0,0,0,0
2026-04-07T04:13:32.636695,394.265,0,0,0,0,0,0,0,0,0,0,36,264480,0,264480,0,0
2026-04-07T04:13:33.142037,394.771,0,0,0,0,0,0,0,0,0,0,36,0,0,0,0,0
2026-04-07T04:13:33.647628,395.277,0,0,0,0,0,0,0,0,0,0,36,0,0,0,0,0
2026-04-07T04:13:34.152731,395.782,0,0,0,0,0,0,0,0,0,0,36,0,0,0,0,0
2026-04-07T04:13:34.657883,396.287,0,0,0,0,0,0,0,0,0,0,36,0,0,0,0,0
2026-04-07T04:13:35.163067,396.793,0,0,0,0,0,0,0,0,0,0,36,0,0,0,0,0
2026-04-07T04:13:35.668351,397.298,0,0,0,0,0,0,0,0,0,0,36,0,0,0,0,0
2026-04-07T04:13:36.173645,397.803,0,0,0,0,0,0,0,0,0,0,36,0,0,0,0,0
2026-04-07T04:13:36.678767,398.308,0,0,0,0,0,0,0,0,0,0,36,0,0,0,0,0
2026-04-07T04:13:37.184673,398.813,0,0,0,0,0,0,0,0,0,0,36,0,0,0,0,0
2026-04-07T04:13:37.689892,399.319,0,0,0,0,0,0,0,0,0,0,36,0,0,0,0,0
2026-04-07T04:13:38.195088,399.825,0,0,0,0,0,0,0,0,0,0,36,0,0,0,0,0
2026-04-07T04:13:38.700383,400.33,0,0,0,0,0,0,0,0,0,0,36,0,0,0,0,0
2026-04-07T04:13:39.205926,400.835,0,0,0,0,0,0,0,0,0,0,36,0,0,0,0,0
2026-04-07T04:13:39.711250,401.341,0,0,0,0,0,0,0,0,0,0,36,0,0,0,0,0
2026-04-07T04:13:40.216743,401.846,0,0,0,0,0,0,0,0,0,0,36,0,0,0,0,0
2026-04-07T04:13:40.722069,402.351,0,0,0,0,0,0,0,0,0,0,37,0,0,0,0,0
2026-04-07T04:13:41.227801,402.857,0,0,0,0,0,0,0,0,0,0,37,0,0,0,0,0
2026-04-07T04:13:41.733889,403.363,0,0,0,0,0,0,0,0,0,0,37,0,0,0,0,0
2026-04-07T04:13:42.240728,403.869,0,0,0,0,0,0,0,0,0,0,37,0,0,0,0,0
2026-04-07T04:13:42.750522,404.375,0,0,0,0,0,0,0,0,0,0,37,0,0,0,0,0
2026-04-07T04:13:43.256692,404.885,0,0,0,0,0,0,0,0,0,0,37,0,0,0,0,0
2026-04-07T04:13:43.761952,405.391,0,0,0,0,0,0,0,0,0,0,37,0,0,0,0,0
2026-04-07T04:13:44.267596,405.897,0,0,0,0,0,0,0,0,0,0,37,0,0,0,0,0
2026-04-07T04:13:44.772744,406.402,0,0,0,0,0,0,0,0,0,0,37,0,0,0,0,0
2026-04-07T04:13:45.278565,406.907,0,0,0,0,0,0,0,0,0,0,37,0,0,0,0,0
2026-04-07T04:13:45.784050,407.413,0,0,0,0,0,0,0,0,0,0,37,0,0,0,0,0
2026-04-07T04:13:46.289932,407.919,0,0,0,0,0,0,0,0,0,0,36,0,0,0,0,0
2026-04-07T04:13:46.795410,408.425,0,0,0,0,0,0,0,0,0,0,36,0,0,0,0,0
2026-04-07T04:13:47.301123,408.93,0,0,0,0,0,0,0,0,0,0,36,0,0,0,0,0
2026-04-07T04:13:47.807091,409.436,0,0,0,0,0,0,0,0,0,0,36,0,0,0,0,0
2026-04-07T04:13:48.312518,409.942,0,0,0,0,0,0,0,0,0,0,36,0,0,0,0,0
2026-04-07T04:13:48.818023,410.447,0,0,0,0,0,0,0,0,0,0,36,0,0,0,0,0
2026-04-07T04:13:49.323364,410.953,0,0,0,0,0,0,0,0,0,0,36,0,0,0,0,0
2026-04-07T04:13:49.828874,411.458,0,0,0,0,0,0,0,0,0,0,36,0,0,0,0,0
2026-04-07T04:13:50.334672,411.964,0,0,0,0,0,0,0,0,0,0,36,0,0,0,0,0
2026-04-07T04:13:50.843595,412.469,0,0,0,0,0,0,0,0,0,0,36,0,0,0,0,0
2026-04-07T04:13:51.349660,412.978,0,0,0,0,0,0,0,0,0,0,36,264480,0,264480,0,0
2026-04-07T04:13:51.854936,413.484,0,0,0,0,0,0,0,0,0,0,36,0,0,0,0,0
2026-04-07T04:13:52.360106,413.99,0,0,0,0,0,0,0,0,0,0,36,0,0,0,0,0
2026-04-07T04:13:52.868379,414.495,0,0,0,0,0,0,0,0,0,0,36,0,0,0,0,0
2026-04-07T04:13:53.373188,415.003,0,0,0,0,0,0,0,0,0,0,36,0,0,0,0,0
2026-04-07T04:13:53.879014,415.508,0,0,0,0,0,0,0,0,0,0,36,0,0,0,0,0
2026-04-07T04:13:54.384001,416.014,0,0,0,0,0,0,0,0,0,0,36,768,0,768,0,0
2026-04-07T04:13:54.889056,416.519,0,0,0,0,0,0,0,0,0,0,36,0,0,0,0,0
2026-04-07T04:13:55.394731,417.024,0,0,0,0,0,0,0,0,0,0,36,0,0,0,0,0
2026-04-07T04:13:55.900554,417.529,0,0,0,0,0,0,0,0,0,0,36,0,0,0,0,0
2026-04-07T04:13:56.405988,418.035,0,0,0,0,0,0,0,0,0,0,36,0,0,0,0,0
2026-04-07T04:13:56.911647,418.541,0,0,0,0,0,0,0,0,0,0,36,0,0,0,0,0
2026-04-07T04:13:57.417227,419.046,0,0,0,0,0,0,0,0,0,0,36,0,0,0,0,0
2026-04-07T04:13:57.923909,419.552,0,0,0,0,0,0,0,0,0,0,36,0,0,0,0,0
2026-04-07T04:13:58.429627,420.059,0,0,0,0,0,0,0,0,0,0,36,0,0,0,0,0
2026-04-07T04:13:58.936016,420.564,0,0,0,0,0,0,0,0,0,0,36,0,0,0,0,0
2026-04-07T04:13:59.442716,421.071,0,0,0,0,0,0,0,0,0,0,36,0,0,0,0,0
2026-04-07T04:13:59.948339,421.577,0,0,0,0,0,0,0,0,0,0,36,66120,0,66120,0,0
2026-04-07T04:14:00.453761,422.083,0,0,0,0,0,0,0,0,0,0,36,0,0,0,0,0
2026-04-07T04:14:00.959459,422.589,0,0,0,0,0,0,0,0,0,0,36,66120,0,66120,0,0
2026-04-07T04:14:01.464701,423.094,0,0,0,0,0,0,0,0,0,0,36,0,0,0,0,0
2026-04-07T04:14:01.970141,423.599,0,0,0,0,0,0,0,0,0,0,36,0,0,0,0,0
2026-04-07T04:14:02.475701,424.105,0,0,0,0,0,0,0,0,0,0,36,0,0,0,0,0
2026-04-07T04:14:02.980998,424.61,0,0,0,0,0,0,0,0,0,0,36,0,0,0,0,0
2026-04-07T04:14:03.486269,425.116,0,0,0,0,0,0,0,0,0,0,36,0,0,0,0,0
2026-04-07T04:14:03.992163,425.621,0,0,0,0,0,0,0,0,0,0,36,0,0,0,0,0
2026-04-07T04:14:04.498185,426.127,0,0,0,0,0,0,0,0,0,0,36,0,0,0,0,0
2026-04-07T04:14:05.002619,426.633,0,0,0,0,0,0,0,0,0,0,36,0,0,0,0,0
2026-04-07T04:14:05.507553,427.137,0,0,0,0,0,0,0,0,0,0,36,0,0,0,0,0
2026-04-07T04:14:06.011935,427.642,0,0,0,0,0,0,0,0,0,0,36,0,0,0,0,0
2026-04-07T04:14:06.516291,428.147,0,0,0,0,0,0,0,0,0,0,36,0,0,0,0,0
2026-04-07T04:14:07.021577,428.651,0,0,0,0,0,0,0,0,0,0,36,0,0,0,0,0
2026-04-07T04:14:07.528047,429.156,0,0,0,0,0,0,0,0,0,0,36,0,0,0,0,0
2026-04-07T04:14:08.033654,429.663,0,0,0,0,0,0,0,0,0,0,36,0,0,0,0,0
2026-04-07T04:14:08.539070,430.168,0,0,0,0,0,0,0,0,0,0,36,0,0,0,0,0
2026-04-07T04:14:09.044801,430.674,0,0,0,0,0,0,0,0,0,0,36,0,0,0,0,0
2026-04-07T04:14:09.551213,431.18,0,0,0,0,0,0,0,0,0,0,36,0,0,0,0,0
2026-04-07T04:14:10.058183,431.686,0,0,0,0,0,0,0,0,0,0,36,0,0,0,0,0
2026-04-07T04:14:10.564580,432.193,0,0,0,0,0,0,0,0,0,0,36,0,0,0,0,0
2026-04-07T04:14:11.070891,432.699,0,0,0,0,0,0,0,0,0,0,36,0,0,0,0,0
2026-04-07T04:14:11.576587,433.206,0,0,0,0,0,0,0,0,0,0,36,0,0,0,0,0
2026-04-07T04:14:12.081885,433.711,0,0,0,0,0,0,0,0,0,0,36,0,0,0,0,0
2026-04-07T04:14:12.587061,434.217,0,0,0,0,0,0,0,0,0,0,36,0,0,0,0,0
2026-04-07T04:14:13.092388,434.722,0,0,0,0,0,0,0,0,0,0,36,0,0,0,0,0
2026-04-07T04:14:13.597579,435.227,0,0,0,0,0,0,0,0,0,0,36,0,0,0,0,0
2026-04-07T04:14:14.103176,435.732,0,0,0,0,0,0,0,0,0,0,36,0,0,0,0,0
2026-04-07T04:14:14.608570,436.238,0,0,0,0,0,0,0,0,0,0,36,0,0,0,0,0
2026-04-07T04:14:15.113795,436.743,0,0,0,0,0,0,0,0,0,0,36,0,0,0,0,0
2026-04-07T04:14:15.619058,437.248,0,0,0,0,0,0,0,0,0,0,36,0,0,0,0,0
2026-04-07T04:14:16.124598,437.754,0,0,0,0,0,0,0,0,0,0,36,0,0,0,0,0
2026-04-07T04:14:16.629816,438.259,0,0,0,0,0,0,0,0,0,0,36,0,0,0,0,0
2026-04-07T04:14:17.135375,438.764,0,0,0,0,0,0,0,0,0,0,36,0,0,0,0,0
2026-04-07T04:14:17.640706,439.27,0,0,0,0,0,0,0,0,0,0,36,0,0,0,0,0
2026-04-07T04:14:18.145812,439.775,0,0,0,0,0,0,0,0,0,0,36,0,0,0,0,0
2026-04-07T04:14:18.651010,440.28,0,0,0,0,0,0,0,0,0,0,36,0,0,0,0,0
2026-04-07T04:14:19.156472,440.786,0,0,0,0,0,0,0,0,0,0,36,0,0,0,0,0
2026-04-07T04:14:19.661630,441.291,0,0,0,0,0,0,0,0,0,0,36,0,0,0,0,0
2026-04-07T04:14:20.167160,441.796,0,0,0,0,0,0,0,0,0,0,36,0,0,0,0,0
2026-04-07T04:14:20.673316,442.302,0,0,0,0,0,0,0,0,0,0,36,0,0,0,0,0
2026-04-07T04:14:21.179301,442.808,0,0,0,0,0,0,0,0,0,0,36,0,0,0,0,0
2026-04-07T04:14:21.685302,443.314,0,0,0,0,0,0,0,0,0,0,36,0,0,0,0,0
2026-04-07T04:14:22.191231,443.82,0,0,0,0,0,0,0,0,0,0,36,0,0,0,0,0
2026-04-07T04:14:22.696700,444.326,0,0,0,0,0,0,0,0,0,0,36,0,0,0,0,0
2026-04-07T04:14:23.201912,444.831,0,0,0,0,0,0,0,0,0,0,36,0,0,0,0,0
2026-04-07T04:14:23.707212,445.337,0,0,0,0,0,0,0,0,0,0,36,0,0,0,0,0
2026-04-07T04:14:24.212663,445.842,0,0,0,0,0,0,0,0,0,0,36,0,0,0,0,0
2026-04-07T04:14:24.719987,446.347,0,0,0,0,0,0,0,0,0,0,36,0,0,0,0,0
2026-04-07T04:14:25.225890,446.855,0,0,0,0,0,0,0,0,0,0,36,0,0,0,0,0
2026-04-07T04:14:25.730975,447.361,0,0,0,0,0,0,0,0,0,0,36,0,0,0,0,0
2026-04-07T04:14:26.236552,447.866,0,0,0,0,0,0,0,0,0,0,36,0,0,0,0,0
2026-04-07T04:14:26.741770,448.371,0,0,0,0,0,0,0,0,0,0,36,0,0,0,0,0
2026-04-07T04:14:27.247319,448.876,0,0,0,0,0,0,0,0,0,0,36,0,0,0,0,0
2026-04-07T04:14:27.753042,449.382,0,0,0,0,0,0,0,0,0,0,36,0,0,0,0,0
2026-04-07T04:14:28.258587,449.888,0,0,0,0,0,0,0,0,0,0,36,0,0,0,0,0
2026-04-07T04:14:28.764173,450.393,0,0,0,0,0,0,0,0,0,0,36,0,0,0,0,0
2026-04-07T04:14:29.270116,450.899,0,0,0,0,0,0,0,0,0,0,36,0,0,0,0,0
2026-04-07T04:14:29.778166,451.405,0,0,0,0,0,0,0,0,0,0,36,0,0,0,0,0
2026-04-07T04:14:30.284539,451.913,0,0,0,0,0,0,0,0,0,0,36,0,0,0,0,0
2026-04-07T04:14:30.790290,452.419,0,0,0,0,0,0,0,0,0,0,36,0,0,0,0,0
2026-04-07T04:14:31.295911,452.925,0,0,0,0,0,0,0,0,0,0,36,0,768,0,768,0
2026-04-07T04:14:31.801763,453.431,0,0,0,0,0,0,0,0,0,0,36,66120,0,66120,0,0
2026-04-07T04:14:32.307199,453.937,0,0,0,0,0,0,0,0,0,0,36,0,0,0,0,0
2026-04-07T04:14:32.812518,454.442,0,0,0,0,0,0,0,0,0,0,36,0,0,0,0,0
2026-04-07T04:14:33.317752,454.947,0,0,0,0,0,0,0,0,0,0,36,0,0,0,0,0
2026-04-07T04:14:33.822996,455.452,0,0,0,0,0,0,0,0,0,0,36,0,0,0,0,0
2026-04-07T04:14:34.328443,455.958,0,0,0,0,0,0,0,0,0,0,36,0,0,0,0,0
2026-04-07T04:14:34.833447,456.463,0,0,0,0,0,0,0,0,0,0,36,0,0,0,0,0
2026-04-07T04:14:35.338625,456.968,0,0,0,0,0,0,0,0,0,0,36,0,0,0,0,0
2026-04-07T04:14:35.843980,457.473,0,0,0,0,0,0,0,0,0,0,36,0,0,0,0,0
2026-04-07T04:14:36.349239,457.979,0,0,0,0,0,0,0,0,0,0,36,0,0,0,0,0
2026-04-07T04:14:36.854847,458.484,0,0,0,0,0,0,0,0,0,0,36,0,0,0,0,0
2026-04-07T04:14:37.360413,458.99,0,0,0,0,0,0,0,0,0,0,36,0,0,0,0,0
2026-04-07T04:14:37.865798,459.495,0,0,0,0,0,0,0,0,0,0,36,0,0,0,0,0
2026-04-07T04:14:38.371101,460.001,0,0,0,0,0,0,0,0,0,0,36,0,0,0,0,0
2026-04-07T04:14:38.876373,460.506,0,0,0,0,0,0,0,0,0,0,36,0,0,0,0,0
2026-04-07T04:14:39.381854,461.011,0,0,0,0,0,0,0,0,0,0,36,0,0,0,0,0
2026-04-07T04:14:39.887497,461.517,0,0,0,0,0,0,0,0,0,0,36,0,0,0,0,0
2026-04-07T04:14:40.393030,462.022,0,0,0,0,0,0,0,0,0,0,36,0,0,0,0,0
2026-04-07T04:14:40.899662,462.528,0,0,0,0,0,0,0,0,0,0,36,0,0,0,0,0
2026-04-07T04:14:41.406276,463.034,0,0,0,0,0,0,0,0,0,0,36,0,0,0,0,0
2026-04-07T04:14:41.912193,463.541,0,0,0,0,0,0,0,0,0,0,36,0,0,0,0,0
2026-04-07T04:14:42.418339,464.047,0,0,0,0,0,0,0,0,0,0,36,0,0,0,0,0
2026-04-07T04:14:42.923484,464.553,0,0,0,0,0,0,0,0,0,0,36,0,0,0,0,0
2026-04-07T04:14:43.429081,465.058,0,0,0,0,0,0,0,0,0,0,36,0,0,0,0,0
2026-04-07T04:14:43.934481,465.564,0,0,0,0,0,0,0,0,0,0,36,0,0,0,0,0
2026-04-07T04:14:44.439978,466.069,0,0,0,0,0,0,0,0,0,0,36,0,0,0,0,0
2026-04-07T04:14:44.945371,466.575,0,0,0,0,0,0,0,0,0,0,36,0,0,0,0,0
2026-04-07T04:14:45.451147,467.08,0,0,0,0,0,0,0,0,0,0,36,0,0,0,0,0
2026-04-07T04:14:45.956649,467.586,0,0,0,0,0,0,0,0,0,0,36,0,0,0,0,0
2026-04-07T04:14:46.462135,468.091,0,0,0,0,0,0,0,0,0,0,36,0,0,0,0,0
2026-04-07T04:14:46.967525,468.597,0,0,0,0,0,0,0,0,0,0,36,0,0,0,0,0
2026-04-07T04:14:47.472664,469.102,0,0,0,0,0,0,0,0,0,0,36,0,0,0,0,0
2026-04-07T04:14:47.979622,469.607,0,0,0,0,0,0,0,0,0,0,36,0,0,0,0,0
2026-04-07T04:14:48.485572,470.114,0,0,0,0,0,0,0,0,0,0,36,0,0,0,0,0
2026-04-07T04:14:48.991132,470.62,0,0,0,0,0,0,0,0,0,0,36,0,0,0,0,0
2026-04-07T04:14:49.496394,471.126,0,0,0,0,0,0,0,0,0,0,36,0,0,0,0,0
2026-04-07T04:14:50.001950,471.631,0,0,0,0,0,0,0,0,0,0,36,0,0,0,0,0
2026-04-07T04:14:50.507507,472.137,0,0,0,0,0,0,0,0,0,0,36,0,0,0,0,0
2026-04-07T04:14:51.013598,472.642,0,0,0,0,0,0,0,0,0,0,36,0,0,0,0,0
2026-04-07T04:14:51.519789,473.148,0,0,0,0,0,0,0,0,0,0,36,2560,0,1280,0,0
2026-04-07T04:14:52.025718,473.655,0,0,0,0,0,0,0,0,0,0,36,0,0,0,0,0
2026-04-07T04:14:52.531297,474.16,0,0,0,0,0,0,0,0,0,0,36,0,0,0,0,0
2026-04-07T04:14:53.037076,474.666,0,0,0,0,0,0,0,0,0,0,36,0,66120,0,66120,0
2026-04-07T04:14:53.542836,475.172,0,0,0,0,0,0,0,0,0,0,36,0,0,0,0,0
2026-04-07T04:14:54.048265,475.678,0,0,0,0,0,0,0,0,0,0,36,0,0,0,0,0
2026-04-07T04:14:54.553383,476.183,0,0,0,0,0,0,0,0,0,0,36,0,0,0,0,0
2026-04-07T04:14:55.058650,476.688,0,0,0,0,0,0,0,0,0,0,36,0,0,0,0,0
2026-04-07T04:14:55.563796,477.193,0,0,0,0,0,0,0,0,0,0,36,0,0,0,0,0
2026-04-07T04:14:56.069189,477.698,0,0,0,0,0,0,0,0,0,0,36,0,0,0,0,0
2026-04-07T04:14:56.574597,478.204,0,0,0,0,0,0,0,0,0,0,36,0,0,0,0,0
2026-04-07T04:14:57.079834,478.709,0,0,0,0,0,0,0,0,0,0,36,0,0,0,0,0
2026-04-07T04:14:57.584932,479.214,0,0,0,0,0,0,0,0,0,0,36,0,0,0,0,0
2026-04-07T04:14:58.092532,479.72,0,0,0,0,0,0,0,0,0,0,36,0,0,0,0,0
2026-04-07T04:14:58.597947,480.227,0,0,0,0,0,0,0,0,0,0,36,0,0,0,0,0
2026-04-07T04:14:59.103901,480.733,0,0,0,0,0,0,0,0,0,0,36,0,0,0,0,0
2026-04-07T04:14:59.609334,481.239,0,0,0,0,0,0,0,0,0,0,36,0,0,0,0,0
2026-04-07T04:15:00.114978,481.744,0,0,0,0,0,0,0,0,0,0,36,0,0,0,0,0
2026-04-07T04:15:00.621191,482.25,0,0,0,0,0,0,0,0,0,0,36,0,0,0,0,0
2026-04-07T04:15:01.127417,482.756,0,0,0,0,0,0,0,0,0,0,36,0,0,0,0,0
2026-04-07T04:15:01.633028,483.262,0,0,0,0,0,0,0,0,0,0,36,0,0,0,0,0
2026-04-07T04:15:02.138891,483.768,0,0,0,0,0,0,0,0,0,0,36,0,0,0,0,0
2026-04-07T04:15:02.644456,484.274,0,0,0,0,0,0,0,0,0,0,36,0,0,0,0,0
2026-04-07T04:15:03.150197,484.779,0,0,0,0,0,0,0,0,0,0,36,0,0,0,0,0
2026-04-07T04:15:03.655486,485.285,0,0,0,0,0,0,0,0,0,0,36,0,0,0,0,0
2026-04-07T04:15:04.160926,485.79,0,0,0,0,0,0,0,0,0,0,36,0,0,0,0,0
2026-04-07T04:15:04.666574,486.296,0,0,0,0,0,0,0,0,0,0,36,0,0,0,0,0
2026-04-07T04:15:05.172198,486.801,0,0,0,0,0,0,0,0,0,0,36,0,0,0,0,0
2026-04-07T04:15:05.677982,487.307,0,0,0,0,0,0,0,0,0,0,36,0,0,0,0,0
2026-04-07T04:15:06.183297,487.813,0,0,0,0,0,0,0,0,0,0,36,0,0,0,0,0
2026-04-07T04:15:06.688686,488.318,0,0,0,0,0,0,0,0,0,0,36,0,0,0,0,0
2026-04-07T04:15:07.193869,488.823,0,0,0,0,0,0,0,0,0,0,36,0,0,0,0,0
2026-04-07T04:15:07.699404,489.329,0,0,0,0,0,0,0,0,0,0,36,0,0,0,0,0
2026-04-07T04:15:08.204573,489.834,0,0,0,0,0,0,0,0,0,0,36,0,0,0,0,0
2026-04-07T04:15:08.709856,490.339,0,0,0,0,0,0,0,0,0,0,36,0,0,0,0,0
2026-04-07T04:15:09.215459,490.845,0,0,0,0,0,0,0,0,0,0,36,0,0,0,0,0
2026-04-07T04:15:09.720839,491.35,0,0,0,0,0,0,0,0,0,0,36,0,0,0,0,0
2026-04-07T04:15:10.230456,491.858,0,0,0,0,0,0,0,0,0,0,36,0,0,0,0,0
2026-04-07T04:15:10.737229,492.365,0,0,0,0,0,0,0,0,0,0,36,0,0,0,0,0
2026-04-07T04:15:11.243568,492.872,0,0,0,0,0,0,0,0,0,0,36,0,0,0,0,0
2026-04-07T04:15:11.748854,493.378,0,0,0,0,0,0,0,0,0,0,36,0,768,0,768,0
2026-04-07T04:15:12.254249,493.884,0,0,0,0,0,0,0,0,0,0,36,0,0,0,0,0
2026-04-07T04:15:12.759501,494.389,0,0,0,0,0,0,0,0,0,0,36,0,0,0,0,0
2026-04-07T04:15:13.265264,494.894,0,0,0,0,0,0,0,0,0,0,36,0,0,0,0,0
2026-04-07T04:15:13.770761,495.4,0,0,0,0,0,0,0,0,0,0,36,0,0,0,0,0
2026-04-07T04:15:14.276254,495.905,0,0,0,0,0,0,0,0,0,0,36,0,0,0,0,0
2026-04-07T04:15:14.781836,496.411,0,0,0,0,0,0,0,0,0,0,36,0,0,0,0,0
2026-04-07T04:15:15.287005,496.917,0,0,0,0,0,0,0,0,0,0,36,0,0,0,0,0
2026-04-07T04:15:15.792338,497.422,0,0,0,0,0,0,0,0,0,0,36,0,0,0,0,0
2026-04-07T04:15:16.301036,497.931,0,0,0,0,0,0,0,0,0,0,36,0,0,0,0,0
2026-04-07T04:15:16.806455,498.436,0,0,0,0,0,0,0,0,0,0,36,0,0,0,0,0
2026-04-07T04:15:17.311858,498.941,0,0,0,0,0,0,0,0,0,0,36,0,0,0,0,0
2026-04-07T04:15:17.819916,499.446,0,0,0,0,0,0,0,0,0,0,36,0,0,0,0,0
2026-04-07T04:15:18.326104,499.955,0,0,0,0,0,0,0,0,0,0,36,0,0,0,0,0
2026-04-07T04:15:18.832977,500.461,0,0,0,0,0,0,0,0,0,0,36,0,0,0,0,0
2026-04-07T04:15:19.339240,500.968,0,0,0,0,0,0,0,0,0,0,36,0,0,0,0,0
2026-04-07T04:15:19.844740,501.474,0,0,0,0,0,0,0,0,0,0,36,0,0,0,0,0
2026-04-07T04:15:20.350188,501.979,0,0,0,0,0,0,0,0,0,0,36,0,0,0,0,0
2026-04-07T04:15:20.855719,502.485,0,0,0,0,0,0,0,0,0,0,36,0,0,0,0,0
2026-04-07T04:15:21.360853,502.99,0,0,0,0,0,0,0,0,0,0,36,0,768,0,768,0
2026-04-07T04:15:21.866545,503.496,0,0,0,0,0,0,0,0,0,0,36,0,0,0,0,0
2026-04-07T04:15:22.371858,504.001,0,0,0,0,0,0,0,0,0,0,36,0,0,0,0,0
2026-04-07T04:15:22.877088,504.506,0,0,0,0,0,0,0,0,0,0,36,0,0,0,0,0
2026-04-07T04:15:23.383052,505.012,0,0,0,0,0,0,0,0,0,0,36,0,0,0,0,0
2026-04-07T04:15:23.888859,505.518,0,0,0,0,0,0,0,0,0,0,36,0,0,0,0,0
2026-04-07T04:15:24.394450,506.024,0,0,0,0,0,0,0,0,0,0,36,0,0,0,0,0
2026-04-07T04:15:24.900446,506.529,0,0,0,0,0,0,0,0,0,0,36,0,0,0,0,0
2026-04-07T04:15:25.405710,507.035,0,0,0,0,0,0,0,0,0,0,36,0,0,0,0,0
2026-04-07T04:15:25.910971,507.54,0,0,0,0,0,0,0,0,0,0,36,0,0,0,0,0
2026-04-07T04:15:26.416413,508.046,0,0,0,0,0,0,0,0,0,0,36,0,0,0,0,0
2026-04-07T04:15:26.922437,508.551,0,0,0,0,0,0,0,0,0,0,36,0,0,0,0,0
2026-04-07T04:15:27.428224,509.057,0,0,0,0,0,0,0,0,0,0,36,0,0,0,0,0
2026-04-07T04:15:27.933499,509.563,0,0,0,0,0,0,0,0,0,0,36,0,0,0,0,0
2026-04-07T04:15:28.440249,510.068,0,0,0,0,0,0,0,0,0,0,36,0,0,0,0,0
2026-04-07T04:15:28.947079,510.575,0,0,0,0,0,0,0,0,0,0,36,0,0,0,0,0
2026-04-07T04:15:29.453491,511.082,0,0,0,0,0,0,0,0,0,0,36,0,768,0,768,0
2026-04-07T04:15:29.958618,511.588,0,0,0,0,0,0,0,0,0,0,36,0,0,0,0,0
2026-04-07T04:15:30.463798,512.093,0,0,0,0,0,0,0,0,0,0,36,0,0,0,0,0
2026-04-07T04:15:30.969202,512.598,0,0,0,0,0,0,0,0,0,0,36,0,0,0,0,0
2026-04-07T04:15:31.474990,513.104,0,0,0,0,0,0,0,0,0,0,36,0,0,0,0,0
2026-04-07T04:15:31.980423,513.61,0,0,0,0,0,0,0,0,0,0,36,0,0,0,0,0
2026-04-07T04:15:32.485798,514.115,0,0,0,0,0,0,0,0,0,0,36,0,0,0,0,0
2026-04-07T04:15:32.990991,514.62,0,0,0,0,0,0,0,0,0,0,36,0,0,0,0,0
2026-04-07T04:15:33.496424,515.126,0,0,0,0,0,0,0,0,0,0,36,0,0,0,0,0
2026-04-07T04:15:34.002830,515.631,0,0,0,0,0,0,0,0,0,0,36,0,0,0,0,0
2026-04-07T04:15:34.510996,516.138,0,0,0,0,0,0,0,0,0,0,36,0,0,0,0,0
2026-04-07T04:15:35.016482,516.646,0,0,0,0,0,0,0,0,0,0,36,0,0,0,0,0
2026-04-07T04:15:35.521701,517.151,0,0,0,0,0,0,0,0,0,0,36,0,0,0,0,0
2026-04-07T04:15:36.027712,517.656,0,0,0,0,0,0,0,0,0,0,36,0,1536,0,1536,0
2026-04-07T04:15:36.532667,518.162,0,0,0,0,0,0,0,0,0,0,36,0,0,0,0,0
2026-04-07T04:15:37.038710,518.667,0,0,0,0,0,0,0,0,0,0,36,0,0,0,0,0
2026-04-07T04:15:37.544939,519.173,0,0,0,0,0,0,0,0,0,0,36,0,0,0,0,0
2026-04-07T04:15:38.051101,519.68,0,0,0,0,0,0,0,0,0,0,36,0,0,0,0,0
2026-04-07T04:15:38.556819,520.186,0,0,0,0,0,0,0,0,0,0,36,0,0,0,0,0
2026-04-07T04:15:39.064001,520.692,0,0,0,0,0,0,0,0,0,0,36,0,0,0,0,0
2026-04-07T04:15:39.569415,521.199,0,0,0,0,0,0,0,0,0,0,36,0,0,0,0,0
2026-04-07T04:15:40.075040,521.704,0,0,0,0,0,0,0,0,0,0,36,0,0,0,0,0
2026-04-07T04:15:40.580587,522.21,0,0,0,0,0,0,0,0,0,0,36,0,0,0,0,0
2026-04-07T04:15:41.090092,522.72,0,0,0,0,0,0,0,0,0,0,36,0,0,0,0,0
2026-04-07T04:15:41.595164,523.225,0,0,0,0,0,0,0,0,0,0,36,0,0,0,0,0
2026-04-07T04:15:42.100305,523.73,0,0,0,0,0,0,0,0,0,0,36,0,0,0,0,0
2026-04-07T04:15:42.605949,524.235,0,0,0,0,0,0,0,0,0,0,36,0,0,0,0,0
2026-04-07T04:15:43.111359,524.741,0,0,0,0,0,0,0,0,0,0,36,0,0,0,0,0
2026-04-07T04:15:43.616447,525.246,0,0,0,0,0,0,0,0,0,0,36,0,0,0,0,0
2026-04-07T04:15:44.121608,525.751,0,0,0,0,0,0,0,0,0,0,36,0,0,0,0,0
2026-04-07T04:15:44.626941,526.256,0,0,0,0,0,0,0,0,0,0,36,0,0,0,0,0
2026-04-07T04:15:45.132471,526.762,0,0,0,0,0,0,0,0,0,0,36,0,0,0,0,0
2026-04-07T04:15:45.638473,527.267,0,0,0,0,0,0,0,0,0,0,36,0,0,0,0,0
2026-04-07T04:15:46.144368,527.773,0,0,0,0,0,0,0,0,0,0,36,0,0,0,0,0
2026-04-07T04:15:46.650832,528.279,0,0,0,0,0,0,0,0,0,0,36,0,0,0,0,0
2026-04-07T04:15:47.156697,528.786,0,0,0,0,0,0,0,0,0,0,36,0,0,0,0,0
2026-04-07T04:15:47.663101,529.291,0,0,0,0,0,0,0,0,0,0,36,0,0,0,0,0
2026-04-07T04:15:48.168867,529.798,0,0,0,0,0,0,0,0,0,0,36,0,0,0,0,0
2026-04-07T04:15:48.674505,530.304,0,0,0,0,0,0,0,0,0,0,36,0,0,0,0,0
2026-04-07T04:15:49.179774,530.809,0,0,0,0,0,0,0,0,0,0,36,0,0,0,0,0
2026-04-07T04:15:49.684245,531.314,0,0,0,0,0,0,0,0,0,0,36,0,0,0,0,0
2026-04-07T04:15:50.188599,531.819,0,0,0,0,0,0,0,0,0,0,36,0,0,0,0,0
2026-04-07T04:15:50.693104,532.323,0,0,0,0,0,0,0,0,0,0,36,0,0,0,0,0
2026-04-07T04:15:51.199031,532.828,0,0,0,0,0,0,0,0,0,0,36,0,0,0,0,0
2026-04-07T04:15:51.704390,533.334,0,0,0,0,0,0,0,0,0,0,36,0,0,0,0,0
2026-04-07T04:15:52.210130,533.839,0,0,0,0,0,0,0,0,0,0,36,0,0,0,0,0
2026-04-07T04:15:52.714896,534.345,0,0,0,0,0,0,0,0,0,0,36,0,0,0,0,0
2026-04-07T04:15:53.219384,534.85,0,0,0,0,0,0,0,0,0,0,36,0,0,0,0,0
2026-04-07T04:15:53.723838,535.354,0,0,0,0,0,0,0,0,0,0,36,0,0,0,0,0
2026-04-07T04:15:54.227735,535.858,0,0,0,0,0,0,0,0,0,0,36,0,0,0,0,0
2026-04-07T04:15:54.731632,536.362,0,0,0,0,0,0,0,0,0,0,36,0,0,0,0,0
2026-04-07T04:15:55.235799,536.866,0,0,0,0,0,0,0,0,0,0,36,0,0,0,0,0
2026-04-07T04:15:55.740928,537.37,0,0,0,0,0,0,0,0,0,0,36,0,0,0,0,0
2026-04-07T04:15:56.245783,537.876,0,0,0,0,0,0,0,0,0,0,36,0,0,0,0,0
2026-04-07T04:15:56.750169,538.38,0,0,0,0,0,0,0,0,0,0,36,0,0,0,0,0
2026-04-07T04:15:57.254865,538.885,0,0,0,0,0,0,0,0,0,0,36,0,0,0,0,0
2026-04-07T04:15:57.759208,539.39,0,0,0,0,0,0,0,0,0,0,36,0,0,0,0,0
2026-04-07T04:15:58.263533,539.894,0,0,0,0,0,0,0,0,0,0,36,0,0,0,0,0
2026-04-07T04:15:58.767573,540.398,0,0,0,0,0,0,0,0,0,0,36,0,0,0,0,0
2026-04-07T04:15:59.272546,540.902,0,0,0,0,0,0,0,0,0,0,36,0,0,0,0,0
2026-04-07T04:15:59.776732,541.407,0,0,0,0,0,0,0,0,0,0,36,0,0,0,0,0
2026-04-07T04:16:00.285135,541.914,0,0,0,0,0,0,0,0,0,0,36,0,0,0,0,0
2026-04-07T04:16:00.790459,542.42,0,0,0,0,0,0,0,0,0,0,36,0,0,0,0,0
2026-04-07T04:16:01.295980,542.925,0,0,0,0,0,0,0,0,0,0,36,0,0,0,0,0
2026-04-07T04:16:01.801854,543.431,0,0,0,0,0,0,0,0,0,0,36,0,0,0,0,0
2026-04-07T04:16:02.306460,543.937,0,0,0,0,0,0,0,0,0,0,36,0,0,0,0,0
2026-04-07T04:16:02.812275,544.441,0,0,0,0,0,0,0,0,0,0,36,0,0,0,0,0
2026-04-07T04:16:03.317941,544.947,0,0,0,0,0,0,0,0,0,0,36,0,0,0,0,0
2026-04-07T04:16:03.822975,545.453,0,0,0,0,0,0,0,0,0,0,36,66120,0,66120,0,0
2026-04-07T04:16:04.327927,545.958,0,0,0,0,0,0,0,0,0,0,36,0,0,0,0,0
2026-04-07T04:16:04.833740,546.463,0,0,0,0,0,0,0,0,0,0,36,0,0,0,0,0
2026-04-07T04:16:05.339125,546.968,0,0,0,0,0,0,0,0,0,0,36,0,0,0,0,0
2026-04-07T04:16:05.843555,547.474,0,0,0,0,0,0,0,0,0,0,36,0,0,0,0,0
2026-04-07T04:16:06.348655,547.978,0,0,0,0,0,0,0,0,0,0,36,0,0,0,0,0
2026-04-07T04:16:06.853190,548.483,0,0,0,0,0,0,0,0,0,0,36,0,0,0,0,0
2026-04-07T04:16:07.357693,548.988,0,0,0,0,0,0,0,0,0,0,36,0,0,0,0,0
2026-04-07T04:16:07.862080,549.492,0,0,0,0,0,0,0,0,0,0,36,0,0,0,0,0
2026-04-07T04:16:08.367880,549.997,0,0,0,0,0,0,0,0,0,0,36,0,0,0,0,0
2026-04-07T04:16:08.872218,550.503,0,0,0,0,0,0,0,0,0,0,36,0,0,0,0,0
2026-04-07T04:16:09.376539,551.007,0,0,0,0,0,0,0,0,0,0,36,0,0,0,0,0
2026-04-07T04:16:09.881258,551.511,0,0,0,0,0,0,0,0,0,0,36,0,0,0,0,0
2026-04-07T04:16:10.385828,552.016,0,0,0,0,0,0,0,0,0,0,36,0,0,0,0,0
2026-04-07T04:16:10.890864,552.52,0,0,0,0,0,0,0,0,0,0,36,0,0,0,0,0
2026-04-07T04:16:11.395783,553.026,0,0,0,0,0,0,0,0,0,0,36,0,0,0,0,0
2026-04-07T04:16:11.901258,553.53,0,0,0,0,0,0,0,0,0,0,36,0,0,0,0,0
2026-04-07T04:16:12.405993,554.036,0,0,0,0,0,0,0,0,0,0,36,0,0,0,0,0
2026-04-07T04:16:12.910335,554.541,0,0,0,0,0,0,0,0,0,0,36,0,0,0,0,0
2026-04-07T04:16:13.415018,555.045,0,0,0,0,0,0,0,0,0,0,36,0,0,0,0,0
2026-04-07T04:16:13.919896,555.55,0,0,0,0,0,0,0,0,0,0,36,0,0,0,0,0
2026-04-07T04:16:14.424309,556.055,0,0,0,0,0,0,0,0,0,0,36,0,0,0,0,0
2026-04-07T04:16:14.928880,556.559,0,0,0,0,0,0,0,0,0,0,36,0,0,0,0,0
2026-04-07T04:16:15.434105,557.064,0,0,0,0,0,0,0,0,0,0,36,0,0,0,0,0
2026-04-07T04:16:15.939006,557.569,0,0,0,0,0,0,0,0,0,0,36,0,0,0,0,0
2026-04-07T04:16:16.443410,558.074,0,0,0,0,0,0,0,0,0,0,36,0,0,0,0,0
2026-04-07T04:16:16.948269,558.578,0,0,0,0,0,0,0,0,0,0,36,0,0,0,0,0
2026-04-07T04:16:17.455207,559.083,0,0,0,0,0,0,0,0,0,0,36,0,0,0,0,0
2026-04-07T04:16:17.960559,559.59,0,0,0,0,0,0,0,0,0,0,36,0,0,0,0,0
2026-04-07T04:16:18.465336,560.095,0,0,0,0,0,0,0,0,0,0,36,0,0,0,0,0
2026-04-07T04:16:18.970313,560.6,0,0,0,0,0,0,0,0,0,0,36,0,0,0,0,0
2026-04-07T04:16:19.478799,561.108,0,0,0,0,0,0,0,0,0,0,36,0,0,0,0,0
2026-04-07T04:16:19.984562,561.614,0,0,0,0,0,0,0,0,0,0,36,0,0,0,0,0
2026-04-07T04:16:20.490262,562.119,0,0,0,0,0,0,0,0,0,0,36,0,0,0,0,0
2026-04-07T04:16:20.995715,562.625,0,0,0,0,0,0,0,0,0,0,36,0,0,0,0,0
2026-04-07T04:16:21.501111,563.13,0,0,0,0,0,0,0,0,0,0,36,0,0,0,0,0
2026-04-07T04:16:22.006447,563.636,0,0,0,0,0,0,0,0,0,0,36,0,0,0,0,0
2026-04-07T04:16:22.511852,564.141,0,0,0,0,0,0,0,0,0,0,36,0,0,0,0,0
2026-04-07T04:16:23.017330,564.647,0,0,0,0,0,0,0,0,0,0,36,0,0,0,0,0
2026-04-07T04:16:23.522826,565.152,0,0,0,0,0,0,0,0,0,0,36,0,0,0,0,0
2026-04-07T04:16:24.028148,565.658,0,0,0,0,0,0,0,0,0,0,36,0,0,0,0,0
2026-04-07T04:16:24.533304,566.163,0,0,0,0,0,0,0,0,0,0,36,0,0,0,0,0
2026-04-07T04:16:25.038535,566.668,0,0,0,0,0,0,0,0,0,0,36,0,0,0,0,0
2026-04-07T04:16:25.543842,567.173,0,0,0,0,0,0,0,0,0,0,36,0,0,0,0,0
2026-04-07T04:16:26.048917,567.679,0,0,0,0,0,0,0,0,0,0,36,0,0,0,0,0
2026-04-07T04:16:26.554241,568.184,0,0,0,0,0,0,0,0,0,0,36,0,0,0,0,0
2026-04-07T04:16:27.059339,568.689,0,0,0,0,0,0,0,0,0,0,36,0,0,0,0,0
2026-04-07T04:16:27.564408,569.194,0,0,0,0,0,0,0,0,0,0,36,0,0,0,0,0
2026-04-07T04:16:28.070101,569.699,0,0,0,0,0,0,0,0,0,0,36,0,0,0,0,0
2026-04-07T04:16:28.575887,570.205,0,0,0,0,0,0,0,0,0,0,35,0,0,0,0,0
2026-04-07T04:16:29.081647,570.711,0,0,0,0,0,0,0,0,0,0,35,0,0,0,0,0
2026-04-07T04:16:29.587785,571.216,0,0,0,0,0,0,0,0,0,0,35,0,0,0,0,0
2026-04-07T04:16:30.093961,571.722,0,0,0,0,0,0,0,0,0,0,35,0,0,0,0,0
2026-04-07T04:16:30.600024,572.229,0,0,0,0,0,0,0,0,0,0,35,0,0,0,0,0
2026-04-07T04:16:31.105809,572.735,0,0,0,0,0,0,0,0,0,0,35,0,0,0,0,0
2026-04-07T04:16:31.611270,573.241,0,0,0,0,0,0,0,0,0,0,35,0,0,0,0,0
2026-04-07T04:16:32.116763,573.746,0,0,0,0,0,0,0,0,0,0,35,0,0,0,0,0
2026-04-07T04:16:32.622149,574.252,0,0,0,0,0,0,0,0,0,0,35,0,0,0,0,0
2026-04-07T04:16:33.127914,574.757,0,0,0,0,0,0,0,0,0,0,35,0,0,0,0,0
2026-04-07T04:16:33.632625,575.262,0,0,0,0,0,0,0,0,0,0,35,0,0,0,0,0
2026-04-07T04:16:34.137984,575.767,0,0,0,0,0,0,0,0,0,0,35,0,0,0,0,0
2026-04-07T04:16:34.643494,576.273,0,0,0,0,0,0,0,0,0,0,35,0,0,0,0,0
2026-04-07T04:16:35.149175,576.778,0,0,0,0,0,0,0,0,0,0,35,0,0,0,0,0
2026-04-07T04:16:35.654313,577.284,0,0,0,0,0,0,0,0,0,0,35,0,0,0,0,0
2026-04-07T04:16:36.160115,577.789,0,0,0,0,0,0,0,0,0,0,35,0,0,0,0,0
2026-04-07T04:16:36.665176,578.295,0,0,0,0,0,0,0,0,0,0,35,0,0,0,0,0
2026-04-07T04:16:37.170448,578.8,0,0,0,0,0,0,0,0,0,0,35,0,0,0,0,0
2026-04-07T04:16:37.675674,579.305,0,0,0,0,0,0,0,0,0,0,35,0,0,0,0,0
2026-04-07T04:16:38.180549,579.81,0,0,0,0,0,0,0,0,0,0,35,0,0,0,0,0
2026-04-07T04:16:38.685914,580.315,0,0,0,0,0,0,0,0,0,0,35,0,0,0,0,0
2026-04-07T04:16:39.191286,580.821,0,0,0,0,0,0,0,0,0,0,35,0,0,0,0,0
2026-04-07T04:16:39.698795,581.326,0,0,0,0,0,0,0,0,0,0,35,0,0,0,0,0
2026-04-07T04:16:40.205277,581.834,0,0,0,0,0,0,0,0,0,0,35,0,0,0,0,0
2026-04-07T04:16:40.711083,582.34,0,0,0,0,0,0,0,0,0,0,35,0,0,0,0,0
2026-04-07T04:16:41.217316,582.846,0,0,0,0,0,0,0,0,0,0,35,0,66120,0,66120,0
2026-04-07T04:16:41.722697,583.352,0,0,0,0,0,0,0,0,0,0,35,0,0,0,0,0
2026-04-07T04:16:42.227990,583.857,0,0,0,0,0,0,0,0,0,0,35,0,0,0,0,0
2026-04-07T04:16:42.733537,584.363,0,0,0,0,0,0,0,0,0,0,35,0,0,0,0,0
2026-04-07T04:16:43.238988,584.868,0,0,0,0,0,0,0,0,0,0,35,0,0,0,0,0
2026-04-07T04:16:43.744261,585.374,0,0,0,0,0,0,0,0,0,0,35,0,0,0,0,0
2026-04-07T04:16:44.249425,585.879,0,0,0,0,0,0,0,0,0,0,35,0,0,0,0,0
2026-04-07T04:16:44.754884,586.384,0,0,0,0,0,0,0,0,0,0,35,0,0,0,0,0
2026-04-07T04:16:45.260207,586.89,0,0,0,0,0,0,0,0,0,0,35,0,8960,0,8960,0
2026-04-07T04:16:45.765688,587.395,0,0,0,0,0,0,0,0,0,0,35,0,0,0,0,0
2026-04-07T04:16:46.269959,587.9,0,0,0,0,0,0,0,0,0,0,35,0,0,0,0,0
                                                                                                                                                                                                                                                                                                                                                                                                                                                                                                                                                                                                                                                                                                                                                                                                                                                                                                                                                                                                                                                                                                                                                                                                                                                                                                                                                                                                                                                                                                                                                                                                                                                                                                                                                                                                                                                                                                                                                                                                                                                                                                                                                                                                                                                                                                                                                                                                                                                                                                                                                                                                                                                                                                                                                                                                                                                                                                                                                                                                                                                                                                                                                                                                                                                                                                                                                                                                                                                                                                                                                                                                                                                                                                                                                                                                                                                                                                                                                                                                                                                                                                                                                                                                                                                                                                                                                                                                                                                                                                                                                                                                                                                                                                                                                                                                                                                                                                                                                                                                                                                                                                                                                                                                                                                                                                                                                                                                                                                                                                                                                                                                                                                                                                                                                                                                                                                                                                                                                                                                                                                                                                                                                                                                                                                                                                                                                                                                                                                                                                                                                                                                                                                                                                                                                                                                                                                                                                                                                                                                                                                                                                                                                                                                                                                                                                                                                                                                                                                                                                                                                                                                                                                                                                                                                                                                                                                                                                                                                                                                                                                                                                                                                                                                                                                                                                                                                                                                                                                                                                                                                                                                                                                                                                                                                                                                                                                                                                                                                                                                                                                                                                                                                                                                                                                                                                                                                                                                                                                                                                                                                                                                                                                                                                                                                                                                                                                                                                                                                                                                                                                                                                                                                                                                                                                                                                                                                                                                                                                                                                                                                                                                                                                                                                                                                                                                                                                                                                                                                                                                                                                                                                                                                                                                                                                                                                                                                                                                                                                                                                                                                                                                                                                                                                                                                                                                                                                                                                                                                                                                                                                                                                                                                                                                                                                                                                                                                                                                                                                                                                                                                                                                                                                                                                                                                                                                                                                                                                                                                                                                                                                                                                                                                                                                                                                                                                                                                                                                                                                                                                                                                                                                                                                                                                                                                                                                                                                                                                                                                                                                                                                                                                                                                                                                                                                                                                                                                                                                                                                                                                                                                                                                                                                                                                                                                                                                                                                                                                                                                                                                                                                                                                                                                                                                                                                                                                                                                                                                                                                                                                                                                                                                                                                                                                                                                                                                                                                                                                                                                                                                                                                                                                                                                                                                                                                                                                                                                                                                                                                                                                                                                                                                                                                                                                                                                                                                                                                                                                                                                                                                                                                                                                                                                                                                                                                                                                                                                                                                                                                                                                                                                                                                                                                                                                                                                                                                                                                                                                                                                                                                                                                                                                                                                                                                                                                                                                                                                                                                                                                                                                                                                                                                                                                                                                                                                                                                                                                                                                                                                                                                                                                                                                                                                                                                                                                                                                                                                                                                                                                                                                                                                                                                                                                                                                                                                                                                                                                                                                                                                                                                                                                                                                                                                                                                                                                                                                                                                                                                                                                                                                                                                                                                                                                                                                                                                                                                                                                                                                                                                                                                                                                                                                                                                                                                                                                                                                                                                                                                                                                                                                                                                                                                                                                                                                                                                                                                                                                                                                                                                                                                                                                                                                                                                                                                                                                                                                                                                                                                                                                                                                                                                                                                                                                                                                                                                                                                                                                                                                                                                                                                                                                                                                                                                                                                                                                                                                                                                                                                                                                                                                                                                                                                                                                                                                                                                                                                                                                                                                                                                                                                                                                                                                                                                                                                                                                                                                                                                                                                                                                                                                                                                                                                                                                                                                                                                                                                                                                                                                                                                                                                                                                                                                                                                                                                                                                                                                                                                                                                                                                                                                                                                                                                                                                                                                                                                                                                                                                                                                                                                                                                                                                                                                                                                                                                                                                                                                                                                                                                                                                                                                                                                                                                                                                                                                                                                                                                                                                                                                                                                                                                                                                                                                                                                                                                                                                                                                                                                                                                                                                                                                                                                                                                                                                                                                                                                                                                                                                                                                                                                                                                                                                                                                                                                                                                                                                                                                                                                                                                                                                                                                                                                                                                                                                                                                                                                                                                                                                                                                                                                                                                                                                                                                                                                                                                                                                                                                                                                                                                                                                                                                                                                                                                                                                                                                                                                                                                                                                                                                                                                                                                                                                                                                                                                                                                                                                                                                                                                                                                                                                                                                                                                                                                                                                                                                                                                                                                                                                                                                                                                                                                                                                                                                                                                                                                                                                                                                                                                                                                                                                                                                                                                                                                                                                                                                                                                                                                                                                                                                                                                                                                                                                                                                                                                                                                                                                                                                                                                                                                                                                                                                                                                                                                                                                                                                                                                                                                                                                                                                                                                                                                                                                                                                                                                                                                                                                                                                                                                                                                                                                                                                                                                                                                                                                                                                                                                                                                                                                                                                                                                                                                                                                                                                                                                                                                                                                                                                                                                                                                                                                                                                                                                                                                                                                                                                                                                                                                                                                                                                                                                                                                                                                                                                                                                                                                                                                                                                                                                                                                                                                                                                                                                                                                                                                                                                                                                                                                                                                                                                                                                                                                                                                                                                                                                                                                                                                                                                                                                                                                                                                                                                                                                                                                                                                                                                                                                                                                                                                                                                                                                                                                                                                                                                                                                                                                                                                                                                                                                                                                                                                                                                                                                                                                                                                                                                                                                                                                                                                                                                                                                                                                                                                                                                                                                                                                                                                                                                                                                                                                                                                                                                                                                                                                                                                                                                                                                                                                                                                                                                                                                                                                                                                                                                                                                                                                                                                                                                                                                                                                                                                                                                                                                                                                                                                                                                                                                                                                                                                                                                                                                                                                                                                                                                                                                                                                                                                                                                                                                                                                                                                                                                                                                                                                                                                                                                                                                                                                                                                                                                                                                                                                                                                                                                                                                                                                                                                                                                                                                                                                                                                                                                                                                                                                                                                                                                                                                                                                                                                                                                                                                                                                                                                                                                                                                                                                                                                                                                                                                                                                                                                                                                                                                                                                                                                                                                                                                                                                                                                                                                                                                                                                                                                                                                                                                                                                                                                                                                                                                                                                                                                                                                                                                                                                                                                                                                                                                                                                                                                                                                                                                                                                                                                                                                                                                                                                                                                                                                                                                                                                                                                                                                                                                                                                                                                                                                                                                                                                                                                                                                                                                                                                                                                                                                                                                                                                                                                                                                                                                                                                                                                                                                                                                                                                                                                                                                                                                                                                                                                                                                                                                                                                                                                                                                                                                                                                                                                                                                                                                                                                                                                                                                                                                                                                                                                                                                                                                                                                                                                                                                                                                                                                                                                                                                                                                                                                                                                                                                                                                                                                                                                                                                                                                                                                                                                                                                                                                                                                                                                                                                                                                                                                                                                                                                                                                                                                                                                                                                                                                                                                                                                                                                                                                                                                                                                                                                                                                                                                                                                                                                                                                                                                                                                                                                                                                                                                                                                                                                                                                                                                                                                                                                                                                                                                                                                                                                                                                                                                                                                                                                                                                                                                                                                                                                                                                                                                                                                                                                                                                                                                                                                                                                                                                                                                                                                                                                                                                                                                                                                                                                                                                                                                                                                                                                                                                                                                                                                                                                                                                                                                                                                                                                                                                                                                                                                                                                                                                                                                                                                                                                                                                                                                                                                                                                                                                                                                                                                                                                                                                                                                                                                                                                                                                                                                                                                                                                                                                                                                                                                                                                                                                                                                                                                                                                                                                                                                                                                                                                                                                                                                                                                                                                                                                                                                                                                                                                                                                                                                                                                                                                                                                                                                                                                                                                                                                                                                                                                                                                                                                                                                                                                                                                                                                                                                                                                                                                                                                                                                                                                                                                                                                                                                                                                                                                                                                                                                                                                                                                                                                                                                                                                                                                                                                                                                                                                                                                                                                                                                                                                                                                                                                                                                                                                                                                                                                                                                                                                                                                                                                                                                                                                                                                                                                                                                                                                                                                                                                                                                                                                                                                                                                                                                                                                                                                                                                                                                                                                                                                                                                                                                                                                                                                                                                                                                                                                                                                                                                                                                                                                                                                                                                                                                                                                                                                                                                                                                                                                                                                                                                                                                                                                                                                                                                                                                                                                                                                                                                                                                                                                                                                                                                                                                                                                                                                                                                                                                                                                                                                                                                                                                                                                                                                                                                                                                                                                                                                                                                                                                                                                                                                                                                                                                                                                                                                                                                                                                                                                                                                                                                                                                                                                                                                                                                                                                                                                                                                                                                                                                                                                                                                                                                                                                                                                                                                                                                                                                                                                                                                                                                                                                                                                                                                                                                                                                                                                                                                                                                                                                                                                                                                                                                                                                                                                                                                                                                                                                                                                                                                                                                                                                                                                                                                                                                                                                                                                                                                                                                                                                                                                                                                                                                                                                                                                                                                                                                                                                                                                                                                                                                                                                                                                                                                                                                                                                                                                                                                                                                                                                                                                                                                                                                                                                                                                                                                                                                                                                                                                                                                                                                                                                                                                                                                                                                                                                                                                                                                                                                                                                                                                                                                                                                                                                                                                                                                                                                                                                                                                                                                                                                                                                                                                                                                                                                                                                                                                                                                                                                                                                                                                                                                                                                                                                                                                                                                                                                                                                                                                                                                                                                                                                                                                                                                                                                                                                                                                                                                                                                                                                                                                                                                                                                                                                                                                                                                                                                                                                                                                                                                                                                                                                                                                                                                                                                                                                                                                                                                                                                                                                                                                                                                                                                                                                                                                                                                                                                                                                                                                                                                                                                                                                                                                                                                                                                                                                                                                                                                                                                                                                                                                                                                                                                                                                                                                                                                                                                                                                                                                                                                                                                                                                                                                                                                                                                                                                                                                                                                                                                                                                                                                                                                                                                                                                                                                                                                                                                                                                                                                                                                                                                                                                                                                                                                                                                                                                                                                                                                                                                                                                                                                                                                                                                                                                                                                                                                                                                                                                                                                                                                                                                                                                                                                                                                                                                                                                                                                                                                                                                                                                                                                                                                                                                                                                                                                                                                                                                                                                                                                                                                                                                                                                                                                                                                                                                                                                                                                                                                                                                                                                                                                                                                                                                                                                                                                                                                                                                                                                                                                                                                                                                                                                                                                                                                                                                                                                                                                                                                                                                                                                                                                                                                                                                                                                                                                                                                                                                                                                                                                                                                                                                                                                                                                                                                                                                                                                                                                                                                                                                                                                                                                                                                                                                                                                                                                                                                                                                                                                                                                                                                                                                                                                                                                                                                                                                                                                                                                                                                                                                                                                                                                                                                                                                                                                                                                                                                                                                                                                                                                                                                                                                                                                                                                                                                                                                                                                                                                                                                                                                                                                                                                                                                                                                                                                                                                                                                                                                                                                                                                                                                                                                                                                                                                                                                                                                                                                                                                                                                                                                                                                                                                                                                                                                                                                                                                                                                                                                                                                                                                                                                                                                                                                                                                                                                                                                                                                                                                                                                                                                                                                                                                                                                                                                                                                                                                                                                                                                                                                                                                                                                                                                                                                                                                                                                                                                                                                                                                                                                                                                                                                                                                                                                                                                                                                                                                                                                                                                                                                                                                                                                                                                                                                                                                                                                                                                                                                                                                                                                                                                                                                                                                                                                                                                                                                                                                                                                                                                                                                                                                                                                                                                                                                                                                                                                                                                                                                                                                                                                                                                                                                                                                                                                                                                                                                                                                                                                                                                                                                                                                                                                                                                                                                                                                                                                                                                                                                                                                                                                                                                                                                                                                                                                                                                                                                                                                                                                                                                                                                                                                                                                                                                                                                                                                                                                                                                                                                                                                                                                                                                                                                                                                                                                                                                                                                                                                                                                                                                                                                                                                                                                                                                                                                                                                                                                                                                                                                                                                                                                                                                                                                                                                                                                                                                                                                                                                                                                                                                                                                                                                                                                                                                                                                                                                                                                                                                                                                                                                                                                                                                                                                                                                                                                                                                                                                                                                                                                                                                                                                                                                                                                                                                                                                                                                                                                                                                                                                                                                                                                                                                                                                                                                                                                                                                                                                                                                                                                                                                                                                                                                                                                                                                                                                                                                                                                                                                                                                                                                                                                                                                                                                                                                                                                                                                                                                                                                                                                                                                                                                                                                                                                                                                                                                                                                                                                                                                                                                                                                                                                                                                                                                                                                                                                                                                                                                                                                                                                                                                                                                                                                                                                                                                                                                                                                                                                                                                                                                                                                                                                                                                                                                                                                                                                                                                                                                                                                                                                                                                                                                                                                                                                                                                                                                                                                                                                                                                                                                                                                                                                                                                                                                                                                                                                                                                                                                                                                                                                                                                                                                                                                                                                                                                                                                                                                                                                                                                                                                                                                                                                                                                                                                                                                                                                                                                                                                                                                                                                                                                                                                                                                                                                                                                                                                                                                                                                                                                                                                                                                                                                                                                                                                                                                                                                                                                                                                                                                                                                                                                                                                                                                                                                                                                                                                                                                                                                                                                                                                                                                                                                                                                                                                                                                                                                                                                                                                                                                                                                                                                                                                                                                                                                   2026-04-07T04:11:37.195220,1207.723,0,0,0,0,0,0,0,0,0,0,30,0,0,0,0,0
2026-04-07T04:11:37.700683,1208.227,0,0,0,0,0,0,0,0,0,0,35,0,0,0,0,0
2026-04-07T04:11:38.205857,1208.732,0,0,0,0,0,0,0,0,0,0,35,0,0,0,0,0
2026-04-07T04:11:38.711218,1209.238,0,0,0,0,0,0,0,0,0,0,35,0,0,0,0,0
2026-04-07T04:11:39.218361,1209.743,0,0,0,0,0,0,0,0,0,0,35,0,0,0,0,0
2026-04-07T04:11:39.723512,1210.25,0,0,0,0,0,0,0,0,0,0,35,0,0,0,0,0
2026-04-07T04:11:40.228747,1210.755,0,0,0,0,0,0,0,0,0,0,35,0,0,0,0,0
2026-04-07T04:11:40.733921,1211.26,0,0,0,0,0,0,0,0,0,0,35,0,0,0,0,0
2026-04-07T04:11:41.240009,1211.766,0,0,0,0,0,0,0,0,0,0,35,0,0,0,0,0
2026-04-07T04:11:41.745396,1212.272,0,0,0,0,0,0,0,0,0,0,35,0,0,0,0,0
2026-04-07T04:11:42.250669,1212.777,0,0,0,0,0,0,0,0,0,0,35,0,2560,0,2560,0
2026-04-07T04:11:42.756031,1213.282,0,0,0,0,0,0,0,0,0,0,35,0,0,0,0,0
2026-04-07T04:11:43.261339,1213.788,0,0,0,0,0,0,0,0,0,0,35,0,0,0,0,0
2026-04-07T04:11:43.766905,1214.293,0,0,0,0,0,0,0,0,0,0,35,0,0,0,0,0
2026-04-07T04:11:44.272708,1214.799,0,0,0,0,0,0,0,0,0,0,35,0,0,0,0,0
2026-04-07T04:11:44.777480,1215.304,0,0,0,0,0,0,0,0,0,0,35,1536,768,768,768,0
2026-04-07T04:11:45.286624,1215.809,0,0,0,0,0,0,0,0,0,0,35,0,0,0,0,0
2026-04-07T04:11:45.795801,1216.318,0,0,0,0,0,0,0,0,0,0,35,12288,0,6912,0,0
2026-04-07T04:11:46.300270,1216.827,0,0,0,0,0,0,0,0,0,0,35,0,0,0,0,0
2026-04-07T04:11:46.805768,1217.332,0,0,0,0,0,0,0,0,0,0,35,15488,768,15488,768,0
2026-04-07T04:11:47.312475,1217.838,0,0,0,0,0,0,0,0,0,0,35,0,0,0,0,0
2026-04-07T04:11:47.818505,1218.344,0,0,0,0,0,0,0,0,0,0,35,0,0,0,0,0
2026-04-07T04:11:48.323569,1218.85,0,0,0,0,0,0,0,0,0,0,35,0,0,0,0,0
2026-04-07T04:11:48.829571,1219.355,0,0,0,0,0,0,0,0,0,0,35,0,0,0,0,0
2026-04-07T04:11:49.338528,1219.861,0,0,0,0,0,0,0,0,0,0,35,768,768,768,768,0
2026-04-07T04:11:49.844318,1220.37,0,0,0,0,0,0,0,0,0,0,35,32256,0,23808,0,0
2026-04-07T04:11:50.349281,1220.876,0,0,0,0,0,0,0,0,0,0,35,0,0,0,0,0
2026-04-07T04:11:50.853537,1221.381,0,0,0,0,0,0,0,0,0,0,35,0,0,0,0,0
2026-04-07T04:11:51.358016,1221.885,0,0,0,0,0,0,0,0,0,0,35,0,0,0,0,0
2026-04-07T04:11:51.862306,1222.39,0,0,0,0,0,0,0,0,0,0,35,0,0,0,0,0
2026-04-07T04:11:52.366701,1222.894,0,0,0,0,0,0,0,0,0,0,35,0,0,0,0,0
2026-04-07T04:11:52.871287,1223.398,0,0,0,0,0,0,0,0,0,0,35,0,0,0,0,0
2026-04-07T04:11:53.375963,1223.903,0,0,0,0,0,0,0,0,0,0,36,0,0,0,0,0
2026-04-07T04:11:53.881241,1224.408,0,0,0,0,0,0,0,0,0,0,35,0,0,0,0,0
2026-04-07T04:11:54.387025,1224.913,0,0,0,0,0,0,0,0,0,0,35,0,0,0,0,0
2026-04-07T04:11:54.893271,1225.419,0,0,0,0,0,0,0,0,0,0,35,0,0,0,0,0
2026-04-07T04:11:55.398335,1225.925,0,0,0,0,0,0,0,0,0,0,35,0,0,0,0,0
2026-04-07T04:11:55.902756,1226.43,0,0,0,0,0,0,0,0,0,0,35,0,0,0,0,0
2026-04-07T04:11:56.410193,1226.935,0,0,0,0,0,0,0,0,0,0,35,0,0,0,0,0
2026-04-07T04:11:56.918189,1227.445,0,0,0,0,0,0,0,0,0,0,35,0,0,0,0,0
2026-04-07T04:11:57.423345,1227.95,0,0,0,0,0,0,0,0,0,0,35,0,0,0,0,0
2026-04-07T04:11:57.928953,1228.455,0,0,0,0,0,0,0,0,0,0,35,0,0,0,0,0
2026-04-07T04:11:58.434528,1228.961,0,0,0,0,0,0,0,0,0,0,35,0,0,0,0,0
2026-04-07T04:11:58.940065,1229.466,0,0,0,0,0,0,0,0,0,0,35,0,0,0,0,0
2026-04-07T04:11:59.445625,1229.972,0,0,0,0,0,0,0,0,0,0,35,0,0,0,0,0
2026-04-07T04:11:59.950965,1230.477,0,0,0,0,0,0,0,0,0,0,35,0,0,0,0,0
2026-04-07T04:12:00.456502,1230.983,0,0,0,0,0,0,0,0,0,0,35,0,0,0,0,0
2026-04-07T04:12:00.961788,1231.488,0,0,0,0,0,0,0,0,0,0,35,0,0,0,0,0
2026-04-07T04:12:01.467143,1231.994,0,0,0,0,0,0,0,0,0,0,35,0,0,0,0,0
2026-04-07T04:12:01.972557,1232.499,0,0,0,0,0,0,0,0,0,0,35,0,0,0,0,0
2026-04-07T04:12:02.478274,1233.004,0,0,0,0,0,0,0,0,0,0,35,0,0,0,0,0
2026-04-07T04:12:02.983699,1233.51,0,0,0,0,0,0,0,0,0,0,35,0,0,0,0,0
2026-04-07T04:12:03.490540,1234.015,0,0,0,0,0,0,0,0,0,0,35,0,0,0,0,0
2026-04-07T04:12:03.996358,1234.522,0,0,0,0,0,0,0,0,0,0,35,0,0,0,0,0
2026-04-07T04:12:04.503097,1235.028,0,0,0,0,0,0,0,0,0,0,35,0,0,0,0,0
2026-04-07T04:12:05.008887,1235.535,0,0,0,0,0,0,0,0,0,0,35,0,0,0,0,0
2026-04-07T04:12:05.514575,1236.041,0,0,0,0,0,0,0,0,0,0,35,0,0,0,0,0
2026-04-07T04:12:06.019909,1236.546,0,0,0,0,0,0,0,0,0,0,35,66120,0,66120,0,0
2026-04-07T04:12:06.525309,1237.052,0,0,0,0,0,0,0,0,0,0,35,0,0,0,0,0
2026-04-07T04:12:07.030618,1237.557,0,0,0,0,0,0,0,0,0,0,35,0,0,0,0,0
2026-04-07T04:12:07.535732,1238.062,0,0,0,0,0,0,0,0,0,0,35,0,0,0,0,0
2026-04-07T04:12:08.042121,1238.567,0,0,0,0,0,0,0,0,0,0,35,0,0,0,0,0
2026-04-07T04:12:08.547686,1239.074,0,0,0,0,0,0,0,0,0,0,35,0,0,0,0,0
2026-04-07T04:12:09.052873,1239.579,0,0,0,0,0,0,0,0,0,0,35,0,0,0,0,0
2026-04-07T04:12:09.558243,1240.085,0,0,0,0,0,0,0,0,0,0,35,0,0,0,0,0
2026-04-07T04:12:10.063382,1240.59,0,0,0,0,0,0,0,0,0,0,35,0,0,0,0,0
2026-04-07T04:12:10.568906,1241.095,0,0,0,0,0,0,0,0,0,0,35,0,0,0,0,0
2026-04-07T04:12:11.074593,1241.601,0,0,0,0,0,0,0,0,0,0,35,0,0,0,0,0
2026-04-07T04:12:11.580068,1242.106,0,0,0,0,0,0,0,0,0,0,35,0,0,0,0,0
2026-04-07T04:12:12.085400,1242.612,0,0,0,0,0,0,0,0,0,0,35,0,0,0,0,0
2026-04-07T04:12:12.590612,1243.117,0,0,0,0,0,0,0,0,0,0,35,0,0,0,0,0
2026-04-07T04:12:13.098407,1243.622,0,0,0,0,0,0,0,0,0,0,35,0,0,0,0,0
2026-04-07T04:12:13.605334,1244.13,0,0,0,0,0,0,0,0,0,0,35,0,0,0,0,0
2026-04-07T04:12:14.111427,1244.637,0,0,0,0,0,0,0,0,0,0,35,0,0,0,0,0
2026-04-07T04:12:14.617621,1245.143,0,0,0,0,0,0,0,0,0,0,35,0,0,0,0,0
2026-04-07T04:12:15.127887,1245.649,0,0,0,0,0,0,0,0,0,0,35,0,0,0,0,0
2026-04-07T04:12:15.633293,1246.16,0,0,0,0,0,0,0,0,0,0,35,0,0,0,0,0
2026-04-07T04:12:16.139010,1246.665,0,0,0,0,0,0,0,0,0,0,35,0,0,0,0,0
2026-04-07T04:12:16.644802,1247.171,0,0,0,0,0,0,0,0,0,0,35,0,0,0,0,0
2026-04-07T04:12:17.150013,1247.677,0,0,0,0,0,0,0,0,0,0,35,0,0,0,0,0
2026-04-07T04:12:17.655100,1248.182,0,0,0,0,0,0,0,0,0,0,35,0,0,0,0,0
2026-04-07T04:12:18.160785,1248.687,0,0,0,0,0,0,0,0,0,0,35,0,0,0,0,0
2026-04-07T04:12:18.666306,1249.193,0,0,0,0,0,0,0,0,0,0,35,0,0,0,0,0
2026-04-07T04:12:19.172191,1249.698,0,0,0,0,0,0,0,0,0,0,35,0,0,0,0,0
2026-04-07T04:12:19.677496,1250.204,0,0,0,0,0,0,0,0,0,0,35,0,0,0,0,0
2026-04-07T04:12:20.182838,1250.709,0,0,0,0,0,0,0,0,0,0,35,0,0,0,0,0
2026-04-07T04:12:20.688389,1251.215,0,0,0,0,0,0,0,0,0,0,35,0,0,0,0,0
2026-04-07T04:12:21.193717,1251.72,0,0,0,0,0,0,0,0,0,0,35,0,0,0,0,0
2026-04-07T04:12:21.699466,1252.226,0,0,0,0,0,0,0,0,0,0,35,0,0,0,0,0
2026-04-07T04:12:22.207777,1252.734,0,0,0,0,0,0,0,0,0,0,35,0,0,0,0,0
2026-04-07T04:12:22.713361,1253.239,0,0,0,0,0,0,0,0,0,0,35,0,0,0,0,0
2026-04-07T04:12:23.219748,1253.745,0,0,0,0,0,0,0,0,0,0,35,0,0,0,0,0
2026-04-07T04:12:23.725281,1254.252,0,0,0,0,0,0,0,0,0,0,35,0,768,0,768,0
2026-04-07T04:12:24.230724,1254.757,0,0,0,0,0,0,0,0,0,0,35,0,0,0,0,0
2026-04-07T04:12:24.736207,1255.262,0,0,0,0,0,0,0,0,0,0,35,0,0,0,0,0
2026-04-07T04:12:25.241916,1255.768,0,0,0,0,0,0,0,0,0,0,35,66120,0,66120,0,0
2026-04-07T04:12:25.749421,1256.274,0,0,0,0,0,0,0,0,0,0,35,0,0,0,0,0
2026-04-07T04:12:26.254721,1256.781,0,0,0,0,0,0,0,0,0,0,35,0,0,0,0,0
2026-04-07T04:12:26.760427,1257.287,0,0,0,0,0,0,0,0,0,0,35,0,0,0,0,0
2026-04-07T04:12:27.265711,1257.792,0,0,0,0,0,0,0,0,0,0,35,0,0,0,0,0
2026-04-07T04:12:27.771021,1258.297,0,0,0,0,0,0,0,0,0,0,35,0,0,0,0,0
2026-04-07T04:12:28.276702,1258.803,0,0,0,0,0,0,0,0,0,0,35,0,0,0,0,0
2026-04-07T04:12:28.782201,1259.308,0,0,0,0,0,0,0,0,0,0,35,0,0,0,0,0
2026-04-07T04:12:29.288507,1259.814,0,0,0,0,0,0,0,0,0,0,35,0,0,0,0,0
2026-04-07T04:12:29.794431,1260.32,0,0,0,0,0,0,0,0,0,0,35,0,0,0,0,0
2026-04-07T04:12:30.300154,1260.826,0,0,0,0,0,0,0,0,0,0,35,0,0,0,0,0
2026-04-07T04:12:30.805750,1261.332,0,0,0,0,0,0,0,0,0,0,35,0,0,0,0,0
2026-04-07T04:12:31.311872,1261.838,0,0,0,0,0,0,0,0,0,0,35,0,0,0,0,0
2026-04-07T04:12:31.818706,1262.344,0,0,0,0,0,0,0,0,0,0,35,0,0,0,0,0
2026-04-07T04:12:32.325155,1262.851,0,0,0,0,0,0,0,0,0,0,35,0,0,0,0,0
2026-04-07T04:12:32.831669,1263.357,0,0,0,0,0,0,0,0,0,0,35,0,0,0,0,0
2026-04-07T04:12:33.336646,1263.863,0,0,0,0,0,0,0,0,0,0,35,0,0,0,0,0
2026-04-07T04:12:33.841773,1264.368,0,0,0,0,0,0,0,0,0,0,35,0,0,0,0,0
2026-04-07T04:12:34.347166,1264.874,0,0,0,0,0,0,0,0,0,0,35,0,0,0,0,0
2026-04-07T04:12:34.854221,1265.379,0,0,0,0,0,0,0,0,0,0,35,0,0,0,0,0
2026-04-07T04:12:35.359532,1265.886,0,0,0,0,0,0,0,0,0,0,35,0,0,0,0,0
2026-04-07T04:12:35.864704,1266.391,0,0,0,0,0,0,0,0,0,0,35,0,0,0,0,0
2026-04-07T04:12:36.370217,1266.896,0,0,0,0,0,0,0,0,0,0,35,0,0,0,0,0
2026-04-07T04:12:36.875566,1267.402,0,0,0,0,0,0,0,0,0,0,35,0,0,0,0,0
2026-04-07T04:12:37.380933,1267.907,0,0,0,0,0,0,0,0,0,0,35,0,0,0,0,0
2026-04-07T04:12:37.886760,1268.413,0,0,0,0,0,0,0,0,0,0,35,0,0,0,0,0
2026-04-07T04:12:38.392360,1268.919,0,0,0,0,0,0,0,0,0,0,35,0,0,0,0,0
2026-04-07T04:12:38.897736,1269.424,0,0,0,0,0,0,0,0,0,0,35,0,0,0,0,0
2026-04-07T04:12:39.403326,1269.93,0,0,0,0,0,0,0,0,0,0,35,0,0,0,0,0
2026-04-07T04:12:39.910316,1270.435,0,0,0,0,0,0,0,0,0,0,35,0,0,0,0,0
2026-04-07T04:12:40.415625,1270.942,0,0,0,0,0,0,0,0,0,0,35,0,0,0,0,0
2026-04-07T04:12:40.921488,1271.447,0,0,0,0,0,0,0,0,0,0,35,0,0,0,0,0
2026-04-07T04:12:41.429280,1271.953,0,0,0,0,0,0,0,0,0,0,35,0,0,0,0,0
2026-04-07T04:12:41.934957,1272.461,0,0,0,0,0,0,0,0,0,0,35,0,66120,0,66120,0
2026-04-07T04:12:42.440400,1272.967,0,0,0,0,0,0,0,0,0,0,35,0,0,0,0,0
2026-04-07T04:12:42.945900,1273.472,0,0,0,0,0,0,0,0,0,0,35,0,0,0,0,0
2026-04-07T04:12:43.451373,1273.978,0,0,0,0,0,0,0,0,0,0,35,0,0,0,0,0
2026-04-07T04:12:43.956700,1274.483,0,0,0,0,0,0,0,0,0,0,35,0,0,0,0,0
2026-04-07T04:12:44.462159,1274.988,0,0,0,0,0,0,0,0,0,0,35,0,0,0,0,0
2026-04-07T04:12:44.967925,1275.494,0,0,0,0,0,0,0,0,0,0,35,0,0,0,0,0
2026-04-07T04:12:45.472559,1276.0,0,0,0,0,0,0,0,0,0,0,35,0,0,0,0,0
2026-04-07T04:12:45.978245,1276.504,0,0,0,0,0,0,0,0,0,0,35,0,0,0,0,0
2026-04-07T04:12:46.483516,1277.01,0,0,0,0,0,0,0,0,0,0,35,0,0,0,0,0
2026-04-07T04:12:46.988976,1277.515,0,0,0,0,0,0,0,0,0,0,35,0,0,0,0,0
2026-04-07T04:12:47.494117,1278.021,0,0,0,0,0,0,0,0,0,0,35,0,0,0,0,0
2026-04-07T04:12:47.999471,1278.526,0,0,0,0,0,0,0,0,0,0,35,0,0,0,0,0
2026-04-07T04:12:48.505296,1279.031,0,0,0,0,0,0,0,0,0,0,35,0,0,0,0,0
2026-04-07T04:12:49.010640,1279.537,0,0,0,0,0,0,0,0,0,0,35,0,0,0,0,0
2026-04-07T04:12:49.515849,1280.042,0,0,0,0,0,0,0,0,0,0,35,0,0,0,0,0
2026-04-07T04:12:50.021626,1280.548,0,0,0,0,0,0,0,0,0,0,35,0,0,0,0,0
2026-04-07T04:12:50.529491,1281.053,0,0,0,0,0,0,0,0,0,0,35,0,0,0,0,0
2026-04-07T04:12:51.035649,1281.561,0,0,0,0,0,0,0,0,0,0,35,0,0,0,0,0
2026-04-07T04:12:51.541944,1282.067,0,0,0,0,0,0,0,0,0,0,35,0,0,0,0,0
2026-04-07T04:12:52.047990,1282.574,0,0,0,0,0,0,0,0,0,0,35,0,0,0,0,0
2026-04-07T04:12:52.553596,1283.08,0,0,0,0,0,0,0,0,0,0,35,0,0,0,0,0
2026-04-07T04:12:53.059261,1283.585,0,0,0,0,0,0,0,0,0,0,35,0,0,0,0,0
2026-04-07T04:12:53.565471,1284.091,0,0,0,0,0,0,0,0,0,0,35,0,0,0,0,0
2026-04-07T04:12:54.072062,1284.598,0,0,0,0,0,0,0,0,0,0,35,0,0,0,0,0
2026-04-07T04:12:54.577374,1285.104,0,0,0,0,0,0,0,0,0,0,35,0,0,0,0,0
2026-04-07T04:12:55.082703,1285.609,0,0,0,0,0,0,0,0,0,0,35,0,0,0,0,0
2026-04-07T04:12:55.587838,1286.114,0,0,0,0,0,0,0,0,0,0,35,0,0,0,0,0
2026-04-07T04:12:56.093142,1286.619,0,0,0,0,0,0,0,0,0,0,35,0,0,0,0,0
2026-04-07T04:12:56.598597,1287.125,0,0,0,0,0,0,0,0,0,0,35,0,0,0,0,0
2026-04-07T04:12:57.104510,1287.63,0,0,0,0,0,0,0,0,0,0,35,0,0,0,0,0
2026-04-07T04:12:57.610444,1288.136,0,0,0,0,0,0,0,0,0,0,35,0,0,0,0,0
2026-04-07T04:12:58.115692,1288.642,0,0,0,0,0,0,0,0,0,0,35,0,0,0,0,0
2026-04-07T04:12:58.620507,1289.147,0,0,0,0,0,0,0,0,0,0,35,0,0,0,0,0
2026-04-07T04:12:59.126301,1289.652,0,0,0,0,0,0,0,0,0,0,35,0,0,0,0,0
2026-04-07T04:12:59.631665,1290.158,0,0,0,0,0,0,0,0,0,0,35,0,0,0,0,0
2026-04-07T04:13:00.137856,1290.663,0,0,0,0,0,0,0,0,0,0,35,0,0,0,0,0
2026-04-07T04:13:00.643314,1291.17,0,0,0,0,0,0,0,0,0,0,35,0,0,0,0,0
2026-04-07T04:13:01.148844,1291.675,0,0,0,0,0,0,0,0,0,0,35,0,0,0,0,0
2026-04-07T04:13:01.654324,1292.181,0,0,0,0,0,0,0,0,0,0,35,0,0,0,0,0
2026-04-07T04:13:02.160572,1292.686,0,0,0,0,0,0,0,0,0,0,35,0,0,0,0,0
2026-04-07T04:13:02.666339,1293.192,0,0,0,0,0,0,0,0,0,0,35,0,0,0,0,0
2026-04-07T04:13:03.171955,1293.698,0,0,0,0,0,0,0,0,0,0,35,0,0,0,0,0
2026-04-07T04:13:03.677679,1294.204,0,0,0,0,0,0,0,0,0,0,35,0,0,0,0,0
2026-04-07T04:13:04.183465,1294.709,0,0,0,0,0,0,0,0,0,0,35,0,0,0,0,0
2026-04-07T04:13:04.688988,1295.215,0,0,0,0,0,0,0,0,0,0,36,0,0,0,0,0
2026-04-07T04:13:05.194470,1295.721,0,0,0,0,0,0,0,0,0,0,36,0,0,0,0,0
2026-04-07T04:13:05.700631,1296.226,0,0,0,0,0,0,0,0,0,0,36,0,1536,0,1536,0
2026-04-07T04:13:06.206356,1296.732,0,0,0,0,0,0,0,0,0,0,36,0,0,0,0,0
2026-04-07T04:13:06.711610,1297.238,0,0,0,0,0,0,0,0,0,0,36,0,0,0,0,0
2026-04-07T04:13:07.217006,1297.743,0,0,0,0,0,0,0,0,0,0,36,0,0,0,0,0
2026-04-07T04:13:07.722493,1298.249,0,0,0,0,0,0,0,0,0,0,36,0,0,0,0,0
2026-04-07T04:13:08.227650,1298.754,0,0,0,0,0,0,0,0,0,0,36,0,0,0,0,0
2026-04-07T04:13:08.733250,1299.259,0,0,0,0,0,0,0,0,0,0,36,0,0,0,0,0
2026-04-07T04:13:09.238626,1299.765,0,0,0,0,0,0,0,0,0,0,36,0,0,0,0,0
2026-04-07T04:13:09.744105,1300.27,0,0,0,0,0,0,0,0,0,0,36,0,0,0,0,0
2026-04-07T04:13:10.253183,1300.779,0,0,0,0,0,0,0,0,0,0,36,0,0,0,0,0
2026-04-07T04:13:10.760421,1301.285,0,0,0,0,0,0,0,0,0,0,36,0,0,0,0,0
2026-04-07T04:13:11.266171,1301.792,0,0,0,0,0,0,0,0,0,0,36,0,0,0,0,0
2026-04-07T04:13:11.771467,1302.298,0,0,0,0,0,0,0,0,0,0,36,0,0,0,0,0
2026-04-07T04:13:12.276741,1302.803,0,0,0,0,0,0,0,0,0,0,36,0,0,0,0,0
2026-04-07T04:13:12.782049,1303.308,0,0,0,0,0,0,0,0,0,0,36,0,0,0,0,0
2026-04-07T04:13:13.287439,1303.814,0,0,0,0,0,0,0,0,0,0,36,0,0,0,0,0
2026-04-07T04:13:13.792781,1304.319,0,0,0,0,0,0,0,0,0,0,36,0,0,0,0,0
2026-04-07T04:13:14.297919,1304.825,0,0,0,0,0,0,0,0,0,0,36,0,0,0,0,0
2026-04-07T04:13:14.803727,1305.33,0,0,0,0,0,0,0,0,0,0,36,0,0,0,0,0
2026-04-07T04:13:15.308866,1305.835,0,0,0,0,0,0,0,0,0,0,36,0,0,0,0,0
2026-04-07T04:13:15.815605,1306.341,0,0,0,0,0,0,0,0,0,0,36,0,0,0,0,0
2026-04-07T04:13:16.322918,1306.847,0,0,0,0,0,0,0,0,0,0,36,0,0,0,0,0
2026-04-07T04:13:16.828341,1307.355,0,0,0,0,0,0,0,0,0,0,36,0,0,0,0,0
2026-04-07T04:13:17.333604,1307.86,0,0,0,0,0,0,0,0,0,0,36,0,0,0,0,0
2026-04-07T04:13:17.841684,1308.365,0,0,0,0,0,0,0,0,0,0,36,0,0,0,0,0
2026-04-07T04:13:18.347250,1308.873,0,0,0,0,0,0,0,0,0,0,36,0,0,0,0,0
2026-04-07T04:13:18.853564,1309.379,0,0,0,0,0,0,0,0,0,0,36,0,0,0,0,0
2026-04-07T04:13:19.359745,1309.885,0,0,0,0,0,0,0,0,0,0,36,0,0,0,0,0
2026-04-07T04:13:19.865661,1310.391,0,0,0,0,0,0,0,0,0,0,36,0,0,0,0,0
2026-04-07T04:13:20.371350,1310.897,0,0,0,0,0,0,0,0,0,0,36,0,0,0,0,0
2026-04-07T04:13:20.878603,1311.403,0,0,0,0,0,0,0,0,0,0,36,66120,66120,66120,66120,0
2026-04-07T04:13:21.385203,1311.91,0,0,0,0,0,0,0,0,0,0,36,0,0,0,0,0
2026-04-07T04:13:21.890465,1312.417,0,0,0,0,0,0,0,0,0,0,36,0,0,0,0,0
2026-04-07T04:13:22.395542,1312.922,0,0,0,0,0,0,0,0,0,0,36,0,0,0,0,0
2026-04-07T04:13:22.900797,1313.427,0,0,0,0,0,0,0,0,0,0,36,0,0,0,0,0
2026-04-07T04:13:23.406095,1313.933,0,0,0,0,0,0,0,0,0,0,36,0,0,0,0,0
2026-04-07T04:13:23.911533,1314.438,0,0,0,0,0,0,0,0,0,0,36,0,0,0,0,0
2026-04-07T04:13:24.416833,1314.943,0,0,0,0,0,0,0,0,0,0,36,0,0,0,0,0
2026-04-07T04:13:24.922257,1315.449,0,0,0,0,0,0,0,0,0,0,36,0,0,0,0,0
2026-04-07T04:13:25.427522,1315.954,0,0,0,0,0,0,0,0,0,0,36,0,0,0,0,0
2026-04-07T04:13:25.935817,1316.459,0,0,0,0,0,0,0,0,0,0,36,0,0,0,0,0
2026-04-07T04:13:26.441239,1316.968,0,0,0,0,0,0,0,0,0,0,36,0,0,0,0,0
2026-04-07T04:13:26.946573,1317.473,0,0,0,0,0,0,0,0,0,0,36,0,0,0,0,0
2026-04-07T04:13:27.452317,1317.978,0,0,0,0,0,0,0,0,0,0,36,0,0,0,0,0
2026-04-07T04:13:27.958445,1318.484,0,0,0,0,0,0,0,0,0,0,36,0,0,0,0,0
2026-04-07T04:13:28.464639,1318.99,0,0,0,0,0,0,0,0,0,0,36,0,0,0,0,0
2026-04-07T04:13:28.970807,1319.496,0,0,0,0,0,0,0,0,0,0,36,0,0,0,0,0
2026-04-07T04:13:29.476261,1320.003,0,0,0,0,0,0,0,0,0,0,39,0,0,0,0,0
2026-04-07T04:13:29.981868,1320.508,0,0,0,0,0,0,0,0,0,0,36,66120,0,66120,0,0
2026-04-07T04:13:30.487531,1321.014,0,0,0,0,0,0,0,0,0,0,36,0,0,0,0,0
2026-04-07T04:13:30.993455,1321.519,0,0,0,0,0,0,0,0,0,0,36,0,0,0,0,0
2026-04-07T04:13:31.498574,1322.025,0,0,0,0,0,0,0,0,0,0,36,0,0,0,0,0
2026-04-07T04:13:32.003718,1322.53,0,0,0,0,0,0,0,0,0,0,36,0,0,0,0,0
2026-04-07T04:13:32.508612,1323.035,0,0,0,0,0,0,0,0,0,0,36,0,0,0,0,0
2026-04-07T04:13:33.013944,1323.54,0,0,0,0,0,0,0,0,0,0,36,0,0,0,0,0
2026-04-07T04:13:33.519601,1324.046,0,0,0,0,0,0,0,0,0,0,36,0,0,0,0,0
2026-04-07T04:13:34.024992,1324.551,0,0,0,0,0,0,0,0,0,0,36,0,0,0,0,0
2026-04-07T04:13:34.530303,1325.057,0,0,0,0,0,0,0,0,0,0,36,0,0,0,0,0
2026-04-07T04:13:35.035728,1325.562,0,0,0,0,0,0,0,0,0,0,36,0,0,0,0,0
2026-04-07T04:13:35.540922,1326.067,0,0,0,0,0,0,0,0,0,0,36,0,15360,0,15360,0
2026-04-07T04:13:36.046056,1326.573,0,0,0,0,0,0,0,0,0,0,36,0,0,0,0,0
2026-04-07T04:13:36.551199,1327.078,0,0,0,0,0,0,0,0,0,0,36,0,0,0,0,0
2026-04-07T04:13:37.056435,1327.583,0,0,0,0,0,0,0,0,0,0,36,0,0,0,0,0
2026-04-07T04:13:37.561919,1328.088,0,0,0,0,0,0,0,0,0,0,36,0,0,0,0,0
2026-04-07T04:13:38.067264,1328.594,0,0,0,0,0,0,0,0,0,0,36,0,0,0,0,0
2026-04-07T04:13:38.572772,1329.099,0,0,0,0,0,0,0,0,0,0,36,0,0,0,0,0
2026-04-07T04:13:39.078762,1329.605,0,0,0,0,0,0,0,0,0,0,36,0,0,0,0,0
2026-04-07T04:13:39.585301,1330.111,0,0,0,0,0,0,0,0,0,0,36,0,0,0,0,0
2026-04-07T04:13:40.091109,1330.617,0,0,0,0,0,0,0,0,0,0,36,0,0,0,0,0
2026-04-07T04:13:40.596588,1331.123,0,0,0,0,0,0,0,0,0,0,36,0,0,0,0,0
2026-04-07T04:13:41.103613,1331.628,0,0,0,0,0,0,0,0,0,0,37,0,0,0,0,0
2026-04-07T04:13:41.608981,1332.135,0,0,0,0,0,0,0,0,0,0,37,0,0,0,0,0
2026-04-07T04:13:42.114373,1332.641,0,0,0,0,0,0,0,0,0,0,37,0,0,0,0,0
2026-04-07T04:13:42.619914,1333.146,0,0,0,0,0,0,0,0,0,0,37,0,0,0,0,0
2026-04-07T04:13:43.125349,1333.652,0,0,0,0,0,0,0,0,0,0,37,0,0,0,0,0
2026-04-07T04:13:43.630678,1334.157,0,0,0,0,0,0,0,0,0,0,37,0,0,0,0,0
2026-04-07T04:13:44.136191,1334.662,0,0,0,0,0,0,0,0,0,0,37,0,0,0,0,0
2026-04-07T04:13:44.641634,1335.168,0,0,0,0,0,0,0,0,0,0,37,0,0,0,0,0
2026-04-07T04:13:45.147114,1335.673,0,0,0,0,0,0,0,0,0,0,37,0,0,0,0,0
2026-04-07T04:13:45.652818,1336.179,0,0,0,0,0,0,0,0,0,0,37,0,0,0,0,0
2026-04-07T04:13:46.158242,1336.685,0,0,0,0,0,0,0,0,0,0,36,0,0,0,0,0
2026-04-07T04:13:46.663874,1337.19,0,0,0,0,0,0,0,0,0,0,36,0,0,0,0,0
2026-04-07T04:13:47.169129,1337.696,0,0,0,0,0,0,0,0,0,0,36,0,0,0,0,0
2026-04-07T04:13:47.674434,1338.201,0,0,0,0,0,0,0,0,0,0,36,0,0,0,0,0
2026-04-07T04:13:48.180671,1338.706,0,0,0,0,0,0,0,0,0,0,36,0,0,0,0,0
2026-04-07T04:13:48.686239,1339.212,0,0,0,0,0,0,0,0,0,0,36,0,0,0,0,0
2026-04-07T04:13:49.191967,1339.718,0,0,0,0,0,0,0,0,0,0,36,0,0,0,0,0
2026-04-07T04:13:49.697663,1340.224,0,0,0,0,0,0,0,0,0,0,36,0,0,0,0,0
2026-04-07T04:13:50.203559,1340.729,0,0,0,0,0,0,0,0,0,0,36,0,0,0,0,0
2026-04-07T04:13:50.708845,1341.235,0,0,0,0,0,0,0,0,0,0,36,0,0,0,0,0
2026-04-07T04:13:51.214926,1341.741,0,0,0,0,0,0,0,0,0,0,36,0,0,0,0,0
2026-04-07T04:13:51.720945,1342.247,0,0,0,0,0,0,0,0,0,0,36,264480,0,264480,0,0
2026-04-07T04:13:52.226388,1342.753,0,0,0,0,0,0,0,0,0,0,36,0,0,0,0,0
2026-04-07T04:13:52.731565,1343.258,0,0,0,0,0,0,0,0,0,0,36,0,0,0,0,0
2026-04-07T04:13:53.237298,1343.763,0,0,0,0,0,0,0,0,0,0,36,0,0,0,0,0
2026-04-07T04:13:53.742629,1344.269,0,0,0,0,0,0,0,0,0,0,36,0,0,0,0,0
2026-04-07T04:13:54.247887,1344.774,0,0,0,0,0,0,0,0,0,0,36,0,0,0,0,0
2026-04-07T04:13:54.753488,1345.28,0,0,0,0,0,0,0,0,0,0,36,0,0,0,0,0
2026-04-07T04:13:55.258901,1345.785,0,0,0,0,0,0,0,0,0,0,36,0,0,0,0,0
2026-04-07T04:13:55.764593,1346.291,0,0,0,0,0,0,0,0,0,0,36,0,0,0,0,0
2026-04-07T04:13:56.270111,1346.796,0,0,0,0,0,0,0,0,0,0,36,0,0,0,0,0
2026-04-07T04:13:56.775334,1347.302,0,0,0,0,0,0,0,0,0,0,36,0,0,0,0,0
2026-04-07T04:13:57.280546,1347.807,0,0,0,0,0,0,0,0,0,0,36,0,0,0,0,0
2026-04-07T04:13:57.785986,1348.312,0,0,0,0,0,0,0,0,0,0,36,0,0,0,0,0
2026-04-07T04:13:58.291842,1348.818,0,0,0,0,0,0,0,0,0,0,36,0,0,0,0,0
2026-04-07T04:13:58.796663,1349.323,0,0,0,0,0,0,0,0,0,0,36,0,0,0,0,0
2026-04-07T04:13:59.302484,1349.828,0,0,0,0,0,0,0,0,0,0,36,0,0,0,0,0
2026-04-07T04:13:59.807911,1350.334,0,0,0,0,0,0,0,0,0,0,36,0,0,0,0,0
2026-04-07T04:14:00.314236,1350.84,0,0,0,0,0,0,0,0,0,0,36,0,0,0,0,0
2026-04-07T04:14:00.820832,1351.346,0,0,0,0,0,0,0,0,0,0,36,0,0,0,0,0
2026-04-07T04:14:01.326666,1351.853,0,0,0,0,0,0,0,0,0,0,36,66120,0,66120,0,0
2026-04-07T04:14:01.832646,1352.358,0,0,0,0,0,0,0,0,0,0,36,0,0,0,0,0
2026-04-07T04:14:02.337981,1352.864,0,0,0,0,0,0,0,0,0,0,36,0,0,0,0,0
2026-04-07T04:14:02.843162,1353.37,0,0,0,0,0,0,0,0,0,0,36,0,0,0,0,0
2026-04-07T04:14:03.348645,1353.875,0,0,0,0,0,0,0,0,0,0,36,0,0,0,0,0
2026-04-07T04:14:03.853870,1354.38,0,0,0,0,0,0,0,0,0,0,36,0,0,0,0,0
2026-04-07T04:14:04.358570,1354.886,0,0,0,0,0,0,0,0,0,0,36,0,0,0,0,0
2026-04-07T04:14:04.863019,1355.39,0,0,0,0,0,0,0,0,0,0,36,0,0,0,0,0
2026-04-07T04:14:05.367553,1355.895,0,0,0,0,0,0,0,0,0,0,36,0,0,0,0,0
2026-04-07T04:14:05.872208,1356.399,0,0,0,0,0,0,0,0,0,0,36,0,0,0,0,0
2026-04-07T04:14:06.376913,1356.904,0,0,0,0,0,0,0,0,0,0,36,0,0,0,0,0
2026-04-07T04:14:06.882293,1357.409,0,0,0,0,0,0,0,0,0,0,36,0,0,0,0,0
2026-04-07T04:14:07.387601,1357.914,0,0,0,0,0,0,0,0,0,0,36,0,0,0,0,0
2026-04-07T04:14:07.893006,1358.419,0,0,0,0,0,0,0,0,0,0,36,0,0,0,0,0
2026-04-07T04:14:08.398306,1358.925,0,0,0,0,0,0,0,0,0,0,36,0,0,0,0,0
2026-04-07T04:14:08.903988,1359.43,0,0,0,0,0,0,0,0,0,0,36,0,0,0,0,0
2026-04-07T04:14:09.409476,1359.936,0,0,0,0,0,0,0,0,0,0,36,0,0,0,0,0
2026-04-07T04:14:09.916303,1360.441,0,0,0,0,0,0,0,0,0,0,36,0,0,0,0,0
2026-04-07T04:14:10.422217,1360.948,0,0,0,0,0,0,0,0,0,0,36,0,0,0,0,0
2026-04-07T04:14:10.929141,1361.454,0,0,0,0,0,0,0,0,0,0,36,0,0,0,0,0
2026-04-07T04:14:11.435205,1361.961,0,0,0,0,0,0,0,0,0,0,36,0,0,0,0,0
2026-04-07T04:14:11.941079,1362.467,0,0,0,0,0,0,0,0,0,0,36,0,0,0,0,0
2026-04-07T04:14:12.446719,1362.973,0,0,0,0,0,0,0,0,0,0,36,0,0,0,0,0
2026-04-07T04:14:12.953324,1363.478,0,0,0,0,0,0,0,0,0,0,36,0,66120,0,66120,0
2026-04-07T04:14:13.458869,1363.985,0,0,0,0,0,0,0,0,0,0,36,0,0,0,0,0
2026-04-07T04:14:13.963981,1364.491,0,0,0,0,0,0,0,0,0,0,36,0,0,0,0,0
2026-04-07T04:14:14.469551,1364.996,0,0,0,0,0,0,0,0,0,0,36,0,0,0,0,0
2026-04-07T04:14:14.976443,1365.501,0,0,0,0,0,0,0,0,0,0,36,0,0,0,0,0
2026-04-07T04:14:15.481693,1366.008,0,0,0,0,0,0,0,0,0,0,36,0,0,0,0,0
2026-04-07T04:14:15.986890,1366.513,0,0,0,0,0,0,0,0,0,0,36,0,0,0,0,0
2026-04-07T04:14:16.493415,1367.019,0,0,0,0,0,0,0,0,0,0,36,0,0,0,0,0
2026-04-07T04:14:16.998740,1367.525,0,0,0,0,0,0,0,0,0,0,36,0,0,0,0,0
2026-04-07T04:14:17.504313,1368.031,0,0,0,0,0,0,0,0,0,0,36,0,0,0,0,0
2026-04-07T04:14:18.011174,1368.536,0,0,0,0,0,0,0,0,0,0,36,0,0,0,0,0
2026-04-07T04:14:18.518071,1369.043,0,0,0,0,0,0,0,0,0,0,36,0,0,0,0,0
2026-04-07T04:14:19.023491,1369.55,0,0,0,0,0,0,0,0,0,0,36,0,0,0,0,0
2026-04-07T04:14:19.529174,1370.055,0,0,0,0,0,0,0,0,0,0,36,0,0,0,0,0
2026-04-07T04:14:20.035097,1370.561,0,0,0,0,0,0,0,0,0,0,36,0,0,0,0,0
2026-04-07T04:14:20.541531,1371.067,0,0,0,0,0,0,0,0,0,0,36,0,0,0,0,0
2026-04-07T04:14:21.046877,1371.573,0,0,0,0,0,0,0,0,0,0,36,0,0,0,0,0
2026-04-07T04:14:21.552981,1372.079,0,0,0,0,0,0,0,0,0,0,36,0,0,0,0,0
2026-04-07T04:14:22.058430,1372.585,0,0,0,0,0,0,0,0,0,0,36,0,0,0,0,0
2026-04-07T04:14:22.563591,1373.09,0,0,0,0,0,0,0,0,0,0,36,0,0,0,0,0
2026-04-07T04:14:23.069049,1373.595,0,0,0,0,0,0,0,0,0,0,36,0,0,0,0,0
2026-04-07T04:14:23.574511,1374.101,0,0,0,0,0,0,0,0,0,0,36,0,0,0,0,0
2026-04-07T04:14:24.080791,1374.606,0,0,0,0,0,0,0,0,0,0,36,0,0,0,0,0
2026-04-07T04:14:24.586149,1375.113,0,0,0,0,0,0,0,0,0,0,36,0,0,0,0,0
2026-04-07T04:14:25.091770,1375.618,0,0,0,0,0,0,0,0,0,0,36,0,0,0,0,0
2026-04-07T04:14:25.596765,1376.123,0,0,0,0,0,0,0,0,0,0,36,0,0,0,0,0
2026-04-07T04:14:26.102340,1376.629,0,0,0,0,0,0,0,0,0,0,36,0,0,0,0,0
2026-04-07T04:14:26.607703,1377.134,0,0,0,0,0,0,0,0,0,0,36,0,0,0,0,0
2026-04-07T04:14:27.113645,1377.639,0,0,0,0,0,0,0,0,0,0,36,0,0,0,0,0
2026-04-07T04:14:27.619301,1378.145,0,0,0,0,0,0,0,0,0,0,36,0,0,0,0,0
2026-04-07T04:14:28.124625,1378.651,0,0,0,0,0,0,0,0,0,0,36,0,0,0,0,0
2026-04-07T04:14:28.630070,1379.156,0,0,0,0,0,0,0,0,0,0,36,0,0,0,0,0
2026-04-07T04:14:29.135610,1379.662,0,0,0,0,0,0,0,0,0,0,36,0,0,0,0,0
2026-04-07T04:14:29.641920,1380.167,0,0,0,0,0,0,0,0,0,0,36,0,0,0,0,0
2026-04-07T04:14:30.150941,1380.674,0,0,0,0,0,0,0,0,0,0,36,0,0,0,0,0
2026-04-07T04:14:30.656545,1381.183,0,0,0,0,0,0,0,0,0,0,36,0,0,0,0,0
2026-04-07T04:14:31.161961,1381.688,0,0,0,0,0,0,0,0,0,0,36,0,0,0,0,0
2026-04-07T04:14:31.667420,1382.194,0,0,0,0,0,0,0,0,0,0,36,0,0,0,0,0
2026-04-07T04:14:32.173074,1382.699,0,0,0,0,0,0,0,0,0,0,36,0,0,0,0,0
2026-04-07T04:14:32.678640,1383.205,0,0,0,0,0,0,0,0,0,0,36,0,0,0,0,0
2026-04-07T04:14:33.183854,1383.71,0,0,0,0,0,0,0,0,0,0,36,0,0,0,0,0
2026-04-07T04:14:33.688819,1384.215,0,0,0,0,0,0,0,0,0,0,36,0,0,0,0,0
2026-04-07T04:14:34.194215,1384.721,0,0,0,0,0,0,0,0,0,0,36,0,0,0,0,0
2026-04-07T04:14:34.700800,1385.226,0,0,0,0,0,0,0,0,0,0,36,0,0,0,0,0
2026-04-07T04:14:35.206101,1385.733,0,0,0,0,0,0,0,0,0,0,36,0,0,0,0,0
2026-04-07T04:14:35.711715,1386.238,0,0,0,0,0,0,0,0,0,0,36,0,0,0,0,0
2026-04-07T04:14:36.216881,1386.743,0,0,0,0,0,0,0,0,0,0,36,0,0,0,0,0
2026-04-07T04:14:36.722098,1387.249,0,0,0,0,0,0,0,0,0,0,36,0,0,0,0,0
2026-04-07T04:14:37.227856,1387.754,0,0,0,0,0,0,0,0,0,0,36,0,0,0,0,0
2026-04-07T04:14:37.733309,1388.26,0,0,0,0,0,0,0,0,0,0,36,0,0,0,0,0
2026-04-07T04:14:38.238737,1388.765,0,0,0,0,0,0,0,0,0,0,36,0,0,0,0,0
2026-04-07T04:14:38.744626,1389.271,0,0,0,0,0,0,0,0,0,0,36,0,0,0,0,0
2026-04-07T04:14:39.250836,1389.776,0,0,0,0,0,0,0,0,0,0,36,0,0,0,0,0
2026-04-07T04:14:39.756836,1390.283,0,0,0,0,0,0,0,0,0,0,36,0,0,0,0,0
2026-04-07T04:14:40.263451,1390.789,0,0,0,0,0,0,0,0,0,0,36,0,0,0,0,0
2026-04-07T04:14:40.769566,1391.295,0,0,0,0,0,0,0,0,0,0,36,66120,0,66120,0,0
2026-04-07T04:14:41.275552,1391.801,0,0,0,0,0,0,0,0,0,0,36,0,0,0,0,0
2026-04-07T04:14:41.780671,1392.307,0,0,0,0,0,0,0,0,0,0,36,0,0,0,0,0
2026-04-07T04:14:42.285756,1392.812,0,0,0,0,0,0,0,0,0,0,36,0,0,0,0,0
2026-04-07T04:14:42.790788,1393.317,0,0,0,0,0,0,0,0,0,0,36,0,0,0,0,0
2026-04-07T04:14:43.296372,1393.823,0,0,0,0,0,0,0,0,0,0,36,0,0,0,0,0
2026-04-07T04:14:43.801601,1394.328,0,0,0,0,0,0,0,0,0,0,36,0,0,0,0,0
2026-04-07T04:14:44.306867,1394.833,0,0,0,0,0,0,0,0,0,0,36,0,0,0,0,0
2026-04-07T04:14:44.812468,1395.339,0,0,0,0,0,0,0,0,0,0,36,0,0,0,0,0
2026-04-07T04:14:45.317759,1395.844,0,0,0,0,0,0,0,0,0,0,36,0,0,0,0,0
2026-04-07T04:14:45.823208,1396.35,0,0,0,0,0,0,0,0,0,0,36,0,0,0,0,0
2026-04-07T04:14:46.328838,1396.855,0,0,0,0,0,0,0,0,0,0,36,0,0,0,0,0
2026-04-07T04:14:46.834285,1397.361,0,0,0,0,0,0,0,0,0,0,36,0,0,0,0,0
2026-04-07T04:14:47.339462,1397.866,0,0,0,0,0,0,0,0,0,0,36,0,0,0,0,0
2026-04-07T04:14:47.844952,1398.371,0,0,0,0,0,0,0,0,0,0,36,0,0,0,0,0
2026-04-07T04:14:48.352046,1398.877,0,0,0,0,0,0,0,0,0,0,36,0,0,0,0,0
2026-04-07T04:14:48.857755,1399.384,0,0,0,0,0,0,0,0,0,0,36,0,0,0,0,0
2026-04-07T04:14:49.363845,1399.89,0,0,0,0,0,0,0,0,0,0,36,0,0,0,0,0
2026-04-07T04:14:49.870322,1400.396,0,0,0,0,0,0,0,0,0,0,36,0,0,0,0,0
2026-04-07T04:14:50.376399,1400.902,0,0,0,0,0,0,0,0,0,0,36,0,0,0,0,0
2026-04-07T04:14:50.882603,1401.408,0,0,0,0,0,0,0,0,0,0,36,0,768,0,768,0
2026-04-07T04:14:51.387962,1401.914,0,0,0,0,0,0,0,0,0,0,36,0,0,0,0,0
2026-04-07T04:14:51.893728,1402.42,0,0,0,0,0,0,0,0,0,0,36,0,0,0,0,0
2026-04-07T04:14:52.398941,1402.926,0,0,0,0,0,0,0,0,0,0,36,0,0,0,0,0
2026-04-07T04:14:52.904503,1403.431,0,0,0,0,0,0,0,0,0,0,36,0,0,0,0,0
2026-04-07T04:14:53.410060,1403.936,0,0,0,0,0,0,0,0,0,0,36,0,0,0,0,0
2026-04-07T04:14:53.915390,1404.442,0,0,0,0,0,0,0,0,0,0,36,0,0,0,0,0
2026-04-07T04:14:54.420659,1404.947,0,0,0,0,0,0,0,0,0,0,36,0,0,0,0,0
2026-04-07T04:14:54.925961,1405.452,0,0,0,0,0,0,0,0,0,0,36,0,0,0,0,0
2026-04-07T04:14:55.431138,1405.958,0,0,0,0,0,0,0,0,0,0,36,0,0,0,0,0
2026-04-07T04:14:55.936271,1406.463,0,0,0,0,0,0,0,0,0,0,36,0,0,0,0,0
2026-04-07T04:14:56.441687,1406.968,0,0,0,0,0,0,0,0,0,0,36,0,0,0,0,0
2026-04-07T04:14:56.947055,1407.473,0,0,0,0,0,0,0,0,0,0,36,0,0,0,0,0
2026-04-07T04:14:57.452577,1407.979,0,0,0,0,0,0,0,0,0,0,36,0,0,0,0,0
2026-04-07T04:14:57.958009,1408.484,0,0,0,0,0,0,0,0,0,0,36,0,0,0,0,0
2026-04-07T04:14:58.463772,1408.99,0,0,0,0,0,0,0,0,0,0,36,0,0,0,0,0
2026-04-07T04:14:58.968696,1409.495,0,0,0,0,0,0,0,0,0,0,36,0,0,0,0,0
2026-04-07T04:14:59.474299,1410.0,0,0,0,0,0,0,0,0,0,0,36,0,0,0,0,0
2026-04-07T04:14:59.980041,1410.506,0,0,0,0,0,0,0,0,0,0,36,0,0,0,0,0
2026-04-07T04:15:00.486050,1411.012,0,0,0,0,0,0,0,0,0,0,36,0,0,0,0,0
2026-04-07T04:15:00.991766,1411.518,0,0,0,0,0,0,0,0,0,0,36,0,0,0,0,0
2026-04-07T04:15:01.497280,1412.023,0,0,0,0,0,0,0,0,0,0,36,0,0,0,0,0
2026-04-07T04:15:02.003492,1412.529,0,0,0,0,0,0,0,0,0,0,36,0,0,0,0,0
2026-04-07T04:15:02.508990,1413.035,0,0,0,0,0,0,0,0,0,0,36,0,0,0,0,0
2026-04-07T04:15:03.014869,1413.541,0,0,0,0,0,0,0,0,0,0,36,0,0,0,0,0
2026-04-07T04:15:03.520444,1414.047,0,0,0,0,0,0,0,0,0,0,36,0,0,0,0,0
2026-04-07T04:15:04.025779,1414.552,0,0,0,0,0,0,0,0,0,0,36,0,0,0,0,0
2026-04-07T04:15:04.531273,1415.058,0,0,0,0,0,0,0,0,0,0,36,0,0,0,0,0
2026-04-07T04:15:05.036363,1415.563,0,0,0,0,0,0,0,0,0,0,36,0,0,0,0,0
2026-04-07T04:15:05.541640,1416.068,0,0,0,0,0,0,0,0,0,0,36,0,0,0,0,0
2026-04-07T04:15:06.047078,1416.573,0,0,0,0,0,0,0,0,0,0,36,0,0,0,0,0
2026-04-07T04:15:06.553222,1417.079,0,0,0,0,0,0,0,0,0,0,36,0,0,0,0,0
2026-04-07T04:15:07.058535,1417.585,0,0,0,0,0,0,0,0,0,0,36,0,0,0,0,0
2026-04-07T04:15:07.563750,1418.09,0,0,0,0,0,0,0,0,0,0,36,0,0,0,0,0
2026-04-07T04:15:08.069279,1418.596,0,0,0,0,0,0,0,0,0,0,36,0,0,0,0,0
2026-04-07T04:15:08.574567,1419.101,0,0,0,0,0,0,0,0,0,0,36,3840,1280,1280,1280,0
2026-04-07T04:15:09.079809,1419.606,0,0,0,0,0,0,0,0,0,0,36,0,0,0,0,0
2026-04-07T04:15:09.588005,1420.112,0,0,0,0,0,0,0,0,0,0,36,0,0,0,0,0
2026-04-07T04:15:10.094610,1420.62,0,0,0,0,0,0,0,0,0,0,36,0,0,0,0,0
2026-04-07T04:15:10.601221,1421.127,0,0,0,0,0,0,0,0,0,0,36,0,0,0,0,0
2026-04-07T04:15:11.107665,1421.633,0,0,0,0,0,0,0,0,0,0,36,0,0,0,0,0
2026-04-07T04:15:11.613611,1422.139,0,0,0,0,0,0,0,0,0,0,36,0,66120,0,66120,0
2026-04-07T04:15:12.118842,1422.645,0,0,0,0,0,0,0,0,0,0,36,0,0,0,0,0
2026-04-07T04:15:12.624612,1423.151,0,0,0,0,0,0,0,0,0,0,36,0,0,0,0,0
2026-04-07T04:15:13.130086,1423.656,0,0,0,0,0,0,0,0,0,0,36,0,0,0,0,0
2026-04-07T04:15:13.636015,1424.162,0,0,0,0,0,0,0,0,0,0,36,0,0,0,0,0
2026-04-07T04:15:14.141316,1424.668,0,0,0,0,0,0,0,0,0,0,36,0,0,0,0,0
2026-04-07T04:15:14.646493,1425.173,0,0,0,0,0,0,0,0,0,0,36,0,0,0,0,0
2026-04-07T04:15:15.151990,1425.678,0,0,0,0,0,0,0,0,0,0,36,0,0,0,0,0
2026-04-07T04:15:15.657256,1426.184,0,0,0,0,0,0,0,0,0,0,36,0,0,0,0,0
2026-04-07T04:15:16.163950,1426.689,0,0,0,0,0,0,0,0,0,0,36,0,0,0,0,0
2026-04-07T04:15:16.670567,1427.196,0,0,0,0,0,0,0,0,0,0,36,0,0,0,0,0
2026-04-07T04:15:17.175700,1427.702,0,0,0,0,0,0,0,0,0,0,36,0,0,0,0,0
2026-04-07T04:15:17.680823,1428.207,0,0,0,0,0,0,0,0,0,0,36,0,0,0,0,0
2026-04-07T04:15:18.186889,1428.713,0,0,0,0,0,0,0,0,0,0,36,0,0,0,0,0
2026-04-07T04:15:18.692479,1429.219,0,0,0,0,0,0,0,0,0,0,36,0,0,0,0,0
2026-04-07T04:15:19.198195,1429.724,0,0,0,0,0,0,0,0,0,0,36,0,0,0,0,0
2026-04-07T04:15:19.704391,1430.23,0,0,0,0,0,0,0,0,0,0,36,0,0,0,0,0
2026-04-07T04:15:20.210835,1430.736,0,0,0,0,0,0,0,0,0,0,36,0,0,0,0,0
2026-04-07T04:15:20.716617,1431.243,0,0,0,0,0,0,0,0,0,0,36,0,768,0,768,0
2026-04-07T04:15:21.224065,1431.748,0,0,0,0,0,0,0,0,0,0,36,0,0,0,0,0
2026-04-07T04:15:21.730815,1432.256,0,0,0,0,0,0,0,0,0,0,36,0,0,0,0,0
2026-04-07T04:15:22.236256,1432.763,0,0,0,0,0,0,0,0,0,0,36,0,0,0,0,0
2026-04-07T04:15:22.742005,1433.268,0,0,0,0,0,0,0,0,0,0,36,0,0,0,0,0
2026-04-07T04:15:23.247867,1433.774,0,0,0,0,0,0,0,0,0,0,36,0,0,0,0,0
2026-04-07T04:15:23.753450,1434.28,0,0,0,0,0,0,0,0,0,0,36,0,0,0,0,0
2026-04-07T04:15:24.258974,1434.785,0,0,0,0,0,0,0,0,0,0,36,0,0,0,0,0
2026-04-07T04:15:24.764413,1435.291,0,0,0,0,0,0,0,0,0,0,36,0,0,0,0,0
2026-04-07T04:15:25.269817,1435.796,0,0,0,0,0,0,0,0,0,0,36,0,0,0,0,0
2026-04-07T04:15:25.775773,1436.302,0,0,0,0,0,0,0,0,0,0,36,0,0,0,0,0
2026-04-07T04:15:26.282117,1436.808,0,0,0,0,0,0,0,0,0,0,36,0,0,0,0,0
2026-04-07T04:15:26.787946,1437.314,0,0,0,0,0,0,0,0,0,0,36,0,0,0,0,0
2026-04-07T04:15:27.293755,1437.82,0,0,0,0,0,0,0,0,0,0,36,0,0,0,0,0
2026-04-07T04:15:27.802406,1438.326,0,0,0,0,0,0,0,0,0,0,36,0,0,0,0,0
2026-04-07T04:15:28.310865,1438.834,0,0,0,0,0,0,0,0,0,0,36,0,0,0,0,0
2026-04-07T04:15:28.816520,1439.343,0,0,0,0,0,0,0,0,0,0,36,66120,0,66120,0,0
2026-04-07T04:15:29.321991,1439.848,0,0,0,0,0,0,0,0,0,0,36,0,0,0,0,0
2026-04-07T04:15:29.827727,1440.354,0,0,0,0,0,0,0,0,0,0,36,0,0,0,0,0
2026-04-07T04:15:30.333405,1440.859,0,0,0,0,0,0,0,0,0,0,36,0,0,0,0,0
2026-04-07T04:15:30.838666,1441.365,0,0,0,0,0,0,0,0,0,0,36,0,0,0,0,0
2026-04-07T04:15:31.343725,1441.87,0,0,0,0,0,0,0,0,0,0,36,0,768,0,768,0
2026-04-07T04:15:31.848955,1442.375,0,0,0,0,0,0,0,0,0,0,36,0,0,0,0,0
2026-04-07T04:15:32.354282,1442.881,0,0,0,0,0,0,0,0,0,0,36,0,0,0,0,0
2026-04-07T04:15:32.859407,1443.386,0,0,0,0,0,0,0,0,0,0,36,0,0,0,0,0
2026-04-07T04:15:33.364652,1443.891,0,0,0,0,0,0,0,0,0,0,36,0,0,0,0,0
2026-04-07T04:15:33.869796,1444.396,0,0,0,0,0,0,0,0,0,0,36,2560,0,1280,0,0
2026-04-07T04:15:34.374976,1444.902,0,0,0,0,0,0,0,0,0,0,36,0,0,0,0,0
2026-04-07T04:15:34.880433,1445.407,0,0,0,0,0,0,0,0,0,0,36,0,0,0,0,0
2026-04-07T04:15:35.386053,1445.912,0,0,0,0,0,0,0,0,0,0,36,0,0,0,0,0
2026-04-07T04:15:35.891399,1446.418,0,0,0,0,0,0,0,0,0,0,36,0,0,0,0,0
2026-04-07T04:15:36.396898,1446.923,0,0,0,0,0,0,0,0,0,0,36,0,0,0,0,0
2026-04-07T04:15:36.902255,1447.429,0,0,0,0,0,0,0,0,0,0,36,0,0,0,0,0
2026-04-07T04:15:37.408097,1447.934,0,0,0,0,0,0,0,0,0,0,36,0,0,0,0,0
2026-04-07T04:15:37.915842,1448.44,0,0,0,0,0,0,0,0,0,0,36,0,0,0,0,0
2026-04-07T04:15:38.422146,1448.948,0,0,0,0,0,0,0,0,0,0,36,0,0,0,0,0
2026-04-07T04:15:38.927522,1449.454,0,0,0,0,0,0,0,0,0,0,36,0,0,0,0,0
2026-04-07T04:15:39.434090,1449.959,0,0,0,0,0,0,0,0,0,0,36,0,0,0,0,0
2026-04-07T04:15:39.939450,1450.466,0,0,0,0,0,0,0,0,0,0,36,0,0,0,0,0
2026-04-07T04:15:40.444492,1450.971,0,0,0,0,0,0,0,0,0,0,36,0,0,0,0,0
2026-04-07T04:15:40.949578,1451.476,0,0,0,0,0,0,0,0,0,0,36,0,0,0,0,0
2026-04-07T04:15:41.454756,1451.981,0,0,0,0,0,0,0,0,0,0,36,0,0,0,0,0
2026-04-07T04:15:41.959831,1452.487,0,0,0,0,0,0,0,0,0,0,36,0,0,0,0,0
2026-04-07T04:15:42.464606,1452.991,0,0,0,0,0,0,0,0,0,0,36,0,0,0,0,0
2026-04-07T04:15:42.969911,1453.496,0,0,0,0,0,0,0,0,0,0,36,0,0,0,0,0
2026-04-07T04:15:43.475217,1454.002,0,0,0,0,0,0,0,0,0,0,36,0,0,0,0,0
2026-04-07T04:15:43.980460,1454.507,0,0,0,0,0,0,0,0,0,0,36,0,0,0,0,0
2026-04-07T04:15:44.485728,1455.012,0,0,0,0,0,0,0,0,0,0,36,0,0,0,0,0
2026-04-07T04:15:44.991135,1455.517,0,0,0,0,0,0,0,0,0,0,36,0,0,0,0,0
2026-04-07T04:15:45.496408,1456.023,0,0,0,0,0,0,0,0,0,0,36,0,0,0,0,0
2026-04-07T04:15:46.001864,1456.528,0,0,0,0,0,0,0,0,0,0,36,0,0,0,0,0
2026-04-07T04:15:46.507180,1457.034,0,0,0,0,0,0,0,0,0,0,36,0,0,0,0,0
2026-04-07T04:15:47.011806,1457.538,0,0,0,0,0,0,0,0,0,0,36,0,0,0,0,0
2026-04-07T04:15:47.517362,1458.043,0,0,0,0,0,0,0,0,0,0,36,0,0,0,0,0
2026-04-07T04:15:48.024217,1458.549,0,0,0,0,0,0,0,0,0,0,36,0,0,0,0,0
2026-04-07T04:15:48.530282,1459.056,0,0,0,0,0,0,0,0,0,0,36,0,0,0,0,0
2026-04-07T04:15:49.036949,1459.562,0,0,0,0,0,0,0,0,0,0,36,0,0,0,0,0
2026-04-07T04:15:49.543084,1460.069,0,0,0,0,0,0,0,0,0,0,36,0,0,0,0,0
2026-04-07T04:15:50.047587,1460.575,0,0,0,0,0,0,0,0,0,0,36,0,768,0,768,0
2026-04-07T04:15:50.551829,1461.079,0,0,0,0,0,0,0,0,0,0,36,0,0,0,0,0
2026-04-07T04:15:51.056348,1461.583,0,0,0,0,0,0,0,0,0,0,36,0,0,0,0,0
2026-04-07T04:15:51.561899,1462.088,0,0,0,0,0,0,0,0,0,0,36,0,768,0,768,0
2026-04-07T04:15:52.067129,1462.594,0,0,0,0,0,0,0,0,0,0,36,0,0,0,0,0
2026-04-07T04:15:52.572016,1463.099,0,0,0,0,0,0,0,0,0,0,36,0,0,0,0,0
2026-04-07T04:15:53.078833,1463.604,0,0,0,0,0,0,0,0,0,0,36,0,0,0,0,0
2026-04-07T04:15:53.583186,1464.111,0,0,0,0,0,0,0,0,0,0,36,0,0,0,0,0
2026-04-07T04:15:54.088159,1464.615,0,0,0,0,0,0,0,0,0,0,36,0,0,0,0,0
2026-04-07T04:15:54.592558,1465.12,0,0,0,0,0,0,0,0,0,0,36,0,0,0,0,0
2026-04-07T04:15:55.096769,1465.624,0,0,0,0,0,0,0,0,0,0,36,0,0,0,0,0
2026-04-07T04:15:55.601053,1466.128,0,0,0,0,0,0,0,0,0,0,36,0,0,0,0,0
2026-04-07T04:15:56.105626,1466.633,0,0,0,0,0,0,0,0,0,0,36,0,0,0,0,0
2026-04-07T04:15:56.609994,1467.137,0,0,0,0,0,0,0,0,0,0,36,0,0,0,0,0
2026-04-07T04:15:57.114943,1467.642,0,0,0,0,0,0,0,0,0,0,36,0,0,0,0,0
2026-04-07T04:15:57.619712,1468.147,0,0,0,0,0,0,0,0,0,0,36,0,0,0,0,0
2026-04-07T04:15:58.123656,1468.651,0,0,0,0,0,0,0,0,0,0,36,0,0,0,0,0
2026-04-07T04:15:58.627675,1469.155,0,0,0,0,0,0,0,0,0,0,36,0,0,0,0,0
2026-04-07T04:15:59.131710,1469.659,0,0,0,0,0,0,0,0,0,0,36,0,0,0,0,0
2026-04-07T04:15:59.635832,1470.163,0,0,0,0,0,0,0,0,0,0,36,0,0,0,0,0
2026-04-07T04:16:00.140210,1470.668,0,0,0,0,0,0,0,0,0,0,36,0,0,0,0,0
2026-04-07T04:16:00.644661,1471.172,0,0,0,0,0,0,0,0,0,0,36,0,0,0,0,0
2026-04-07T04:16:01.149682,1471.676,0,0,0,0,0,0,0,0,0,0,36,0,0,0,0,0
2026-04-07T04:16:01.654090,1472.181,0,0,0,0,0,0,0,0,0,0,36,0,0,0,0,0
2026-04-07T04:16:02.158441,1472.686,0,0,0,0,0,0,0,0,0,0,36,0,0,0,0,0
2026-04-07T04:16:02.662761,1473.19,0,0,0,0,0,0,0,0,0,0,36,0,0,0,0,0
2026-04-07T04:16:03.167602,1473.695,0,0,0,0,0,0,0,0,0,0,36,0,0,0,0,0
2026-04-07T04:16:03.671985,1474.199,0,0,0,0,0,0,0,0,0,0,36,0,0,0,0,0
2026-04-07T04:16:04.176425,1474.704,0,0,0,0,0,0,0,0,0,0,36,0,0,0,0,0
2026-04-07T04:16:04.681054,1475.208,0,0,0,0,0,0,0,0,0,0,36,0,0,0,0,0
2026-04-07T04:16:05.185348,1475.713,0,0,0,0,0,0,0,0,0,0,36,0,0,0,0,0
2026-04-07T04:16:05.689673,1476.217,0,0,0,0,0,0,0,0,0,0,36,0,0,0,0,0
2026-04-07T04:16:06.193931,1476.721,0,0,0,0,0,0,0,0,0,0,36,0,0,0,0,0
2026-04-07T04:16:06.698616,1477.226,0,0,0,0,0,0,0,0,0,0,36,0,0,0,0,0
2026-04-07T04:16:07.203415,1477.73,0,0,0,0,0,0,0,0,0,0,36,0,0,0,0,0
2026-04-07T04:16:07.707903,1478.235,0,0,0,0,0,0,0,0,0,0,36,0,0,0,0,0
2026-04-07T04:16:08.212356,1478.74,0,0,0,0,0,0,0,0,0,0,36,0,0,0,0,0
2026-04-07T04:16:08.719966,1479.244,0,0,0,0,0,0,0,0,0,0,36,0,0,0,0,0
2026-04-07T04:16:09.225035,1479.752,0,0,0,0,0,0,0,0,0,0,36,0,0,0,0,0
2026-04-07T04:16:09.730653,1480.257,0,0,0,0,0,0,0,0,0,0,36,0,0,0,0,0
2026-04-07T04:16:10.236749,1480.762,0,0,0,0,0,0,0,0,0,0,36,0,0,0,0,0
2026-04-07T04:16:10.741379,1481.269,0,0,0,0,0,0,0,0,0,0,36,0,0,0,0,0
2026-04-07T04:16:11.246146,1481.773,0,0,0,0,0,0,0,0,0,0,36,0,0,0,0,0
2026-04-07T04:16:11.751326,1482.278,0,0,0,0,0,0,0,0,0,0,36,0,0,0,0,0
2026-04-07T04:16:12.257195,1482.783,0,0,0,0,0,0,0,0,0,0,36,0,0,0,0,0
2026-04-07T04:16:12.761670,1483.289,0,0,0,0,0,0,0,0,0,0,36,0,0,0,0,0
2026-04-07T04:16:13.266113,1483.793,0,0,0,0,0,0,0,0,0,0,36,0,0,0,0,0
2026-04-07T04:16:13.771887,1484.298,0,0,0,0,0,0,0,0,0,0,36,0,0,0,0,0
2026-04-07T04:16:14.277493,1484.804,0,0,0,0,0,0,0,0,0,0,36,0,0,0,0,0
2026-04-07T04:16:14.781819,1485.309,0,0,0,0,0,0,0,0,0,0,36,0,0,0,0,0
2026-04-07T04:16:15.286852,1485.814,0,0,0,0,0,0,0,0,0,0,36,0,0,0,0,0
2026-04-07T04:16:15.791260,1486.319,0,0,0,0,0,0,0,0,0,0,36,0,0,0,0,0
2026-04-07T04:16:16.295629,1486.823,0,0,0,0,0,0,0,0,0,0,36,0,0,0,0,0
2026-04-07T04:16:16.800258,1487.327,0,0,0,0,0,0,0,0,0,0,36,0,0,0,0,0
2026-04-07T04:16:17.304943,1487.832,0,0,0,0,0,0,0,0,0,0,36,0,0,0,0,0
2026-04-07T04:16:17.809240,1488.337,0,0,0,0,0,0,0,0,0,0,36,0,0,0,0,0
2026-04-07T04:16:18.314003,1488.841,0,0,0,0,0,0,0,0,0,0,36,0,0,0,0,0
2026-04-07T04:16:18.818648,1489.346,0,0,0,0,0,0,0,0,0,0,36,0,0,0,0,0
2026-04-07T04:16:19.323899,1489.85,0,0,0,0,0,0,0,0,0,0,36,0,0,0,0,0
2026-04-07T04:16:19.829173,1490.356,0,0,0,0,0,0,0,0,0,0,36,0,0,0,0,0
2026-04-07T04:16:20.334745,1490.861,0,0,0,0,0,0,0,0,0,0,36,0,0,0,0,0
2026-04-07T04:16:20.841392,1491.367,0,0,0,0,0,0,0,0,0,0,36,0,0,0,0,0
2026-04-07T04:16:21.347929,1491.873,0,0,0,0,0,0,0,0,0,0,36,0,0,0,0,0
2026-04-07T04:16:21.853302,1492.38,0,0,0,0,0,0,0,0,0,0,36,0,0,0,0,0
2026-04-07T04:16:22.358960,1492.885,0,0,0,0,0,0,0,0,0,0,36,0,0,0,0,0
2026-04-07T04:16:22.865638,1493.391,0,0,0,0,0,0,0,0,0,0,36,0,0,0,0,0
2026-04-07T04:16:23.372245,1493.897,0,0,0,0,0,0,0,0,0,0,36,0,0,0,0,0
2026-04-07T04:16:23.878455,1494.404,0,0,0,0,0,0,0,0,0,0,36,0,0,0,0,0
2026-04-07T04:16:24.384430,1494.91,0,0,0,0,0,0,0,0,0,0,36,0,0,0,0,0
2026-04-07T04:16:24.890021,1495.416,0,0,0,0,0,0,0,0,0,0,36,0,768,0,768,0
2026-04-07T04:16:25.395256,1495.922,0,0,0,0,0,0,0,0,0,0,36,0,0,0,0,0
2026-04-07T04:16:25.900611,1496.427,0,0,0,0,0,0,0,0,0,0,36,0,0,0,0,0
2026-04-07T04:16:26.406228,1496.932,0,0,0,0,0,0,0,0,0,0,36,0,0,0,0,0
2026-04-07T04:16:26.911704,1497.438,0,0,0,0,0,0,0,0,0,0,36,0,0,0,0,0
2026-04-07T04:16:27.417022,1497.943,0,0,0,0,0,0,0,0,0,0,36,0,0,0,0,0
2026-04-07T04:16:27.922565,1498.449,0,0,0,0,0,0,0,0,0,0,36,0,0,0,0,0
2026-04-07T04:16:28.428307,1498.954,0,0,0,0,0,0,0,0,0,0,35,0,0,0,0,0
2026-04-07T04:16:28.933598,1499.46,0,0,0,0,0,0,0,0,0,0,35,0,0,0,0,0
2026-04-07T04:16:29.440296,1499.965,0,0,0,0,0,0,0,0,0,0,35,0,0,0,0,0
2026-04-07T04:16:29.947111,1500.472,0,0,0,0,0,0,0,0,0,0,35,0,0,0,0,0
2026-04-07T04:16:30.455566,1500.982,0,0,0,0,0,0,0,0,0,0,35,0,0,0,0,0
2026-04-07T04:16:30.960925,1501.487,0,0,0,0,0,0,0,0,0,0,35,0,0,0,0,0
2026-04-07T04:16:31.465945,1501.992,0,0,0,0,0,0,0,0,0,0,35,0,0,0,0,0
2026-04-07T04:16:31.971877,1502.498,0,0,0,0,0,0,0,0,0,0,35,0,0,0,0,0
2026-04-07T04:16:32.478644,1503.004,0,0,0,0,0,0,0,0,0,0,35,0,0,0,0,0
2026-04-07T04:16:32.984766,1503.51,0,0,0,0,0,0,0,0,0,0,35,0,0,0,0,0
2026-04-07T04:16:33.490484,1504.017,0,0,0,0,0,0,0,0,0,0,35,0,0,0,0,0
2026-04-07T04:16:33.995983,1504.522,0,0,0,0,0,0,0,0,0,0,35,0,0,0,0,0
2026-04-07T04:16:34.501331,1505.028,0,0,0,0,0,0,0,0,0,0,35,0,0,0,0,0
2026-04-07T04:16:35.007094,1505.533,0,0,0,0,0,0,0,0,0,0,35,0,0,0,0,0
2026-04-07T04:16:35.515247,1506.042,0,0,0,0,0,0,0,0,0,0,35,0,0,0,0,0
2026-04-07T04:16:36.021022,1506.547,0,0,0,0,0,0,0,0,0,0,35,0,0,0,0,0
2026-04-07T04:16:36.526240,1507.053,0,0,0,0,0,0,0,0,0,0,35,0,0,0,0,0
2026-04-07T04:16:37.032285,1507.558,0,0,0,0,0,0,0,0,0,0,35,0,0,0,0,0
2026-04-07T04:16:37.537844,1508.064,0,0,0,0,0,0,0,0,0,0,35,0,0,0,0,0
2026-04-07T04:16:38.043304,1508.57,0,0,0,0,0,0,0,0,0,0,35,0,0,0,0,0
2026-04-07T04:16:38.548930,1509.075,0,0,0,0,0,0,0,0,0,0,35,3840,0,1280,0,0
2026-04-07T04:16:39.054538,1509.581,0,0,0,0,0,0,0,0,0,0,35,0,0,0,0,0
2026-04-07T04:16:39.560392,1510.086,0,0,0,0,0,0,0,0,0,0,35,0,0,0,0,0
2026-04-07T04:16:40.066231,1510.592,0,0,0,0,0,0,0,0,0,0,35,0,0,0,0,0
2026-04-07T04:16:40.574652,1511.1,0,0,0,0,0,0,0,0,0,0,35,0,0,0,0,0
2026-04-07T04:16:41.081020,1511.606,0,0,0,0,0,0,0,0,0,0,35,0,0,0,0,0
2026-04-07T04:16:41.586748,1512.113,0,0,0,0,0,0,0,0,0,0,35,66120,0,66120,0,0
2026-04-07T04:16:42.092598,1512.619,0,0,0,0,0,0,0,0,0,0,35,0,0,0,0,0
2026-04-07T04:16:42.597994,1513.124,0,0,0,0,0,0,0,0,0,0,35,0,0,0,0,0
2026-04-07T04:16:43.103672,1513.63,0,0,0,0,0,0,0,0,0,0,35,0,0,0,0,0
2026-04-07T04:16:43.608479,1514.135,0,0,0,0,0,0,0,0,0,0,35,0,0,0,0,0
2026-04-07T04:16:44.113668,1514.64,0,0,0,0,0,0,0,0,0,0,35,0,0,0,0,0
2026-04-07T04:16:44.619075,1515.145,0,0,0,0,0,0,0,0,0,0,35,0,0,0,0,0
2026-04-07T04:16:45.125094,1515.651,0,0,0,0,0,0,0,0,0,0,35,0,0,0,0,0
2026-04-07T04:16:45.630576,1516.157,0,0,0,0,0,0,0,0,0,0,35,0,0,0,0,0
2026-04-07T04:16:46.136030,1516.662,0,0,0,0,0,0,0,0,0,0,35,0,0,0,0,0
