timestamp,elapsed_s,rx_bytes_delta,tx_bytes_delta,rx_packets_delta,tx_packets_delta,rx_errs,tx_errs,rx_drop,tx_drop,rx_bps,tx_bps,udp_sockets,total_rx_queue,total_tx_queue,max_rx_queue,max_tx_queue,ss_udp_total
2026-04-07T04:11:38.478233,0.001,39373198,34819501,322475,195952,0,0,66939,0,0,0,4,0,0,0,0,0
2026-04-07T04:11:39.009371,0.567,2412,322,9,1,0,0,66940,0,4262,569,4,0,0,0,0,0
2026-04-07T04:11:39.554223,1.098,1236,322,5,1,0,0,66941,0,2329,607,4,0,0,0,0,0
2026-04-07T04:11:40.101792,1.643,7312,966,24,3,0,0,66941,0,13413,1772,4,0,0,0,0,0
2026-04-07T04:11:40.648101,2.191,60,0,1,0,0,0,66942,0,110,0,4,0,0,0,0,0
2026-04-07T04:11:41.181624,2.737,1176,322,4,1,0,0,66942,0,2154,590,4,0,0,0,0,0
2026-04-07T04:11:41.720596,3.271,2590,322,11,1,0,0,66943,0,4853,603,4,0,0,0,0,0
2026-04-07T04:11:42.261780,3.81,0,0,0,0,0,0,66943,0,0,0,4,0,0,0,0,0
2026-04-07T04:11:42.821703,4.357,2412,322,9,1,0,0,66944,0,4411,589,4,0,0,0,0,0
2026-04-07T04:11:43.365717,4.911,3656,1020,12,4,0,0,66944,0,6597,1840,8,0,0,0,0,0
2026-04-07T04:11:43.919696,5.455,33362,34096,168,122,0,0,66945,0,61325,62674,9,0,0,0,0,0
2026-04-07T04:11:44.491282,6.009,50394,112056,299,414,0,0,66945,0,90981,202305,14,320704,768,172352,768,0
2026-04-07T04:11:45.046234,6.58,557758,190066,2284,759,0,0,66946,0,975364,332373,24,134592,0,92800,0,0
2026-04-07T04:11:45.611533,7.135,616178,484868,3414,1670,0,0,66947,0,1110704,874008,29,639616,0,198592,0,0
2026-04-07T04:11:46.186706,7.709,819704,245182,5018,1285,0,0,66947,0,1428840,427381,29,0,0,0,0,0
2026-04-07T04:11:46.723123,8.281,365314,173148,2421,1046,0,0,66948,0,638586,302671,34,0,0,0,0,0
2026-04-07T04:11:47.256678,8.812,203254,215192,1324,1288,0,0,66948,0,382685,405162,34,61824,0,61824,0,0
2026-04-07T04:11:47.807785,9.348,513932,357862,3665,1719,0,0,66949,0,959264,667956,39,404416,0,166528,0,0
2026-04-07T04:11:48.343508,9.897,276542,219134,2096,1419,0,0,66949,0,503851,399255,39,0,0,0,0,0
2026-04-07T04:11:48.884335,10.433,621972,303034,4269,1795,0,0,66950,0,1160685,565503,44,253504,0,172800,0,0
2026-04-07T04:11:49.402973,10.973,942658,483814,7062,3123,0,0,66950,0,1744953,895588,49,884736,768,170816,768,0
2026-04-07T04:11:49.916432,11.492,878476,822746,7372,6193,0,0,66951,0,1693233,1585815,54,925056,768,202752,768,0
2026-04-07T04:11:50.428476,12.005,178086,124116,1471,1140,0,0,66951,0,347034,241864,54,0,0,0,0,0
2026-04-07T04:11:50.941053,12.517,47484,49144,397,398,0,0,66952,0,92742,95984,54,0,0,0,0,0
2026-04-07T04:11:51.450831,13.03,5528,7682,30,29,0,0,66952,0,10776,14975,54,0,0,0,0,0
2026-04-07T04:11:51.958360,13.539,16024,16282,75,63,0,0,66953,0,31459,31966,54,0,0,0,0,0
2026-04-07T04:11:52.469649,14.047,2452,7054,26,25,0,0,66953,0,4828,13891,54,0,0,0,0,0
2026-04-07T04:11:52.980426,14.558,5938,21356,46,76,0,0,66954,0,11614,41770,54,0,0,0,0,0
2026-04-07T04:11:53.493991,15.069,2756,5980,21,20,0,0,66955,0,5398,11712,54,0,0,0,0,0
2026-04-07T04:11:54.009191,15.583,9628,14204,46,50,0,0,66955,0,18736,27641,54,0,0,0,0,0
2026-04-07T04:11:54.523036,16.098,7434,14550,50,51,0,0,66956,0,14432,28246,54,0,0,0,0,0
2026-04-07T04:11:55.038637,16.612,14922,8428,65,30,0,0,66956,0,29037,16400,54,0,0,0,0,0
2026-04-07T04:11:55.557545,17.127,1196,7054,13,25,0,0,66957,0,2320,13683,54,0,0,0,0,0
2026-04-07T04:11:56.072472,17.646,6630,26560,47,90,0,0,66957,0,12779,51195,54,0,0,0,0,0
2026-04-07T04:11:56.585492,18.161,10094,438,50,3,0,0,66958,0,19610,851,54,0,0,0,0,0
2026-04-07T04:11:57.101312,18.674,2642,14370,27,51,0,0,66958,0,5145,27985,54,0,0,0,0,0
2026-04-07T04:11:57.619299,19.19,6118,14550,36,51,0,0,66959,0,11862,28210,54,0,0,0,0,0
2026-04-07T04:11:58.137544,19.708,14264,8262,58,29,0,0,66959,0,27541,15953,54,0,0,0,0,0
2026-04-07T04:11:58.651211,20.226,3612,13962,37,49,0,0,66960,0,6970,26941,54,0,0,0,0,0
2026-04-07T04:11:59.170853,20.74,6188,19818,44,67,0,0,66960,0,12045,38577,54,0,0,0,0,0
2026-04-07T04:11:59.684709,21.259,8778,438,36,3,0,0,66961,0,16897,843,54,0,0,0,0,0
2026-04-07T04:12:00.202586,21.774,2342,14350,23,51,0,0,66961,0,4555,27912,54,0,0,0,0,0
2026-04-07T04:12:00.716937,22.291,7494,14592,51,52,0,0,66962,0,14475,28185,54,0,0,0,0,0
2026-04-07T04:12:01.233483,22.806,14984,15044,68,52,0,0,66962,0,29128,29245,54,0,0,0,0,0
2026-04-07T04:12:01.750472,23.322,4228,7200,25,26,0,0,66963,0,8186,13939,54,0,0,0,0,0
2026-04-07T04:12:02.264884,23.839,3774,19840,35,68,0,0,66963,0,7301,38382,54,0,0,0,0,0
2026-04-07T04:12:02.781431,24.354,10836,7588,57,28,0,0,66964,0,21063,14750,54,0,0,0,0,0
2026-04-07T04:12:03.299127,24.87,6142,14370,39,51,0,0,66964,0,11889,27816,54,0,0,0,0,0
2026-04-07T04:12:03.817511,25.388,5698,7494,30,27,0,0,66965,0,11008,14478,54,0,0,0,0,0
2026-04-07T04:12:04.335595,25.906,10862,15024,51,52,0,0,66965,0,20954,28983,54,0,0,0,0,0
2026-04-07T04:12:04.850566,26.424,6202,7200,46,26,0,0,66966,0,11971,13898,54,0,0,0,0,0
2026-04-07T04:12:05.369394,26.939,3238,19860,30,68,0,0,66966,0,6287,38564,54,0,0,0,0,0
2026-04-07T04:12:05.885766,27.458,9520,7588,43,28,0,0,66967,0,18350,14626,54,0,0,0,0,0
2026-04-07T04:12:06.402472,27.974,7158,14350,49,51,0,0,66967,0,13879,27824,54,0,0,0,0,0
2026-04-07T04:12:06.918511,28.491,15724,15484,73,54,0,0,66968,0,30388,29924,54,0,0,0,0,0
2026-04-07T04:12:07.435276,29.007,1136,7054,12,25,0,0,66968,0,2202,13672,54,0,0,0,0,0
2026-04-07T04:12:07.950503,29.524,5068,21018,37,73,0,0,66969,0,9806,40668,54,0,0,0,0,0
2026-04-07T04:12:08.464985,30.039,4012,5980,34,20,0,0,66969,0,7788,11608,54,0,0,0,0,0
2026-04-07T04:12:08.980476,30.554,10704,14548,57,52,0,0,66970,0,20807,28278,54,0,0,0,0,0
2026-04-07T04:12:09.497381,31.069,5018,7348,26,26,0,0,66971,0,9731,14249,54,0,0,0,0,0
2026-04-07T04:12:10.015776,31.586,15006,15318,65,53,0,0,66971,0,29041,29645,54,0,0,0,0,0
2026-04-07T04:12:10.534885,32.104,2870,7200,30,26,0,0,66972,0,5536,13888,54,0,0,0,0,0
2026-04-07T04:12:11.049130,32.624,5772,21216,44,74,0,0,66972,0,11119,40870,54,0,0,0,0,0
2026-04-07T04:12:11.567618,33.138,6220,5834,31,19,0,0,66973,0,12097,11346,54,0,0,0,0,0
2026-04-07T04:12:12.083131,33.656,6058,14256,35,50,0,0,66973,0,11684,27494,54,0,0,0,0,0
2026-04-07T04:12:12.600539,34.172,7494,14592,51,52,0,0,66974,0,14539,28309,54,0,0,0,0,0
2026-04-07T04:12:13.117460,34.689,15028,8460,66,30,0,0,66974,0,29060,16359,54,0,0,0,0,0
2026-04-07T04:12:13.632283,35.206,2190,13962,22,49,0,0,66975,0,4234,26993,54,0,0,0,0,0
2026-04-07T04:12:14.149654,35.721,5636,19652,38,66,0,0,66975,0,10947,38172,54,0,0,0,0,0
2026-04-07T04:12:14.663980,36.238,10094,438,50,3,0,0,66976,0,19510,847,54,0,0,0,0,0
2026-04-07T04:12:15.177960,36.753,3000,14454,30,51,0,0,66976,0,5832,28097,54,0,0,0,0,0
2026-04-07T04:12:15.696668,37.267,6012,14550,35,51,0,0,66977,0,11699,28313,54,0,0,0,0,0
2026-04-07T04:12:16.216065,37.785,14012,8116,56,28,0,0,66977,0,27009,15644,54,0,0,0,0,0
2026-04-07T04:12:16.733663,38.305,3612,13962,37,49,0,0,66978,0,6954,26881,54,0,0,0,0,0
2026-04-07T04:12:17.249098,38.822,6772,20080,50,70,0,0,66978,0,13086,38803,54,0,0,0,0,0
2026-04-07T04:12:17.762451,39.338,9520,7494,43,27,0,0,66979,0,18470,14539,54,0,0,0,0,0
2026-04-07T04:12:18.279878,39.851,5378,14110,31,49,0,0,66979,0,10474,27479,54,0,0,0,0,0
2026-04-07T04:12:18.797968,40.369,7014,7494,44,27,0,0,66980,0,13557,14485,54,0,0,0,0,0
2026-04-07T04:12:19.315977,40.887,11626,15222,59,53,0,0,66980,0,22441,29382,54,0,0,0,0,0
2026-04-07T04:12:19.835281,41.405,4228,7200,25,26,0,0,66981,0,8162,13899,54,0,0,0,0,0
2026-04-07T04:12:20.354846,41.924,3178,19652,29,66,0,0,66981,0,6121,37851,54,0,0,0,0,0
2026-04-07T04:12:20.872645,42.443,11494,7494,64,27,0,0,66982,0,22121,14423,54,0,0,0,0,0
2026-04-07T04:12:21.389275,42.961,5842,14454,35,51,0,0,66982,0,11291,27935,54,0,0,0,0,0
2026-04-07T04:12:21.906767,43.478,14646,8556,60,30,0,0,66983,0,28321,16545,54,0,0,0,0,0
2026-04-07T04:12:22.417529,43.995,3230,13962,35,49,0,0,66983,0,6245,26993,54,0,0,0,0,0
2026-04-07T04:12:22.936199,44.506,5054,14014,36,49,0,0,66984,0,9892,27429,54,0,0,0,0,0
2026-04-07T04:12:23.450669,45.025,3116,13036,26,44,0,0,66984,0,6008,25135,54,0,0,0,0,0
2026-04-07T04:12:23.968721,45.539,9940,14256,49,50,0,0,66985,0,19317,27705,54,0,0,0,0,0
2026-04-07T04:12:24.486129,46.057,6632,7494,42,27,0,0,66985,0,12801,14465,54,0,0,0,0,0
2026-04-07T04:12:25.003956,46.575,15472,15370,71,53,0,0,66986,0,29906,29709,54,0,0,0,0,0
2026-04-07T04:12:25.521449,47.093,1554,7200,16,26,0,0,66987,0,3001,13905,54,0,0,0,0,0
2026-04-07T04:12:26.039844,47.61,5008,21018,36,73,0,0,66987,0,9677,40614,54,0,0,0,0,0
2026-04-07T04:12:26.553576,48.128,7894,5980,48,20,0,0,66988,0,15232,11539,54,0,0,0,0,0
2026-04-07T04:12:27.072630,48.642,6464,14308,40,50,0,0,66988,0,12578,27841,54,0,0,0,0,0
2026-04-07T04:12:27.587874,49.161,6118,14550,36,51,0,0,66989,0,11790,28038,54,0,0,0,0,0
2026-04-07T04:12:28.106855,49.677,14264,8262,58,29,0,0,66989,0,27682,16034,54,0,0,0,0,0
2026-04-07T04:12:28.624659,50.196,2870,8964,30,32,0,0,66990,0,5529,17270,54,0,1280,0,1280,0
2026-04-07T04:12:29.139764,50.713,7454,25036,56,86,0,0,66990,0,14411,48402,54,0,0,0,0,0
2026-04-07T04:12:29.655961,51.229,8420,292,33,2,0,0,66991,0,16327,566,54,0,0,0,0,0
2026-04-07T04:12:30.173689,51.745,2236,14256,22,50,0,0,66991,0,4332,27622,54,0,0,0,0,0
2026-04-07T04:12:30.688002,52.262,7434,14550,50,51,0,0,66992,0,14360,28106,54,0,0,0,0,0
2026-04-07T04:12:31.204842,52.777,15028,8460,66,30,0,0,66992,0,29218,16448,54,0,0,0,0,0
2026-04-07T04:12:31.722548,53.294,2190,13962,22,49,0,0,66993,0,4233,26989,54,0,0,0,0,0
2026-04-07T04:12:32.240173,53.811,5636,19652,38,66,0,0,66993,0,10897,37998,54,0,0,0,0,0
2026-04-07T04:12:32.756243,54.329,10836,7494,57,27,0,0,66994,0,20932,14476,54,0,0,0,0,0
2026-04-07T04:12:33.273211,54.845,6500,14454,42,51,0,0,66994,0,12593,28004,54,0,0,0,0,0
2026-04-07T04:12:33.790399,55.362,5698,7494,30,27,0,0,66995,0,11025,14500,54,0,0,0,0,0
2026-04-07T04:12:34.309622,55.879,10504,14878,48,51,0,0,66995,0,20304,28759,54,0,0,0,0,0
2026-04-07T04:12:34.825619,56.398,5544,7200,39,26,0,0,66996,0,10681,13871,54,0,0,0,0,0
2026-04-07T04:12:35.343828,56.914,4300,19996,40,68,0,0,66996,0,8331,38741,54,0,0,0,0,0
2026-04-07T04:12:35.858852,57.432,9520,7494,43,27,0,0,66997,0,18374,14464,54,0,0,0,0,0
2026-04-07T04:12:36.375374,57.947,5438,14152,32,50,0,0,66997,0,10559,27479,54,5504,0,2752,0,0
2026-04-07T04:12:36.892362,58.464,16620,8556,81,30,0,0,66998,0,32173,16563,54,0,0,0,0,0
2026-04-07T04:12:37.413160,58.984,2020,14160,22,50,0,0,66998,0,3882,27210,54,0,0,0,0,0
2026-04-07T04:12:37.930434,59.502,4648,13962,31,49,0,0,66999,0,8984,26987,54,0,0,0,0,0
2026-04-07T04:12:38.443506,60.019,4432,13036,40,44,0,0,66999,0,8567,25199,54,0,0,0,0,0
2026-04-07T04:12:38.960799,60.532,10346,14308,54,50,0,0,67000,0,20164,27886,54,0,0,0,0,0
2026-04-07T04:12:39.472394,61.049,5316,7494,28,27,0,0,67000,0,10277,14488,54,0,0,0,0,0
2026-04-07T04:12:39.989453,61.561,15066,15318,66,53,0,0,67001,0,29447,29939,54,0,0,0,0,0
2026-04-07T04:12:40.506195,62.078,2810,7200,29,26,0,0,67001,0,5435,13926,54,0,0,0,0,0
2026-04-07T04:12:41.020665,62.595,5474,21070,42,73,0,0,67002,0,10593,40774,54,0,0,0,0,0
2026-04-07T04:12:41.534728,63.109,2756,5980,21,20,0,0,67003,0,5358,11625,54,0,0,0,0,0
2026-04-07T04:12:42.050959,63.623,9940,14298,49,51,0,0,67003,0,19335,27812,54,0,0,0,0,0
2026-04-07T04:12:42.564238,64.144,7434,14550,50,51,0,0,67004,0,14285,27960,54,0,0,0,0,0
2026-04-07T04:12:43.092053,64.656,14670,8314,63,29,0,0,67004,0,28618,16219,54,0,0,0,0,0
2026-04-07T04:12:43.609585,65.181,1554,7200,16,26,0,0,67005,0,2962,13726,54,0,0,0,0,0
2026-04-07T04:12:44.124179,65.698,6630,26560,47,90,0,0,67005,0,12818,51349,54,0,0,0,0,0
2026-04-07T04:12:44.647861,66.213,10094,438,50,3,0,0,67006,0,19611,851,54,0,0,0,0,0
2026-04-07T04:12:45.161468,66.737,3000,14454,30,51,0,0,67006,0,5727,27593,54,0,0,0,0,0
2026-04-07T04:12:45.676418,67.25,5760,14404,33,50,0,0,67007,0,11219,28056,54,0,0,0,0,0
2026-04-07T04:12:46.193703,67.765,14264,8262,58,29,0,0,67007,0,27695,16041,54,0,0,0,0,0
2026-04-07T04:12:46.713541,68.282,3612,13962,37,49,0,0,67008,0,6983,26993,54,0,0,0,0,0
2026-04-07T04:12:47.228936,68.802,6652,19996,48,68,0,0,67008,0,12799,38475,54,0,0,0,0,0
2026-04-07T04:12:47.748514,69.318,8546,292,34,2,0,0,67009,0,16575,566,54,1536,0,768,0,0
2026-04-07T04:12:48.263950,69.837,6352,21312,40,74,0,0,67009,0,12236,41052,54,0,0,0,0,0
2026-04-07T04:12:48.781169,70.353,7014,7494,44,27,0,0,67010,0,13599,14530,54,0,0,0,0,0
2026-04-07T04:12:49.299566,70.87,11626,15222,59,53,0,0,67010,0,22476,29428,54,0,0,0,0,0
2026-04-07T04:12:49.816244,71.388,4122,7294,24,27,0,0,67011,0,7951,14069,54,0,0,0,0,0
2026-04-07T04:12:50.333639,71.905,3284,19652,30,66,0,0,67011,0,6358,38045,54,0,0,0,0,0
2026-04-07T04:12:50.849517,72.422,11494,7494,64,27,0,0,67012,0,22213,14483,54,0,0,0,0,0
2026-04-07T04:12:51.368835,72.938,5842,14454,35,51,0,0,67012,0,11324,28018,54,0,0,0,0,0
2026-04-07T04:12:51.885361,73.458,14646,8556,60,30,0,0,67013,0,28204,16476,54,0,0,0,0,0
2026-04-07T04:12:52.403027,73.974,2872,13816,32,48,0,0,67013,0,5560,26746,54,0,0,0,0,0
2026-04-07T04:12:52.917404,74.491,5412,14160,39,50,0,0,67014,0,10464,27379,54,0,0,0,0,0
2026-04-07T04:12:53.435548,75.006,3176,13078,27,45,0,0,67014,0,6170,25406,54,0,0,0,0,0
2026-04-07T04:12:53.953418,75.524,10060,14340,51,52,0,0,67015,0,19415,27676,54,0,0,0,0,0
2026-04-07T04:12:54.468771,76.042,6526,7494,41,27,0,0,67015,0,12600,14469,54,0,0,0,0,0
2026-04-07T04:12:54.986727,76.558,15578,15370,72,53,0,0,67016,0,30226,29822,54,0,0,0,0,0
2026-04-07T04:12:55.503512,77.075,1494,7200,15,26,0,0,67016,0,2884,13900,54,0,0,0,0,0
2026-04-07T04:12:56.022686,77.592,5068,21018,37,73,0,0,67017,0,9808,40676,54,0,0,0,0,0
2026-04-07T04:12:56.542205,78.111,4072,5980,35,20,0,0,67018,0,7844,11519,54,0,0,0,0,0
2026-04-07T04:12:57.061456,78.631,10286,14308,53,50,0,0,67018,0,19797,27538,54,0,0,0,0,0
2026-04-07T04:12:57.577390,79.15,6118,14550,36,51,0,0,67019,0,11783,28023,54,0,0,0,0,0
2026-04-07T04:12:58.090396,79.666,14264,8262,58,29,0,0,67019,0,27672,16028,54,0,0,0,0,0
2026-04-07T04:12:58.608430,80.179,2870,7200,30,26,0,0,67020,0,5588,14019,54,0,0,0,0,0
2026-04-07T04:12:59.128503,80.697,7036,26612,52,90,0,0,67020,0,13592,51408,54,0,0,0,0,0
2026-04-07T04:12:59.647585,81.217,8778,438,36,3,0,0,67021,0,16880,842,54,0,0,0,0,0
2026-04-07T04:13:00.166603,81.736,2236,14256,22,50,0,0,67021,0,4305,27447,54,0,0,0,0,0
2026-04-07T04:13:00.683186,82.255,7434,14550,50,51,0,0,67022,0,14326,28039,54,0,0,0,0,0
2026-04-07T04:13:01.201673,82.772,14670,8314,63,29,0,0,67022,0,28391,16090,54,2752,768,2752,768,0
2026-04-07T04:13:01.719471,83.29,2296,13962,23,49,0,0,67023,0,4429,26930,54,0,0,0,0,0
2026-04-07T04:13:02.238518,83.808,5888,19798,40,67,0,0,67023,0,11371,38235,54,0,0,0,0,0
2026-04-07T04:13:02.755281,84.327,10094,438,50,3,0,0,67024,0,19449,844,54,0,0,0,0,0
2026-04-07T04:13:03.273055,84.844,7136,21510,48,75,0,0,67024,0,13805,41613,54,0,0,0,0,0
2026-04-07T04:13:03.790519,85.362,5446,7348,28,26,0,0,67025,0,10522,14197,54,0,0,0,0,0
2026-04-07T04:13:04.306403,85.879,10862,15024,51,52,0,0,67025,0,20989,29031,54,0,0,0,0,0
2026-04-07T04:13:04.819551,86.395,5633,7200,40,26,0,0,67026,0,10916,13953,54,0,0,0,0,0
2026-04-07T04:13:05.334146,86.908,4300,19996,40,68,0,0,67026,0,8380,38970,54,0,0,0,0,0
2026-04-07T04:13:05.850131,87.423,9162,7348,40,26,0,0,67027,0,17807,14281,54,0,0,0,0,0
2026-04-07T04:13:06.367699,87.939,5796,14298,35,51,0,0,67027,0,11233,27709,54,0,0,0,0,0
2026-04-07T04:13:06.884365,88.456,16620,8556,81,30,0,0,67028,0,32113,16532,54,0,0,0,0,0
2026-04-07T04:13:07.397435,88.973,2020,14160,22,50,0,0,67028,0,3911,27418,54,0,0,0,0,0
2026-04-07T04:13:07.915123,89.486,4290,13816,28,48,0,0,67029,0,8357,26914,54,0,0,0,0,0
2026-04-07T04:13:08.432905,90.004,4432,13130,40,45,0,0,67029,0,8562,25365,54,0,0,0,0,0
2026-04-07T04:13:08.948506,90.522,10704,14454,57,51,0,0,67030,0,20675,27918,54,0,0,0,0,0
2026-04-07T04:13:09.463341,91.037,5316,7494,28,27,0,0,67030,0,10310,14534,54,0,0,0,0,0
2026-04-07T04:13:09.978993,91.552,14708,15172,63,52,0,0,67031,0,28569,29471,54,0,0,0,0,0
2026-04-07T04:13:10.496084,92.068,2810,7200,29,26,0,0,67031,0,5448,13960,54,0,0,0,0,0
2026-04-07T04:13:11.015022,92.585,5892,21258,46,75,0,0,67032,0,11395,41113,54,0,0,0,0,0
2026-04-07T04:13:11.528663,93.104,2696,5980,20,20,0,0,67032,0,5196,11525,54,0,0,0,0,0
2026-04-07T04:13:12.047593,93.617,9582,14110,46,49,0,0,67033,0,18650,27463,54,0,0,0,0,0
2026-04-07T04:13:12.564907,94.136,7434,14550,50,51,0,0,67034,0,14330,28047,54,0,0,0,0,0
2026-04-07T04:13:13.081961,94.654,15028,8460,66,30,0,0,67034,0,29044,16351,54,0,0,0,0,0
2026-04-07T04:13:13.603701,95.174,1554,7200,16,26,0,0,67035,0,2984,13825,54,0,0,0,0,0
2026-04-07T04:13:14.117443,95.692,6630,26560,47,90,0,0,67035,0,12800,51278,54,0,0,0,0,0
2026-04-07T04:13:14.636723,96.206,9736,292,47,2,0,0,67036,0,18954,568,54,0,0,0,0,0
2026-04-07T04:13:15.152731,96.725,3000,14454,30,51,0,0,67036,0,5777,27836,54,0,0,0,0,0
2026-04-07T04:13:15.670812,97.241,6118,14550,36,51,0,0,67037,0,11852,28188,54,0,0,0,0,0
2026-04-07T04:13:16.185254,97.759,14264,8262,58,29,0,0,67037,0,27538,15950,54,0,0,0,0,0
2026-04-07T04:13:16.704187,98.274,3254,13816,34,48,0,0,67038,0,6324,26852,54,0,0,0,0,0
2026-04-07T04:13:17.223260,98.793,6652,19996,48,68,0,0,67038,0,12819,38534,54,0,0,0,0,0
2026-04-07T04:13:17.742527,99.312,8778,438,36,3,0,0,67039,0,16911,844,54,0,0,0,0,0
2026-04-07T04:13:18.261255,99.831,6478,21312,41,74,0,0,67039,0,12477,41047,54,35776,0,5504,0,0
2026-04-07T04:13:18.780914,100.35,6716,7390,42,27,0,0,67040,0,12948,14247,54,0,0,0,0,0
2026-04-07T04:13:19.296421,100.87,11626,15222,59,53,0,0,67040,0,22361,29277,54,0,0,0,0,0
2026-04-07T04:13:19.813699,101.385,4228,7200,25,26,0,0,67041,0,8205,13973,54,0,0,0,0,0
2026-04-07T04:13:20.330716,101.902,3625,19798,33,67,0,0,67041,0,7009,38277,54,0,0,0,0,0
2026-04-07T04:13:20.849919,102.421,10730,7348,56,26,0,0,67042,0,20668,14154,54,5504,0,2752,0,0
2026-04-07T04:13:21.365820,102.939,6248,14454,40,51,0,0,67042,0,12083,27952,54,0,0,0,0,0
2026-04-07T04:13:21.882224,103.454,14646,8556,60,30,0,0,67043,0,28395,16588,54,0,0,0,0,0
2026-04-07T04:13:22.401543,103.971,3230,13962,35,49,0,0,67043,0,6253,27029,54,0,0,0,0,0
2026-04-07T04:13:22.918192,104.492,5054,14014,36,49,0,0,67044,0,9691,26873,54,2752,0,2752,0,0
2026-04-07T04:13:23.434180,105.007,3116,13036,26,44,0,0,67044,0,6058,25345,54,0,0,0,0,0
2026-04-07T04:13:23.953086,105.523,9940,14256,49,50,0,0,67045,0,19262,27625,54,0,0,0,0,0
2026-04-07T04:13:24.469350,106.042,6632,7494,42,27,0,0,67045,0,12778,14438,54,0,0,0,0,0
2026-04-07T04:13:24.988583,106.558,15472,15370,71,53,0,0,67046,0,29973,29776,54,2752,0,2752,0,0
2026-04-07T04:13:25.504838,107.077,1494,7200,15,26,0,0,67046,0,2880,13878,54,0,0,0,0,0
2026-04-07T04:13:26.023363,107.594,5128,21060,38,74,0,0,67047,0,9923,40752,54,0,0,0,0,0
2026-04-07T04:13:26.541771,108.112,4012,5980,34,20,0,0,67047,0,7739,11535,54,0,0,0,0,0
2026-04-07T04:13:27.054047,108.63,10598,14454,56,51,0,0,67048,0,20444,27882,54,0,0,0,0,0
2026-04-07T04:13:27.572380,109.143,5866,14404,34,50,0,0,67049,0,11451,28118,54,0,0,0,0,0
2026-04-07T04:13:28.089502,109.661,14264,8262,58,29,0,0,67049,0,27518,15939,54,0,0,0,0,0
2026-04-07T04:13:28.605780,110.178,2870,7200,30,26,0,0,67050,0,5550,13924,54,0,0,0,0,0
2026-04-07T04:13:29.119161,110.695,7394,26758,55,91,0,0,67050,0,14316,51808,54,0,0,0,0,0
2026-04-07T04:13:29.638942,111.208,8494,292,34,2,0,0,67051,0,16548,569,54,0,0,0,0,0
2026-04-07T04:13:30.156530,111.728,2236,14256,22,50,0,0,67051,0,4302,27429,54,0,0,0,0,0
2026-04-07T04:13:30.671834,112.245,7508,14550,51,51,0,0,67052,0,14505,28110,54,0,0,0,0,0
2026-04-07T04:13:31.185295,112.761,15148,8544,68,32,0,0,67052,0,29397,16581,54,0,0,0,0,0
2026-04-07T04:13:31.701226,113.274,1938,13816,20,48,0,0,67053,0,3774,26908,54,0,0,0,0,0
2026-04-07T04:13:32.219317,113.79,5888,19798,40,67,0,0,67053,0,11413,38374,54,0,0,0,0,0
2026-04-07T04:13:32.737113,114.308,10168,438,51,3,0,0,67054,0,19624,845,54,0,0,0,0,0
2026-04-07T04:13:33.252470,114.826,3420,21510,36,75,0,0,67054,0,6604,41535,54,0,0,0,0,0
2026-04-07T04:13:33.772072,115.341,9162,7348,40,26,0,0,67055,0,17792,14270,54,0,0,0,0,0
2026-04-07T04:13:34.288477,115.861,10862,15024,51,52,0,0,67055,0,20896,28903,54,0,0,0,0,0
2026-04-07T04:13:34.805745,116.377,5544,7200,39,26,0,0,67056,0,10734,13940,54,0,0,0,0,0
2026-04-07T04:13:35.324997,116.895,4300,19996,40,68,0,0,67056,0,8312,38653,54,0,0,0,0,0
2026-04-07T04:13:35.840718,117.414,9609,7494,44,27,0,0,67057,0,18509,14435,54,0,0,0,0,0
2026-04-07T04:13:36.359598,117.929,5378,14204,31,50,0,0,67057,0,10430,27546,54,0,0,0,0,0
2026-04-07T04:13:36.875740,118.448,16036,8556,75,30,0,0,67058,0,30899,16486,54,0,0,0,0,0
2026-04-07T04:13:37.393011,118.964,2678,14160,29,50,0,0,67058,0,5188,27434,54,0,0,0,0,0
2026-04-07T04:13:37.907066,119.482,4648,13962,31,49,0,0,67059,0,8986,26993,54,0,0,0,0,0
2026-04-07T04:13:38.425148,119.996,4074,12890,37,43,0,0,67059,0,7924,25072,54,0,0,0,0,0
2026-04-07T04:13:38.941622,120.514,10704,14454,57,51,0,0,67060,0,20665,27904,54,0,0,0,0,0
2026-04-07T04:13:39.456265,121.03,5316,7494,28,27,0,0,67060,0,10292,14509,54,0,0,0,0,0
2026-04-07T04:13:39.970620,121.545,15066,15318,66,53,0,0,67061,0,29276,29765,54,0,0,0,0,0
2026-04-07T04:13:40.487293,122.059,2452,7054,26,25,0,0,67061,0,4767,13713,54,0,0,0,0,0
2026-04-07T04:13:41.005119,122.576,5921,21216,46,74,0,0,67062,0,11461,41065,54,0,0,0,0,0
2026-04-07T04:13:41.524524,123.094,2696,5980,20,20,0,0,67062,0,5206,11547,54,0,0,0,0,0
2026-04-07T04:13:42.043382,123.613,9940,14256,49,50,0,0,67063,0,19152,27468,54,0,0,0,0,0
2026-04-07T04:13:42.559239,124.132,7016,14404,46,50,0,0,67063,0,13514,27746,54,0,0,0,0,0
2026-04-07T04:13:43.074048,124.648,15148,8502,68,31,0,0,67064,0,29371,16485,54,0,0,0,0,0
2026-04-07T04:13:43.591404,125.163,1554,7200,16,26,0,0,67065,0,3018,13981,54,0,0,0,0,0
2026-04-07T04:13:44.109042,125.68,6630,26560,47,90,0,0,67065,0,12816,51340,54,0,0,0,0,0
2026-04-07T04:13:44.625262,126.198,10048,480,50,4,0,0,67066,0,19409,927,54,0,0,0,0,0
2026-04-07T04:13:45.143493,126.714,2822,14308,29,50,0,0,67066,0,5467,27717,54,0,0,0,0,0
2026-04-07T04:13:45.659653,127.232,6118,14550,36,51,0,0,67067,0,11804,28073,54,0,0,0,0,0
2026-04-07T04:13:46.178790,127.748,14264,8262,58,29,0,0,67067,0,27640,16010,54,0,0,0,0,0
2026-04-07T04:13:46.694697,128.267,3612,13962,37,49,0,0,67068,0,6958,26895,54,0,0,0,0,0
2026-04-07T04:13:47.212120,128.783,6294,19850,45,67,0,0,67068,0,12201,38478,54,0,0,0,0,0
2026-04-07T04:13:47.731254,129.301,8778,438,36,3,0,0,67069,0,16962,846,54,0,0,0,0,0
2026-04-07T04:13:48.245227,129.821,2656,21312,28,74,0,0,67069,0,5106,40972,54,0,0,0,0,0
2026-04-07T04:13:48.758270,130.334,10836,7588,57,28,0,0,67070,0,21130,14796,54,0,0,0,0,0
2026-04-07T04:13:49.273559,130.847,11268,15076,56,52,0,0,67070,0,21959,29380,54,0,0,0,0,0
2026-04-07T04:13:49.790890,131.362,4228,7200,25,26,0,0,67071,0,8204,13971,54,0,0,0,0,0
2026-04-07T04:13:50.309019,131.88,3536,19798,32,67,0,0,67071,0,6836,38273,54,0,0,0,0,0
2026-04-07T04:13:50.823637,132.398,10836,7494,57,27,0,0,67072,0,20917,14466,54,0,0,0,0,0
2026-04-07T04:13:51.340583,132.912,6142,14308,39,50,0,0,67072,0,11934,27802,54,0,0,0,0,0
2026-04-07T04:13:51.852599,133.429,5698,7588,30,28,0,0,67073,0,11033,14692,54,0,0,0,0,0
2026-04-07T04:13:52.370940,133.941,10862,15024,51,52,0,0,67073,0,21194,29315,54,0,0,0,0,0
2026-04-07T04:13:52.886451,134.46,5754,13962,42,49,0,0,67074,0,11102,26939,54,0,0,0,0,0
2026-04-07T04:13:53.403741,134.975,3732,13088,34,44,0,0,67074,0,7241,25393,54,0,0,0,0,0
2026-04-07T04:13:53.922198,135.492,9520,7494,43,27,0,0,67075,0,18399,14483,54,0,0,0,0,0
2026-04-07T04:13:54.436206,136.011,7052,14256,48,50,0,0,67075,0,13592,27477,54,0,0,0,0,0
2026-04-07T04:13:54.949366,136.525,15830,15516,74,54,0,0,67076,0,30825,30214,54,0,0,0,0,0
2026-04-07T04:13:55.466459,137.038,1196,7096,13,26,0,0,67076,0,2330,13823,54,0,0,0,0,0
2026-04-07T04:13:55.977840,137.555,5068,21018,37,73,0,0,67077,0,9803,40657,54,0,0,0,0,0
2026-04-07T04:13:56.501459,138.067,4101,5980,35,20,0,0,67077,0,8018,11692,54,0,0,0,0,0
2026-04-07T04:13:57.015746,138.59,10704,14454,57,51,0,0,67078,0,20435,27594,54,0,0,0,0,0
2026-04-07T04:13:57.526481,139.104,5700,14404,32,50,0,0,67078,0,11087,28017,54,0,0,0,0,0
2026-04-07T04:13:58.050712,139.615,14324,8262,59,29,0,0,67079,0,28049,16178,54,0,0,0,0,0
2026-04-07T04:13:58.566908,140.14,2810,7200,29,26,0,0,67079,0,5359,13731,54,0,0,0,0,0
2026-04-07T04:13:59.079174,140.659,7514,26800,57,92,0,0,67080,0,14465,51591,54,0,0,0,0,0
2026-04-07T04:13:59.600300,141.168,8420,292,33,2,0,0,67081,0,16549,574,54,0,0,0,0,0
2026-04-07T04:14:00.118345,141.689,2236,14256,22,50,0,0,67081,0,4288,27340,54,0,0,0,0,0
2026-04-07T04:14:00.631416,142.207,7434,14550,50,51,0,0,67082,0,14357,28099,54,0,0,0,0,0
2026-04-07T04:14:01.154423,142.72,15028,8460,66,30,0,0,67082,0,29294,16491,54,0,0,0,0,0
2026-04-07T04:14:01.670653,143.243,1938,13816,20,48,0,0,67083,0,3703,26400,54,0,0,0,0,0
2026-04-07T04:14:02.184110,143.759,5888,19798,40,67,0,0,67083,0,11411,38368,54,0,0,0,0,0
2026-04-07T04:14:02.701567,144.273,10094,438,50,3,0,0,67084,0,19657,853,54,0,0,0,0,0
2026-04-07T04:14:03.214829,144.79,3000,14454,30,51,0,0,67084,0,5799,27938,54,0,0,0,0,0
2026-04-07T04:14:03.736811,145.304,5760,14404,33,50,0,0,67085,0,11220,28057,54,0,0,0,0,0
2026-04-07T04:14:04.250634,145.825,14684,15118,64,53,0,0,67085,0,28138,28970,54,0,0,0,0,0
2026-04-07T04:14:04.769091,146.339,5544,7200,39,26,0,0,67086,0,10788,14010,54,0,0,0,0,0
2026-04-07T04:14:05.287869,146.858,4300,19996,40,68,0,0,67086,0,8294,38571,54,0,0,0,0,0
2026-04-07T04:14:05.804407,147.377,9162,7348,40,26,0,0,67087,0,17662,14165,54,0,0,0,0,0
2026-04-07T04:14:06.319734,147.893,5736,14256,34,50,0,0,67087,0,11104,27596,54,0,0,0,0,0
2026-04-07T04:14:06.836174,148.409,7014,7494,44,27,0,0,67088,0,13607,14538,54,0,0,0,0,0
2026-04-07T04:14:07.353951,148.925,11626,15264,59,54,0,0,67088,0,22525,29573,55,0,768,0,768,0
2026-04-07T04:14:07.874317,149.443,3990,7138,24,27,0,0,67089,0,7703,13780,55,2752,768,2752,768,0
2026-04-07T04:14:08.390792,149.963,4852,19840,46,68,0,0,67089,0,9324,38125,55,0,768,0,768,0
2026-04-07T04:14:08.910803,150.479,10178,7494,50,27,0,0,67090,0,19712,14514,55,0,768,0,768,0
2026-04-07T04:14:09.427517,150.999,5842,14496,35,52,0,0,67090,0,11235,27878,55,0,768,0,768,0
2026-04-07T04:14:09.940061,151.516,15066,15318,66,53,0,0,67091,0,29158,29646,55,0,768,0,768,0
2026-04-07T04:14:10.453314,152.029,2452,7054,26,25,0,0,67091,0,4784,13764,54,0,0,0,0,0
2026-04-07T04:14:10.970127,152.542,5832,21216,45,74,0,0,67092,0,11360,41328,54,0,0,0,0,0
2026-04-07T04:14:11.486545,153.059,2696,5980,20,20,0,0,67092,0,5216,11569,54,0,0,0,0,0
2026-04-07T04:14:11.999557,153.575,10029,14256,50,50,0,0,67093,0,19424,27611,54,0,0,0,0,0
2026-04-07T04:14:12.515203,154.088,6274,7348,39,26,0,0,67093,0,12229,14322,54,0,0,0,0,0
2026-04-07T04:14:13.031748,154.604,15830,15516,74,54,0,0,67094,0,30700,30091,54,0,0,0,0,0
2026-04-07T04:14:13.549016,155.12,1494,7200,15,26,0,0,67094,0,2893,13941,54,0,0,0,0,0
2026-04-07T04:14:14.068218,155.638,5068,21018,37,73,0,0,67095,0,9796,40625,54,0,0,0,0,0
2026-04-07T04:14:14.586746,156.157,11298,5834,57,19,0,0,67095,0,21762,11238,54,0,0,0,0,0
2026-04-07T04:14:15.103117,156.675,3060,14454,31,51,0,0,67096,0,5903,27881,54,0,0,0,0,0
2026-04-07T04:14:15.620568,157.192,6118,14550,36,51,0,0,67097,0,11845,28170,54,0,0,0,0,0
2026-04-07T04:14:16.138200,157.709,14264,8262,58,29,0,0,67097,0,27568,15968,54,0,0,0,0,0
2026-04-07T04:14:16.654423,158.227,3254,13816,34,48,0,0,67098,0,6286,26691,54,0,0,0,0,0
2026-04-07T04:14:17.174045,158.743,6652,19996,48,68,0,0,67098,0,12885,38733,54,0,0,0,0,0
2026-04-07T04:14:17.691582,159.262,8778,438,36,3,0,0,67099,0,16905,844,54,0,0,0,0,0
2026-04-07T04:14:18.208787,159.78,2236,14256,22,50,0,0,67099,0,4318,27530,54,0,0,0,0,0
2026-04-07T04:14:18.728813,160.298,7076,14404,47,50,0,0,67100,0,13675,27837,54,2752,0,2752,0,0
2026-04-07T04:14:19.243425,160.818,15508,15264,73,54,0,0,67100,0,29826,29357,54,0,0,0,0,0
2026-04-07T04:14:19.761085,161.332,4288,7242,26,27,0,0,67101,0,8335,14077,54,0,0,0,0,0
2026-04-07T04:14:20.274670,161.85,3536,19798,32,67,0,0,67101,0,6830,38241,54,0,0,0,0,0
2026-04-07T04:14:20.788221,162.363,10836,7494,57,27,0,0,67102,0,21097,14591,54,0,0,0,0,0
2026-04-07T04:14:21.302697,162.877,6142,14308,39,50,0,0,67102,0,11960,27861,54,0,0,0,0,0
2026-04-07T04:14:21.820360,163.392,5698,7494,30,27,0,0,67103,0,11072,14562,54,0,0,0,0,0
2026-04-07T04:14:22.338249,163.909,10862,15024,51,52,0,0,67103,0,20989,29032,54,0,0,0,0,0
2026-04-07T04:14:22.850292,164.427,5544,7294,39,27,0,0,67104,0,10704,14083,54,0,0,0,0,0
2026-04-07T04:14:23.373550,164.939,3942,19850,37,67,0,0,67104,0,7695,38746,54,0,0,0,0,0
2026-04-07T04:14:23.890411,165.463,9520,7494,43,27,0,0,67105,0,18194,14322,54,0,0,0,0,0
2026-04-07T04:14:24.407138,165.979,7052,14256,48,50,0,0,67105,0,13652,27598,54,0,0,0,0,0
2026-04-07T04:14:24.920136,166.496,15830,15516,74,54,0,0,67106,0,30630,30022,54,0,0,0,0,0
2026-04-07T04:14:25.437681,167.009,1136,7054,12,25,0,0,67106,0,2215,13752,54,0,0,0,0,0
2026-04-07T04:14:25.954050,167.526,5068,21018,37,73,0,0,67107,0,9793,40614,54,0,0,0,0,0
2026-04-07T04:14:26.473254,168.043,4012,5980,34,20,0,0,67107,0,7769,11580,54,0,0,0,0,0
2026-04-07T04:14:26.988004,168.562,10704,14454,57,51,0,0,67108,0,20617,27840,54,0,0,0,0,0
2026-04-07T04:14:27.505651,169.077,4958,7348,25,26,0,0,67108,0,9632,14275,54,0,0,0,0,0
2026-04-07T04:14:28.023342,169.594,15066,15318,66,53,0,0,67109,0,29105,29592,54,0,0,0,0,0
2026-04-07T04:14:28.540807,170.112,2810,7200,29,26,0,0,67109,0,5428,13908,54,0,0,0,0,0
2026-04-07T04:14:29.053585,170.63,5726,21216,44,74,0,0,67110,0,11065,40999,54,0,0,0,0,0
2026-04-07T04:14:29.571995,171.142,6266,5834,31,19,0,0,67110,0,12219,11377,54,0,0,0,0,0
2026-04-07T04:14:30.089612,171.661,6118,14256,36,50,0,0,67111,0,11800,27495,54,0,0,0,0,0
2026-04-07T04:14:30.607229,172.178,7434,14550,50,51,0,0,67112,0,14365,28116,54,0,0,0,0,0
2026-04-07T04:14:31.120011,172.696,15028,8502,66,31,0,0,67112,0,29035,16426,56,0,1536,0,768,0
2026-04-07T04:14:31.635586,173.209,1998,13858,21,49,0,0,67113,0,3896,27024,56,0,1536,0,768,0
2026-04-07T04:14:32.150428,173.724,5888,19934,40,69,0,0,67113,0,11422,38668,60,0,3072,0,768,0
2026-04-07T04:14:32.666703,174.239,10154,480,51,4,0,0,67114,0,19722,932,58,0,3072,0,768,0
2026-04-07T04:14:33.183424,174.757,2894,14496,29,52,0,0,67114,0,5591,28004,58,0,3072,0,768,0
2026-04-07T04:14:33.707174,175.272,5866,14404,34,50,0,0,67115,0,11381,27947,58,3072,0,768,0,0
2026-04-07T04:14:34.221591,175.796,14264,8304,58,30,0,0,67115,0,27233,15854,56,0,1536,0,768,0
2026-04-07T04:14:34.735539,176.31,3612,14004,37,50,0,0,67116,0,7022,27227,56,0,1536,0,768,0
2026-04-07T04:14:35.251981,176.824,6546,19996,47,68,0,0,67116,0,12738,38910,56,1536,1536,768,768,0
2026-04-07T04:14:35.767062,177.341,9058,7390,38,27,0,0,67117,0,17538,14308,56,0,1536,0,768,0
2026-04-07T04:14:36.284337,177.856,5946,14256,37,50,0,0,67117,0,11545,27679,56,0,1536,0,768,0
2026-04-07T04:14:36.801236,178.373,7014,7536,44,28,0,0,67118,0,13562,14571,54,0,0,0,0,0
2026-04-07T04:14:37.316462,178.89,11626,15222,59,53,0,0,67118,0,22484,29439,54,0,0,0,0,0
2026-04-07T04:14:37.835762,179.405,3959,7096,23,26,0,0,67119,0,7684,13772,54,0,0,0,0,0
2026-04-07T04:14:38.353108,179.924,3536,19798,32,67,0,0,67119,0,6811,38133,54,0,0,0,0,0
2026-04-07T04:14:38.870634,180.441,10836,7536,57,28,0,0,67120,0,20963,14579,54,0,0,0,0,0
2026-04-07T04:14:39.383082,180.959,6500,14454,42,51,0,0,67120,0,12547,27902,54,0,0,0,0,0
2026-04-07T04:14:39.901239,181.472,14288,8452,57,30,0,0,67121,0,27878,16491,54,0,0,0,0,0
2026-04-07T04:14:40.420328,181.99,3230,13962,35,49,0,0,67121,0,6234,26948,54,0,0,0,0,0
2026-04-07T04:14:40.937583,182.509,5412,14202,39,51,0,0,67122,0,10426,27361,54,0,0,0,0,0
2026-04-07T04:14:41.450065,183.026,3116,13036,26,44,0,0,67122,0,6024,25200,54,0,0,0,0,0
2026-04-07T04:14:41.966321,183.539,9582,14152,46,50,0,0,67123,0,18698,27616,54,0,0,0,0,0
2026-04-07T04:14:42.483914,184.059,6632,7494,42,27,0,0,67123,0,12755,14413,54,0,0,0,0,0
2026-04-07T04:14:43.001293,184.573,15830,15558,74,55,0,0,67124,0,30805,30276,54,0,0,0,0,0
2026-04-07T04:14:43.514640,185.09,1494,7200,15,26,0,0,67124,0,2888,13916,54,0,0,0,0,0
2026-04-07T04:14:44.033193,185.603,4710,20914,34,73,0,0,67125,0,9175,40738,54,0,0,0,0,0
2026-04-07T04:14:44.552187,186.122,7834,5980,47,20,0,0,67125,0,15109,11533,54,0,0,0,0,0
2026-04-07T04:14:45.070691,186.641,6882,14496,44,52,0,0,67126,0,13260,27930,54,0,0,0,0,0
2026-04-07T04:14:45.587444,187.159,6058,14550,35,51,0,0,67126,0,11686,28067,54,0,0,0,0,0
2026-04-07T04:14:46.106403,187.676,13966,8158,56,29,0,0,67127,0,27019,15783,54,0,0,0,0,0
2026-04-07T04:14:46.624907,188.195,2870,7200,30,26,0,0,67128,0,5530,13873,54,0,0,0,0,0
2026-04-07T04:14:47.142768,188.714,7514,26978,57,95,0,0,67128,0,14494,52038,54,0,0,0,0,0
2026-04-07T04:14:47.657011,189.231,8778,438,36,3,0,0,67129,0,16951,846,54,0,0,0,0,0
2026-04-07T04:14:48.177357,189.746,1878,14152,19,50,0,0,67129,0,3652,27518,54,0,0,0,0,0
2026-04-07T04:14:48.693133,190.266,7434,14550,50,51,0,0,67130,0,14290,27969,54,0,0,0,0,0
2026-04-07T04:14:49.210690,190.782,15028,8502,66,31,0,0,67130,0,29131,16480,54,0,0,0,0,0
2026-04-07T04:14:49.728648,191.299,2296,13962,23,49,0,0,67131,0,4436,26977,54,0,0,0,0,0
2026-04-07T04:14:50.245767,191.817,5782,19840,39,68,0,0,67131,0,11172,38337,54,0,0,0,0,0
2026-04-07T04:14:50.763029,192.334,9842,292,48,2,0,0,67132,0,19020,564,54,0,0,0,0,0
2026-04-07T04:14:51.279816,192.852,7242,21552,49,76,0,0,67132,0,13998,41659,54,0,0,0,0,0
2026-04-07T04:14:51.797733,193.369,5698,7494,30,27,0,0,67133,0,11025,14500,54,0,0,0,0,0
2026-04-07T04:14:52.311780,193.886,10862,15066,51,53,0,0,67133,0,20975,29093,54,0,0,0,0,0
2026-04-07T04:14:52.830432,194.4,5186,7054,36,25,0,0,67134,0,10088,13722,54,0,0,0,0,0
2026-04-07T04:14:53.348277,194.919,4449,20080,42,70,0,0,67134,0,8578,38716,54,0,0,0,0,0
2026-04-07T04:14:53.867226,195.437,9520,7494,43,27,0,0,67135,0,18385,14472,54,0,0,0,0,0
2026-04-07T04:14:54.382863,195.956,5736,14298,34,51,0,0,67135,0,11053,27552,54,0,0,0,0,0
2026-04-07T04:14:54.902489,196.472,15604,8410,71,29,0,0,67136,0,30262,16310,54,0,0,0,0,0
2026-04-07T04:14:55.417618,196.991,2678,14160,29,50,0,0,67136,0,5155,27256,54,0,0,0,0,0
2026-04-07T04:14:55.935120,197.506,4648,13962,31,49,0,0,67137,0,9021,27098,54,0,0,0,0,0
2026-04-07T04:14:56.449888,198.024,4432,13130,40,45,0,0,67137,0,8567,25380,54,0,0,0,0,0
2026-04-07T04:14:56.968634,198.539,10406,14350,55,51,0,0,67138,0,20208,27867,54,0,0,0,0,0
2026-04-07T04:14:57.481858,199.057,5316,7494,28,27,0,0,67138,0,10258,14461,54,0,0,0,0,0
2026-04-07T04:14:57.999131,199.57,15066,15318,66,53,0,0,67139,0,29332,29822,54,0,0,0,0,0
2026-04-07T04:14:58.516670,200.088,2810,7200,29,26,0,0,67139,0,5431,13916,54,0,0,0,0,0
2026-04-07T04:14:59.035397,200.605,5474,21070,42,73,0,0,67140,0,10577,40711,54,0,0,0,0,0
2026-04-07T04:14:59.553862,201.124,6518,5980,33,20,0,0,67140,0,12567,11530,54,0,0,0,0,0
2026-04-07T04:15:00.074235,201.643,6118,14256,36,50,0,0,67141,0,11800,27496,54,0,0,0,0,0
2026-04-07T04:15:00.590905,202.163,7374,14550,49,51,0,0,67141,0,14171,27962,54,0,0,0,0,0
2026-04-07T04:15:01.111898,202.68,14730,8314,64,29,0,0,67142,0,28509,16091,54,0,0,0,0,0
2026-04-07T04:15:01.628187,203.2,1554,7200,16,26,0,0,67143,0,2983,13823,54,3840,0,1280,0,0
2026-04-07T04:15:02.145244,203.717,6630,26560,47,90,0,0,67143,0,12840,51436,54,0,0,0,0,0
2026-04-07T04:15:02.662610,204.234,10094,438,50,3,0,0,67144,0,19520,847,54,0,0,0,0,0
2026-04-07T04:15:03.181300,204.751,2642,14308,27,50,0,0,67144,0,5106,27651,54,0,0,0,0,0
2026-04-07T04:15:03.697953,205.27,6118,14550,36,51,0,0,67145,0,11798,28059,54,0,0,0,0,0
2026-04-07T04:15:04.215440,205.787,14264,8262,58,29,0,0,67145,0,27601,15987,54,0,0,0,0,0
2026-04-07T04:15:04.734577,206.304,3672,14004,38,50,0,0,67146,0,7097,27065,54,0,0,0,0,0
2026-04-07T04:15:05.250855,206.823,6652,19996,48,68,0,0,67146,0,12813,38515,54,0,0,0,0,0
2026-04-07T04:15:05.769405,207.34,8420,2350,33,9,0,0,67147,0,16310,4552,54,10240,0,1280,0,0
2026-04-07T04:15:06.286355,207.858,6478,19254,41,67,0,0,67147,0,12495,37139,54,0,0,0,0,0
2026-04-07T04:15:06.803601,208.375,7014,7494,44,27,0,0,67148,0,13566,14494,54,0,0,0,0,0
2026-04-07T04:15:07.318007,208.892,11626,15222,59,53,0,0,67148,0,22475,29427,54,0,0,0,0,0
2026-04-07T04:15:07.835741,209.407,3870,7054,22,25,0,0,67149,0,7523,13713,54,0,0,0,0,0
2026-04-07T04:15:08.354197,209.924,3536,19798,32,67,0,0,67149,0,6831,38245,54,0,0,0,0,0
2026-04-07T04:15:08.870783,210.443,10836,7494,57,27,0,0,67150,0,20904,14457,54,0,0,0,0,0
2026-04-07T04:15:09.383751,210.959,6560,14496,43,52,0,0,67150,0,12698,28059,54,0,0,0,0,0
2026-04-07T04:15:09.901431,211.473,14288,8410,57,29,0,0,67151,0,27845,16390,54,0,0,0,0,0
2026-04-07T04:15:10.420591,211.99,3230,13962,35,49,0,0,67151,0,6240,26974,54,0,0,0,0,0
2026-04-07T04:15:10.938603,212.509,4754,14160,32,50,0,0,67152,0,9157,27275,54,0,0,0,0,0
2026-04-07T04:15:11.449637,213.027,3774,13130,33,45,0,0,67152,0,7287,25353,54,0,0,0,0,0
2026-04-07T04:15:11.967683,213.538,9582,14110,46,49,0,0,67153,0,18746,27605,54,0,0,0,0,0
2026-04-07T04:15:12.485908,214.056,6632,7494,42,27,0,0,67153,0,12802,14466,54,0,0,0,0,0
2026-04-07T04:15:13.005075,214.575,15830,15516,74,54,0,0,67154,0,30541,29935,54,0,0,0,0,0
2026-04-07T04:15:13.520314,215.094,1494,7200,15,26,0,0,67154,0,2878,13870,54,0,0,0,0,0
2026-04-07T04:15:14.037712,215.609,4710,20872,34,72,0,0,67155,0,9141,40509,54,0,0,0,0,0
2026-04-07T04:15:14.554884,216.126,7834,5980,47,20,0,0,67155,0,15141,11558,54,0,0,0,0,0
2026-04-07T04:15:15.071642,216.644,6882,14454,44,51,0,0,67156,0,13307,27947,54,0,0,0,0,0
2026-04-07T04:15:15.584351,217.16,6058,14550,35,51,0,0,67156,0,11727,28166,54,0,0,0,0,0
2026-04-07T04:15:16.099960,217.673,13966,8116,56,28,0,0,67157,0,27244,15832,54,0,0,0,0,0
2026-04-07T04:15:16.619425,218.189,2810,7200,29,26,0,0,67157,0,5447,13956,54,0,0,0,0,0
2026-04-07T04:15:17.135209,218.708,7454,26758,56,91,0,0,67158,0,14356,51534,54,0,0,0,0,0
2026-04-07T04:15:17.647549,219.224,8778,532,36,4,0,0,67159,0,17014,1031,54,0,0,0,0,0
2026-04-07T04:15:18.170631,219.736,1878,14110,19,49,0,0,67159,0,3664,27526,54,0,0,0,0,0
2026-04-07T04:15:18.689402,220.26,7434,14550,50,51,0,0,67160,0,14212,27816,54,0,0,0,0,0
2026-04-07T04:15:19.208374,220.778,15028,8460,66,30,0,0,67160,0,28983,16316,54,0,0,0,0,0
2026-04-07T04:15:19.723298,221.297,2296,13962,23,49,0,0,67161,0,4424,26904,54,0,0,0,0,0
2026-04-07T04:15:20.248574,221.812,5530,19652,37,66,0,0,67161,0,10737,38157,54,0,0,0,0,0
2026-04-07T04:15:20.766737,222.337,10094,438,50,3,0,0,67162,0,19233,835,54,0,0,0,0,0
2026-04-07T04:15:21.283056,222.855,7242,21510,49,75,0,0,67162,0,13968,41487,54,0,0,0,0,0
2026-04-07T04:15:21.800806,223.372,5698,7494,30,27,0,0,67163,0,11034,14512,54,0,0,0,0,0
2026-04-07T04:15:22.319328,223.89,10504,14878,48,51,0,0,67163,0,20282,28727,54,0,0,0,0,0
2026-04-07T04:15:22.838801,224.408,5544,7200,39,26,0,0,67164,0,10694,13889,54,0,0,0,0,0
2026-04-07T04:15:23.355146,224.927,4300,20090,40,69,0,0,67164,0,8280,38686,54,0,0,0,0,0
2026-04-07T04:15:23.872542,225.444,9520,7494,43,27,0,0,67165,0,18431,14509,54,0,0,0,0,0
2026-04-07T04:15:24.388697,225.962,5630,14256,33,50,0,0,67165,0,10868,27520,54,768,0,768,0,0
2026-04-07T04:15:24.910249,226.478,15710,8410,72,29,0,0,67166,0,30467,16310,54,0,0,0,0,0
2026-04-07T04:15:25.426057,226.999,2798,14244,31,52,0,0,67166,0,5368,27326,54,0,0,0,0,0
2026-04-07T04:15:25.942439,227.515,4648,13962,31,49,0,0,67167,0,9011,27069,54,0,0,0,0,0
2026-04-07T04:15:26.459829,228.031,4326,13036,39,44,0,0,67167,0,8376,25242,54,0,0,0,0,0
2026-04-07T04:15:26.977227,228.548,9854,14350,49,51,0,0,67168,0,19045,27734,54,0,0,0,0,0
2026-04-07T04:15:27.492359,229.066,5974,7494,35,27,0,0,67168,0,11546,14484,54,0,0,0,0,0
2026-04-07T04:15:28.007332,229.581,15066,15318,66,53,0,0,67169,0,29258,29748,54,0,0,0,0,0
2026-04-07T04:15:28.530536,230.096,2704,7200,28,26,0,0,67169,0,5246,13968,54,0,0,0,0,0
2026-04-07T04:15:29.046978,230.619,5580,21070,43,73,0,0,67170,0,10665,40272,54,0,0,0,0,0
2026-04-07T04:15:29.561697,231.135,6518,5980,33,20,0,0,67170,0,12636,11593,54,0,0,0,0,0
2026-04-07T04:15:30.078777,231.65,6118,14256,36,50,0,0,67171,0,11877,27675,54,0,0,0,0,0
2026-04-07T04:15:30.595932,232.167,7268,14550,48,51,0,0,67171,0,14058,28142,54,0,0,0,0,0
2026-04-07T04:15:31.106593,232.684,14836,8314,65,29,0,0,67172,0,28693,16079,54,0,0,0,0,0
2026-04-07T04:15:31.631061,233.195,1494,7200,15,26,0,0,67172,0,2925,14096,54,0,0,0,0,0
2026-04-07T04:15:32.147802,233.72,6690,26560,48,90,0,0,67173,0,12753,50629,54,0,0,0,0,0
2026-04-07T04:15:32.661988,234.242,10094,438,50,3,0,0,67174,0,19338,839,54,0,0,0,0,0
2026-04-07T04:15:33.182984,234.751,2642,14308,27,50,0,0,67174,0,5193,28121,54,0,0,0,0,0
2026-04-07T04:15:33.697809,235.272,6178,14592,37,52,0,0,67175,0,11857,28005,54,0,0,0,0,0
2026-04-07T04:15:34.209338,235.786,14353,8262,59,29,0,0,67175,0,27891,16055,54,0,0,0,0,0
2026-04-07T04:15:34.730733,236.298,3595,13962,37,49,0,0,67176,0,7026,27286,54,0,0,0,0,0
2026-04-07T04:15:35.245259,236.819,6400,19850,46,67,0,0,67176,0,12274,38070,54,0,0,0,0,0
2026-04-07T04:15:35.760654,237.334,8778,438,36,3,0,0,67177,0,17060,851,54,0,0,0,0,0
2026-04-07T04:15:36.277335,237.849,6478,21312,41,74,0,0,67177,0,12567,41344,54,0,0,0,0,0
2026-04-07T04:15:36.790678,238.366,7014,7494,44,27,0,0,67178,0,13582,14511,54,0,0,0,0,0
2026-04-07T04:15:37.310142,238.879,11268,15076,56,52,0,0,67178,0,21942,29357,54,0,0,0,0,0
2026-04-07T04:15:37.827393,239.399,4288,7242,26,27,0,0,67179,0,8257,13946,54,0,0,0,0,0
2026-04-07T04:15:38.345454,239.916,3536,19798,32,67,0,0,67179,0,6836,38274,54,0,0,0,0,0
2026-04-07T04:15:38.858851,240.434,11088,7494,60,27,0,0,67180,0,21401,14464,54,0,0,0,0,0
2026-04-07T04:15:39.377323,240.948,6142,14308,39,50,0,0,67180,0,11962,27867,54,0,0,0,0,0
2026-04-07T04:15:39.894378,241.466,14720,8556,61,30,0,0,67181,0,28391,16502,54,0,0,0,0,0
2026-04-07T04:15:40.411341,241.983,3230,13962,35,49,0,0,67181,0,6247,27004,54,0,0,0,0,0
2026-04-07T04:15:40.924256,242.5,4722,14160,32,50,0,0,67182,0,9136,27396,54,0,0,0,0,0
2026-04-07T04:15:41.442296,243.013,3522,12890,31,43,0,0,67182,0,6868,25137,54,0,0,0,0,0
2026-04-07T04:15:41.958735,243.531,10014,14256,50,50,0,0,67183,0,19328,27516,54,0,0,0,0,0
2026-04-07T04:15:42.476029,244.047,6632,7494,42,27,0,0,67183,0,12836,14505,54,0,0,0,0,0
2026-04-07T04:15:42.990508,244.565,15904,15516,75,54,0,0,67184,0,30758,30007,54,0,0,0,0,0
2026-04-07T04:15:43.509724,245.079,1136,7054,12,25,0,0,67184,0,2207,13705,54,0,0,0,0,0
2026-04-07T04:15:44.027826,245.598,5142,21018,38,73,0,0,67185,0,9904,40481,54,0,0,0,0,0
2026-04-07T04:15:44.545006,246.116,4012,5980,34,20,0,0,67185,0,7746,11545,54,0,0,0,0,0
2026-04-07T04:15:45.062775,246.634,10704,14454,57,51,0,0,67186,0,20692,27941,54,0,0,0,0,0
2026-04-07T04:15:45.585673,247.152,5700,14404,32,50,0,0,67186,0,11005,27809,54,0,0,0,0,0
2026-04-07T04:15:46.103842,247.675,14458,8304,61,30,0,0,67187,0,27651,15881,54,0,0,0,0,0
2026-04-07T04:15:46.621683,248.193,2810,7200,29,26,0,0,67187,0,5425,13901,54,0,0,0,0,0
2026-04-07T04:15:47.138041,248.71,7454,26758,56,91,0,0,67188,0,14395,51676,54,0,0,0,0,0
2026-04-07T04:15:47.652918,249.227,8360,292,32,2,0,0,67188,0,16189,565,54,0,0,0,0,0
2026-04-07T04:15:48.173048,249.742,2296,14256,23,50,0,0,67189,0,4458,27682,54,0,0,0,0,0
2026-04-07T04:15:48.685152,250.262,7434,14550,50,51,0,0,67190,0,14298,27984,54,0,0,0,0,0
2026-04-07T04:15:49.202674,250.774,15028,8460,66,30,0,0,67190,0,29335,16514,54,0,0,0,0,0
2026-04-07T04:15:49.724056,251.291,2116,13816,22,48,0,0,67191,0,4089,26698,54,0,0,0,0,0
2026-04-07T04:15:50.248029,251.813,5962,19798,41,67,0,0,67191,0,11435,37971,54,0,0,0,0,0
2026-04-07T04:15:50.764925,252.337,10094,438,50,3,0,0,67192,0,19262,836,54,0,0,0,0,0
2026-04-07T04:15:51.282159,252.854,7242,21510,49,75,0,0,67192,0,14014,41625,54,0,0,0,0,0
2026-04-07T04:15:51.798332,253.371,5698,7494,30,27,0,0,67193,0,11017,14489,54,0,0,0,0,0
2026-04-07T04:15:52.317659,253.887,10504,14878,48,51,0,0,67193,0,20348,28822,54,0,0,0,0,0
2026-04-07T04:15:52.837379,254.406,5544,7200,39,26,0,0,67194,0,10677,13866,54,0,0,0,0,0
2026-04-07T04:15:53.353834,254.926,4300,19996,40,68,0,0,67194,0,8274,38477,54,0,0,0,0,0
2026-04-07T04:15:53.871467,255.443,9626,7588,44,28,0,0,67195,0,18637,14691,54,0,0,0,0,0
2026-04-07T04:15:54.389381,255.96,5378,14110,31,49,0,0,67195,0,10387,27252,54,0,0,0,0,0
2026-04-07T04:15:54.907165,256.478,15962,8556,74,30,0,0,67196,0,30828,16524,54,0,0,0,0,0
2026-04-07T04:15:55.423912,256.996,3142,14160,34,50,0,0,67196,0,6068,27346,54,0,0,0,0,0
2026-04-07T04:15:55.942138,257.513,4648,13962,31,49,0,0,67197,0,8994,27017,54,0,0,0,0,0
2026-04-07T04:15:56.454223,258.03,4432,13036,40,44,0,0,67197,0,8563,25187,54,0,0,0,0,0
2026-04-07T04:15:56.973012,258.543,9688,14308,47,50,0,0,67198,0,18894,27904,54,0,0,0,0,0
2026-04-07T04:15:57.490869,259.062,5974,7494,35,27,0,0,67198,0,11516,14447,54,0,0,0,0,0
2026-04-07T04:15:58.009230,259.58,15066,15318,66,53,0,0,67199,0,29091,29577,54,0,0,0,0,0
2026-04-07T04:15:58.527462,260.098,2884,7200,30,26,0,0,67199,0,5564,13891,54,0,0,0,0,0
2026-04-07T04:15:59.044998,260.616,5474,21070,42,73,0,0,67200,0,10563,40656,54,0,0,0,0,0
2026-04-07T04:15:59.561484,261.134,6518,5980,33,20,0,0,67200,0,12595,11556,54,0,0,0,0,0
2026-04-07T04:16:00.075320,261.65,6296,14256,38,50,0,0,67201,0,12191,27603,54,0,0,0,0,0
2026-04-07T04:16:00.593707,262.164,7374,14550,49,51,0,0,67201,0,14348,28311,54,0,0,0,0,0
2026-04-07T04:16:01.106960,262.682,15088,8460,67,30,0,0,67202,0,29108,16321,54,0,0,0,0,0
2026-04-07T04:16:01.626050,263.196,1136,7054,12,25,0,0,67202,0,2213,13743,54,0,0,0,0,0
2026-04-07T04:16:02.143202,263.715,6870,26686,51,93,0,0,67203,0,13237,51420,54,0,0,0,0,0
2026-04-07T04:16:02.659149,264.232,10034,438,49,3,0,0,67203,0,19401,847,54,0,0,0,0,0
2026-04-07T04:16:03.176344,264.748,3060,14454,31,51,0,0,67204,0,5931,28013,54,0,0,0,0,0
2026-04-07T04:16:03.692476,265.265,6012,14550,35,51,0,0,67205,0,11623,28130,54,2752,0,2752,0,0
2026-04-07T04:16:04.210159,265.781,14012,8116,56,28,0,0,67205,0,27151,15726,54,0,0,0,0,0
2026-04-07T04:16:04.728741,266.299,3612,13962,37,49,0,0,67206,0,6977,26970,54,0,0,0,0,0
2026-04-07T04:16:05.244574,266.818,6652,19996,48,68,0,0,67206,0,12826,38554,54,0,0,0,0,0
2026-04-07T04:16:05.763225,267.333,8778,438,36,3,0,0,67207,0,17034,850,54,0,0,0,0,0
2026-04-07T04:16:06.281176,267.852,6120,21166,38,73,0,0,67207,0,11789,40773,54,0,0,0,0,0
2026-04-07T04:16:06.798383,268.37,7014,7494,44,27,0,0,67208,0,13542,14468,54,0,0,0,0,0
2026-04-07T04:16:07.315933,268.887,11626,15222,59,53,0,0,67208,0,22478,29431,54,0,0,0,0,0
2026-04-07T04:16:07.833108,269.405,4228,7200,25,26,0,0,67209,0,8169,13912,54,0,0,0,0,0
2026-04-07T04:16:08.351442,269.922,3178,19652,29,66,0,0,67209,0,6145,38001,54,2752,0,2752,0,0
2026-04-07T04:16:08.867237,270.44,10836,7494,57,27,0,0,67210,0,20906,14458,54,0,0,0,0,0
2026-04-07T04:16:09.383175,270.956,6500,14454,42,51,0,0,67210,0,12602,28023,54,0,0,0,0,0
2026-04-07T04:16:09.901082,271.472,14706,8692,61,32,0,0,67211,0,28500,16845,54,0,0,0,0,0
2026-04-07T04:16:10.414125,271.99,3290,14004,36,50,0,0,67211,0,6353,27042,54,0,0,0,0,0
2026-04-07T04:16:10.928122,272.503,4574,14014,31,49,0,0,67212,0,8915,27314,54,0,0,0,0,0
2026-04-07T04:16:11.444639,273.019,3774,13036,33,44,0,0,67212,0,7309,25248,54,0,0,0,0,0
2026-04-07T04:16:11.962833,273.533,9940,14256,49,50,0,0,67213,0,19333,27727,54,0,0,0,0,0
2026-04-07T04:16:12.480091,274.052,6632,7494,42,27,0,0,67213,0,12797,14460,54,0,0,0,0,0
2026-04-07T04:16:12.999015,274.569,14814,15370,64,53,0,0,67214,0,28636,29711,54,0,0,0,0,0
2026-04-07T04:16:13.515944,275.088,2152,7200,22,26,0,0,67214,0,4148,13879,54,0,0,0,0,0
2026-04-07T04:16:14.034332,275.605,5068,21018,37,73,0,0,67215,0,9803,40653,54,0,0,0,0,0
2026-04-07T04:16:14.552421,276.127,7834,5980,47,20,0,0,67215,0,14994,11446,54,0,0,0,0,0
2026-04-07T04:16:15.068665,276.641,6882,14454,44,51,0,0,67216,0,13395,28133,54,0,0,0,0,0
2026-04-07T04:16:15.586935,277.158,5700,14404,32,50,0,0,67216,0,11033,27880,54,0,0,0,0,0
2026-04-07T04:16:16.102320,277.676,14324,8262,59,29,0,0,67217,0,27649,15948,54,0,0,0,0,0
2026-04-07T04:16:16.620448,278.191,2810,7200,29,26,0,0,67217,0,5450,13964,54,0,0,0,0,0
2026-04-07T04:16:17.137279,278.709,7454,26758,56,91,0,0,67218,0,14393,51666,54,0,0,0,0,0
2026-04-07T04:16:17.651150,279.226,8718,438,35,3,0,0,67218,0,16867,847,54,0,0,0,0,0
2026-04-07T04:16:18.170337,279.74,1938,14110,20,49,0,0,67219,0,3771,27456,54,0,0,0,0,0
2026-04-07T04:16:18.688266,280.259,7434,14550,50,51,0,0,67220,0,14318,28023,54,0,0,0,0,0
2026-04-07T04:16:19.206210,280.777,15028,8460,66,30,0,0,67220,0,29026,16340,54,0,0,0,0,0
2026-04-07T04:16:19.723985,281.295,2296,13962,23,49,0,0,67221,0,4432,26949,54,0,0,0,0,0
2026-04-07T04:16:20.244803,281.813,5530,19652,37,66,0,0,67221,0,10681,37956,54,0,0,0,0,0
2026-04-07T04:16:20.761218,282.334,10094,438,50,3,0,0,67222,0,19380,841,54,0,0,0,0,0
2026-04-07T04:16:21.278605,282.853,7242,21510,49,75,0,0,67222,0,13942,41409,54,0,0,0,0,0
2026-04-07T04:16:21.796908,283.367,5698,7494,30,27,0,0,67223,0,11081,14574,54,0,0,0,0,0
2026-04-07T04:16:22.317740,283.892,10862,15024,51,52,0,0,67223,0,20691,28619,54,0,0,0,0,0
2026-04-07T04:16:22.836031,284.406,5186,7054,36,25,0,0,67224,0,10085,13717,54,0,0,0,0,0
2026-04-07T04:16:23.353997,284.925,4360,20038,41,69,0,0,67224,0,8411,38656,54,0,0,0,0,0
2026-04-07T04:16:23.869564,285.443,9520,7494,43,27,0,0,67225,0,18381,14469,54,0,0,0,0,0
2026-04-07T04:16:24.383822,285.958,5736,14256,34,50,0,0,67225,0,11126,27651,54,0,0,0,0,0
2026-04-07T04:16:24.904628,286.472,15604,8410,71,29,0,0,67226,0,30344,16354,54,0,0,0,0,0
2026-04-07T04:16:25.419510,286.993,2678,14160,29,50,0,0,67226,0,5142,27191,54,0,0,0,0,0
2026-04-07T04:16:25.937868,287.508,4648,13962,31,49,0,0,67227,0,9025,27110,54,0,0,0,0,0
2026-04-07T04:16:26.451846,288.027,4432,13036,40,44,0,0,67227,0,8551,25151,54,0,0,0,0,0
2026-04-07T04:16:26.971713,288.541,9688,14308,47,50,0,0,67228,0,18848,27836,54,0,0,0,0,0
2026-04-07T04:16:27.490141,289.061,5974,7494,35,27,0,0,67228,0,11488,14411,54,0,0,0,0,0
2026-04-07T04:16:28.007521,289.578,15066,15318,66,53,0,0,67229,0,29102,29588,54,0,0,0,0,0
2026-04-07T04:16:28.525461,290.096,2810,7200,29,26,0,0,67229,0,5425,13901,54,0,0,0,0,0
2026-04-07T04:16:29.039036,290.614,5832,21216,45,74,0,0,67230,0,11260,40962,54,0,0,0,0,0
2026-04-07T04:16:29.557628,291.128,6160,5834,30,19,0,0,67230,0,11995,11360,54,0,0,0,0,0
2026-04-07T04:16:30.076059,291.649,6118,14256,36,50,0,0,67231,0,11742,27360,54,0,0,0,0,0
2026-04-07T04:16:30.593237,292.165,7374,14550,49,51,0,0,67231,0,14289,28194,54,0,0,0,0,0
2026-04-07T04:16:31.111889,292.682,15088,8460,67,30,0,0,67232,0,29180,16361,54,0,0,0,0,0
2026-04-07T04:16:31.633617,293.201,1136,7054,12,25,0,0,67232,0,2190,13599,54,0,0,0,0,0
2026-04-07T04:16:32.148760,293.722,6690,26560,48,90,0,0,67233,0,12824,50914,54,0,0,0,0,0
2026-04-07T04:16:32.664187,294.237,10034,438,49,3,0,0,67233,0,19476,850,54,0,0,0,0,0
2026-04-07T04:16:33.180037,294.753,3060,14454,31,51,0,0,67234,0,5939,28053,54,0,0,0,0,0
2026-04-07T04:16:33.699012,295.269,5760,14404,33,50,0,0,67235,0,11160,27907,54,0,0,0,0,0
2026-04-07T04:16:34.215931,295.788,14264,8262,58,29,0,0,67235,0,27497,15927,54,0,0,0,0,0
2026-04-07T04:16:34.734915,296.305,3612,14056,37,50,0,0,67236,0,6986,27184,54,0,0,0,0,0
2026-04-07T04:16:35.250867,296.824,6652,19996,48,68,0,0,67236,0,12819,38535,54,0,0,0,0,0
2026-04-07T04:16:35.770313,297.339,8480,334,34,3,0,0,67237,0,16437,647,54,0,0,0,0,0
2026-04-07T04:16:36.287090,297.859,6656,21312,43,74,0,0,67237,0,12814,41028,54,0,0,0,0,0
2026-04-07T04:16:36.800121,298.376,7014,7494,44,27,0,0,67238,0,13571,14500,54,0,0,0,0,0
2026-04-07T04:16:37.318021,298.889,11626,15222,59,53,0,0,67238,0,22657,29664,54,0,0,0,0,0
2026-04-07T04:16:37.834219,299.407,4228,7200,25,26,0,0,67239,0,8165,13904,54,0,0,0,0,0
2026-04-07T04:16:38.347100,299.926,3178,19652,29,66,0,0,67239,0,6118,37831,54,0,0,0,0,0
2026-04-07T04:16:38.869401,300.436,10836,7494,57,27,0,0,67240,0,21267,14708,54,0,0,0,0,0
2026-04-07T04:16:39.384140,300.958,6620,14538,44,53,0,0,67240,0,12668,27820,54,0,0,0,0,0
2026-04-07T04:16:39.894999,301.473,14646,8556,60,30,0,0,67241,0,28471,16632,54,0,0,0,0,0
2026-04-07T04:16:40.417159,301.984,2872,13816,32,48,0,0,67241,0,5622,27044,54,0,0,0,0,0
2026-04-07T04:16:40.932660,302.506,4754,14160,32,50,0,0,67242,0,9101,27108,54,0,0,0,0,0
2026-04-07T04:16:41.442617,303.021,3774,13036,33,44,0,0,67242,0,7325,25301,54,0,0,0,0,0
2026-04-07T04:16:41.967104,303.531,9940,14256,49,50,0,0,67243,0,19485,27945,54,0,0,0,0,0
2026-04-07T04:16:42.483856,304.056,6274,7348,39,26,0,0,67243,0,11962,14009,54,0,0,0,0,0
2026-04-07T04:16:43.009611,304.573,15232,15558,68,55,0,0,67244,0,29478,30109,54,0,0,0,0,0
2026-04-07T04:16:43.526617,305.099,2152,7200,22,26,0,0,67244,0,4091,13688,54,0,0,0,0,0
2026-04-07T04:16:44.043326,305.615,5068,21018,37,73,0,0,67245,0,9807,40672,54,0,0,0,0,0
2026-04-07T04:16:44.561334,306.132,7476,5834,44,19,0,0,67245,0,14471,11293,54,0,0,0,0,0
2026-04-07T04:16:45.078586,306.65,6882,14454,44,51,0,0,67246,0,13284,27900,54,0,0,0,0,0
2026-04-07T04:16:45.594959,307.167,6058,14550,35,51,0,0,67246,0,11714,28134,54,0,0,0,0,0
2026-04-07T04:16:46.112922,307.684,14324,8262,59,29,0,0,67247,0,27731,15995,54,0,0,0,0,0
8.781169,356.975,7014,7494,44,27,0,0,67010,0,13552,14480,54,0,0,0,0,0
2026-04-07T04:12:49.299566,357.491,11626,15222,59,53,0,0,67010,0,22507,29468,54,0,0,0,0,0
2026-04-07T04:12:49.815454,358.01,4122,7294,24,27,0,0,67011,0,7950,14068,54,0,0,0,0,0
2026-04-07T04:12:50.333639,358.526,3284,19652,30,66,0,0,67011,0,6366,38098,54,0,0,0,0,0
2026-04-07T04:12:50.849517,359.044,11494,7494,64,27,0,0,67012,0,22181,14462,54,0,0,0,0,0
2026-04-07T04:12:51.368350,359.56,5842,14454,35,51,0,0,67012,0,11324,28019,54,0,0,0,0,0
2026-04-07T04:12:51.885336,360.079,14646,8556,60,30,0,0,67013,0,28232,16493,54,0,0,0,0,0
2026-04-07T04:12:52.403027,360.596,2872,13816,32,48,0,0,67013,0,5554,26719,54,0,0,0,0,0
2026-04-07T04:12:52.917404,361.113,5412,14160,39,50,0,0,67014,0,10455,27355,54,0,0,0,0,0
2026-04-07T04:12:53.434728,361.628,3176,13078,27,45,0,0,67014,0,6175,25428,54,0,0,0,0,0
2026-04-07T04:12:53.953418,362.145,10060,14340,51,52,0,0,67015,0,19445,27718,54,0,0,0,0,0
2026-04-07T04:12:54.468805,362.664,6526,7494,41,27,0,0,67015,0,12579,14445,54,0,0,0,0,0
2026-04-07T04:12:54.986727,363.179,15578,15370,72,53,0,0,67016,0,30229,29825,54,0,0,0,0,0
2026-04-07T04:12:55.503512,363.697,1494,7200,15,26,0,0,67016,0,2884,13900,54,0,0,0,0,0
2026-04-07T04:12:56.022686,364.214,5068,21018,37,73,0,0,67017,0,9808,40676,54,0,0,0,0,0
2026-04-07T04:12:56.542205,364.733,4072,5980,35,20,0,0,67018,0,7844,11519,54,0,0,0,0,0
2026-04-07T04:12:57.059871,365.252,10286,14308,53,50,0,0,67018,0,19797,27539,54,0,0,0,0,0
2026-04-07T04:12:57.577390,365.77,6118,14550,36,51,0,0,67019,0,11819,28108,54,0,0,0,0,0
2026-04-07T04:12:58.091265,366.288,14264,8262,58,29,0,0,67019,0,27564,15966,54,0,0,0,0,0
2026-04-07T04:12:58.608530,366.801,2870,7200,30,26,0,0,67020,0,5584,14009,54,0,0,0,0,0
2026-04-07T04:12:59.129648,367.319,7036,26612,52,90,0,0,67020,0,13607,51465,54,0,0,0,0,0
2026-04-07T04:12:59.647585,367.84,8778,438,36,3,0,0,67021,0,16840,840,54,0,0,0,0,0
2026-04-07T04:13:00.166604,368.358,2236,14256,22,50,0,0,67021,0,4317,27525,54,0,0,0,0,0
2026-04-07T04:13:00.683213,368.877,7434,14550,50,51,0,0,67022,0,14325,28036,54,0,0,0,0,0
2026-04-07T04:13:01.202797,369.393,14670,8314,63,29,0,0,67022,0,28394,16092,54,0,0,0,0,0
2026-04-07T04:13:01.719471,369.913,2296,13962,23,49,0,0,67023,0,4420,26875,54,0,0,0,0,0
2026-04-07T04:13:02.237754,370.43,5888,19798,40,67,0,0,67023,0,11394,38312,54,0,0,0,0,0
2026-04-07T04:13:02.755334,370.948,10094,438,50,3,0,0,67024,0,19475,845,54,0,0,0,0,0
2026-04-07T04:13:03.273005,371.466,7136,21510,48,75,0,0,67024,0,13789,41563,54,0,0,0,0,0
2026-04-07T04:13:03.790519,371.983,5446,7348,28,26,0,0,67025,0,10521,14195,54,0,0,0,0,0
2026-04-07T04:13:04.306403,372.501,10862,15024,51,52,0,0,67025,0,20988,29031,54,0,0,0,0,0
2026-04-07T04:13:04.819551,373.017,5633,7200,40,26,0,0,67026,0,10916,13952,54,0,0,0,0,0
2026-04-07T04:13:05.334142,373.53,4300,19996,40,68,0,0,67026,0,8381,38971,54,0,0,0,0,0
2026-04-07T04:13:05.850131,374.044,9162,7348,40,26,0,0,67027,0,17807,14281,54,0,0,0,0,0
2026-04-07T04:13:06.367699,374.56,5796,14298,35,51,0,0,67027,0,11233,27710,54,0,0,0,0,0
2026-04-07T04:13:06.884365,375.078,16620,8556,81,30,0,0,67028,0,32112,16531,54,0,0,0,0,0
2026-04-07T04:13:07.397435,375.594,2020,14160,22,50,0,0,67028,0,3911,27419,54,0,0,0,0,0
2026-04-07T04:13:07.915123,376.108,4290,13816,28,48,0,0,67029,0,8357,26914,54,0,0,0,0,0
2026-04-07T04:13:08.433733,376.625,4432,13130,40,45,0,0,67029,0,8562,25365,54,0,0,0,0,0
2026-04-07T04:13:08.948506,377.144,10704,14454,57,51,0,0,67030,0,20644,27877,54,0,0,0,0,0
2026-04-07T04:13:09.464203,377.658,5316,7494,28,27,0,0,67030,0,10332,14565,54,0,0,0,0,0
2026-04-07T04:13:09.980635,378.174,14708,15172,63,52,0,0,67031,0,28503,29403,54,0,0,0,0,0
2026-04-07T04:13:10.496168,378.691,2810,7200,29,26,0,0,67031,0,5442,13943,54,0,0,0,0,0
2026-04-07T04:13:11.015022,379.206,5892,21258,46,75,0,0,67032,0,11427,41229,54,0,0,0,0,0
2026-04-07T04:13:11.528663,379.725,2696,5980,20,20,0,0,67032,0,5196,11526,54,0,0,0,0,0
2026-04-07T04:13:12.049057,380.244,9834,14110,48,49,0,0,67033,0,18947,27185,54,0,0,0,0,0
2026-04-07T04:13:12.564096,380.759,7182,14550,48,51,0,0,67034,0,13945,28252,54,0,0,0,0,0
2026-04-07T04:13:13.081961,381.274,15028,8460,66,30,0,0,67034,0,29179,16426,54,0,0,0,0,0
2026-04-07T04:13:13.603700,381.796,1554,7200,16,26,0,0,67035,0,2979,13800,54,0,0,0,0,0
2026-04-07T04:13:14.117443,382.314,6630,26560,47,90,0,0,67035,0,12802,51285,54,0,0,0,0,0
2026-04-07T04:13:14.636361,382.828,9736,292,47,2,0,0,67036,0,18953,568,54,0,0,0,0,0
2026-04-07T04:13:15.154518,383.347,3000,14454,30,51,0,0,67036,0,5780,27849,54,0,0,0,0,0
2026-04-07T04:13:15.670812,383.865,6118,14550,36,51,0,0,67037,0,11809,28085,54,0,0,0,0,0
2026-04-07T04:13:16.185254,384.381,14264,8262,58,29,0,0,67037,0,27622,15999,54,0,0,0,0,0
2026-04-07T04:13:16.704209,384.895,3254,13816,34,48,0,0,67038,0,6325,26856,54,0,0,0,0,0
2026-04-07T04:13:17.223260,385.414,6652,19996,48,68,0,0,67038,0,12819,38533,54,0,0,0,0,0
2026-04-07T04:13:17.742527,385.933,8778,438,36,3,0,0,67039,0,16912,844,54,0,0,0,0,0
2026-04-07T04:13:18.261255,386.453,6478,21312,41,74,0,0,67039,0,12476,41045,54,35776,0,5504,0,0
2026-04-07T04:13:18.781768,386.971,6716,7390,42,27,0,0,67040,0,12947,14246,54,0,0,0,0,0
2026-04-07T04:13:19.297169,387.492,11626,15222,59,53,0,0,67040,0,22336,29245,54,0,0,0,0,0
2026-04-07T04:13:19.813699,388.007,4228,7200,25,26,0,0,67041,0,8203,13969,54,0,0,0,0,0
2026-04-07T04:13:20.330716,388.524,3625,19798,33,67,0,0,67041,0,7019,38332,54,0,0,0,0,0
2026-04-07T04:13:20.848539,389.041,10478,7348,54,26,0,0,67042,0,20262,14209,54,2752,0,2752,0,0
2026-04-07T04:13:21.366175,389.558,6500,14454,42,51,0,0,67042,0,12562,27934,54,0,0,0,0,0
2026-04-07T04:13:21.882224,390.076,14646,8556,60,30,0,0,67043,0,28303,16534,54,0,0,0,0,0
2026-04-07T04:13:22.401543,390.592,3230,13962,35,49,0,0,67043,0,6252,27027,54,0,0,0,0,0
2026-04-07T04:13:22.917441,391.112,4948,14014,35,49,0,0,67044,0,9529,26988,54,0,0,0,0,0
2026-04-07T04:13:23.433927,391.628,3222,13036,27,44,0,0,67044,0,6246,25270,54,0,0,0,0,0
2026-04-07T04:13:23.953086,392.144,9940,14256,49,50,0,0,67045,0,19241,27595,54,0,0,0,0,0
2026-04-07T04:13:24.469327,392.663,6632,7494,42,27,0,0,67045,0,12777,14438,54,0,0,0,0,0
2026-04-07T04:13:24.987866,393.18,15472,15370,71,53,0,0,67046,0,29970,29772,54,2752,0,2752,0,0
2026-04-07T04:13:25.504838,393.698,1494,7200,15,26,0,0,67046,0,2881,13886,54,0,0,0,0,0
2026-04-07T04:13:26.023363,394.215,5128,21060,38,74,0,0,67047,0,9917,40728,54,0,0,0,0,0
2026-04-07T04:13:26.541771,394.734,4012,5980,34,20,0,0,67047,0,7739,11535,54,0,0,0,0,0
2026-04-07T04:13:27.054620,395.252,10598,14454,56,51,0,0,67048,0,20444,27882,54,0,0,0,0,0
2026-04-07T04:13:27.572380,395.765,5866,14404,34,50,0,0,67049,0,11439,28089,54,0,0,0,0,0
2026-04-07T04:13:28.089088,396.283,14264,8262,58,29,0,0,67049,0,27547,15956,54,0,0,0,0,0
2026-04-07T04:13:28.605780,396.799,2870,7200,30,26,0,0,67050,0,5554,13933,54,0,0,0,0,0
2026-04-07T04:13:29.119161,397.316,7394,26758,55,91,0,0,67050,0,14312,51794,54,0,0,0,0,0
2026-04-07T04:13:29.641127,397.829,8494,292,34,2,0,0,67051,0,16541,569,54,0,0,0,0,0
2026-04-07T04:13:30.156529,398.351,2236,14256,22,50,0,0,67051,0,4285,27318,54,0,0,0,0,0
2026-04-07T04:13:30.671835,398.867,7508,14550,51,51,0,0,67052,0,14566,28227,54,0,0,0,0,0
2026-04-07T04:13:31.185295,399.382,15148,8544,68,32,0,0,67052,0,29397,16581,54,0,0,0,0,0
2026-04-07T04:13:31.701226,399.896,1938,13816,20,48,0,0,67053,0,3775,26909,54,0,0,0,0,0
2026-04-07T04:13:32.219317,400.411,5888,19798,40,67,0,0,67053,0,11412,38373,54,0,0,0,0,0
2026-04-07T04:13:32.737113,400.93,10168,438,51,3,0,0,67054,0,19624,845,54,0,0,0,0,0
2026-04-07T04:13:33.251863,401.447,3420,21510,36,75,0,0,67054,0,6605,41540,54,0,0,0,0,0
2026-04-07T04:13:33.771247,401.962,9162,7348,40,26,0,0,67055,0,17801,14277,54,0,0,0,0,0
2026-04-07T04:13:34.288478,402.481,10862,15024,51,52,0,0,67055,0,20914,28927,54,0,0,0,0,0
2026-04-07T04:13:34.805745,402.999,5544,7200,39,26,0,0,67056,0,10718,13920,54,0,0,0,0,0
2026-04-07T04:13:35.325000,403.516,4300,19996,40,68,0,0,67056,0,8312,38653,54,0,0,0,0,0
2026-04-07T04:13:35.841332,404.035,9609,7494,44,27,0,0,67057,0,18507,14434,54,0,0,0,0,0
2026-04-07T04:13:36.360199,404.551,5378,14204,31,50,0,0,67057,0,10418,27515,54,0,0,0,0,0
2026-04-07T04:13:36.875740,405.07,16036,8556,75,30,0,0,67058,0,30936,16506,54,0,0,0,0,0
2026-04-07T04:13:37.393011,405.586,2678,14160,29,50,0,0,67058,0,5188,27433,54,0,0,0,0,0
2026-04-07T04:13:37.907066,406.103,4648,13962,31,49,0,0,67059,0,8986,26993,54,0,0,0,0,0
2026-04-07T04:13:38.425148,406.617,4074,12890,37,43,0,0,67059,0,7925,25074,54,0,0,0,0,0
2026-04-07T04:13:38.941622,407.135,10704,14454,57,51,0,0,67060,0,20664,27903,54,0,0,0,0,0
2026-04-07T04:13:39.456265,407.652,5316,7494,28,27,0,0,67060,0,10292,14509,54,0,0,0,0,0
2026-04-07T04:13:39.970620,408.166,15066,15318,66,53,0,0,67061,0,29282,29772,54,0,0,0,0,0
2026-04-07T04:13:40.487293,408.681,2452,7054,26,25,0,0,67061,0,4765,13709,54,0,0,0,0,0
2026-04-07T04:13:41.005090,409.198,5921,21216,46,74,0,0,67062,0,11461,41068,54,0,0,0,0,0
2026-04-07T04:13:41.524520,409.715,2696,5980,20,20,0,0,67062,0,5206,11547,54,0,0,0,0,0
2026-04-07T04:13:42.040707,410.235,9940,14256,49,50,0,0,67063,0,19142,27453,54,0,0,0,0,0
2026-04-07T04:13:42.559138,410.751,7016,14404,46,50,0,0,67063,0,13589,27899,54,0,0,0,0,0
2026-04-07T04:13:43.074105,411.269,15148,8502,68,31,0,0,67064,0,29229,16405,54,0,0,0,0,0
2026-04-07T04:13:43.592189,411.788,1554,7200,16,26,0,0,67065,0,2993,13869,54,0,0,0,0,0
2026-04-07T04:13:44.109095,412.302,6630,26560,47,90,0,0,67065,0,12898,51671,54,0,0,0,0,0
2026-04-07T04:13:44.626042,412.824,10048,480,50,4,0,0,67066,0,19275,921,54,0,0,0,0,0
2026-04-07T04:13:45.143493,413.336,2822,14308,29,50,0,0,67066,0,5506,27916,54,0,0,0,0,0
2026-04-07T04:13:45.659653,413.854,6118,14550,36,51,0,0,67067,0,11822,28114,54,0,0,0,0,0
2026-04-07T04:13:46.178790,414.37,14264,8262,58,29,0,0,67067,0,27634,16006,54,0,0,0,0,0
2026-04-07T04:13:46.694676,414.889,3612,13962,37,49,0,0,67068,0,6958,26894,54,0,0,0,0,0
2026-04-07T04:13:47.212120,415.405,6294,19850,45,67,0,0,67068,0,12201,38479,54,0,0,0,0,0
2026-04-07T04:13:47.731254,415.922,8778,438,36,3,0,0,67069,0,16964,846,54,0,0,0,0,0
2026-04-07T04:13:48.245296,416.441,2656,21312,28,74,0,0,67069,0,5117,41057,54,0,0,0,0,0
2026-04-07T04:13:48.758270,416.955,10836,7588,57,28,0,0,67070,0,21085,14765,54,0,0,0,0,0
2026-04-07T04:13:49.273559,417.469,11268,15076,56,52,0,0,67070,0,21958,29378,54,0,0,0,0,0
2026-04-07T04:13:49.790890,417.984,4228,7200,25,26,0,0,67071,0,8205,13972,54,0,0,0,0,0
2026-04-07T04:13:50.309014,418.501,3536,19798,32,67,0,0,67071,0,6835,38271,54,0,0,0,0,0
2026-04-07T04:13:50.823637,419.019,10836,7494,57,27,0,0,67072,0,20916,14465,54,0,0,0,0,0
2026-04-07T04:13:51.340583,419.534,6142,14308,39,50,0,0,67072,0,11935,27804,54,0,0,0,0,0
2026-04-07T04:13:51.853037,420.051,5698,7588,30,28,0,0,67073,0,11023,14680,54,0,0,0,0,0
2026-04-07T04:13:52.370940,420.563,10862,15024,51,52,0,0,67073,0,21196,29318,54,0,0,0,0,0
2026-04-07T04:13:52.886410,421.081,5754,13962,42,49,0,0,67074,0,11110,26958,54,0,0,0,0,0
2026-04-07T04:13:53.403741,421.597,3732,13088,34,44,0,0,67074,0,7241,25394,54,0,0,0,0,0
2026-04-07T04:13:53.921212,422.114,9520,7494,43,27,0,0,67075,0,18399,14483,54,0,0,0,0,0
2026-04-07T04:13:54.436223,422.631,7052,14256,48,50,0,0,67075,0,13627,27548,54,0,0,0,0,0
2026-04-07T04:13:54.949985,423.146,15830,15516,74,54,0,0,67076,0,30744,30135,54,0,0,0,0,0
2026-04-07T04:13:55.466459,423.66,1196,7096,13,26,0,0,67076,0,2330,13822,54,0,0,0,0,0
2026-04-07T04:13:55.979406,424.177,5068,21018,37,73,0,0,67077,0,9804,40660,54,0,0,0,0,0
2026-04-07T04:13:56.501459,424.69,4101,5980,35,20,0,0,67077,0,7995,11659,54,0,0,0,0,0
2026-04-07T04:13:57.015775,425.212,10704,14454,57,51,0,0,67078,0,20490,27669,54,0,0,0,0,0
2026-04-07T04:13:57.527087,425.726,5700,14404,32,50,0,0,67078,0,11088,28020,54,0,0,0,0,0
2026-04-07T04:13:58.049377,426.237,14324,8262,59,29,0,0,67079,0,28018,16161,54,0,0,0,0,0
2026-04-07T04:13:58.566763,426.76,2810,7200,29,26,0,0,67079,0,5377,13778,54,0,0,0,0,0
2026-04-07T04:13:59.078190,427.277,7514,26800,57,92,0,0,67080,0,14533,51835,54,0,0,0,0,0
2026-04-07T04:13:59.600300,427.788,8420,292,33,2,0,0,67081,0,16460,571,54,0,0,0,0,0
2026-04-07T04:14:00.118345,428.311,2236,14256,22,50,0,0,67081,0,4280,27290,54,0,0,0,0,0
2026-04-07T04:14:00.632322,428.829,7434,14550,50,51,0,0,67082,0,14358,28102,54,0,0,0,0,0
2026-04-07T04:14:01.154424,429.342,15028,8460,66,30,0,0,67082,0,29242,16462,54,0,0,0,0,0
2026-04-07T04:14:01.670653,429.865,1938,13816,20,48,0,0,67083,0,3710,26445,54,0,0,0,0,0
2026-04-07T04:14:02.184115,430.381,5888,19798,40,67,0,0,67083,0,11411,38368,54,0,0,0,0,0
2026-04-07T04:14:02.701567,430.894,10094,438,50,3,0,0,67084,0,19658,853,54,0,0,0,0,0
2026-04-07T04:14:03.214829,431.412,3000,14454,30,51,0,0,67084,0,5798,27937,54,0,0,0,0,0
2026-04-07T04:14:03.736441,431.925,5760,14404,33,50,0,0,67085,0,11220,28057,54,0,0,0,0,0
2026-04-07T04:14:04.250634,432.446,14684,15118,64,53,0,0,67085,0,28168,29000,54,0,0,0,0,0
2026-04-07T04:14:04.768289,432.961,5544,7200,39,26,0,0,67086,0,10776,13995,54,0,0,0,0,0
2026-04-07T04:14:05.286841,433.478,4300,19996,40,68,0,0,67086,0,8308,38632,54,0,0,0,0,0
2026-04-07T04:14:05.805124,433.997,9162,7348,40,26,0,0,67087,0,17671,14172,54,0,0,0,0,0
2026-04-07T04:14:06.319734,434.515,5736,14256,34,50,0,0,67087,0,11067,27505,54,0,0,0,0,0
2026-04-07T04:14:06.837458,435.03,7014,7494,44,27,0,0,67088,0,13624,14556,54,0,0,0,0,0
2026-04-07T04:14:07.355106,435.551,11626,15264,59,54,0,0,67088,0,22330,29318,55,0,768,0,768,0
2026-04-07T04:14:07.873745,436.065,3990,7138,24,27,0,0,67089,0,7755,13873,55,2752,768,2752,768,0
2026-04-07T04:14:08.390792,436.584,4852,19840,46,68,0,0,67089,0,9355,38251,55,0,768,0,768,0
2026-04-07T04:14:08.909791,437.101,10178,7494,50,27,0,0,67090,0,19684,14494,55,0,768,0,768,0
2026-04-07T04:14:09.427517,437.62,5842,14496,35,52,0,0,67090,0,11256,27929,55,0,768,0,768,0
2026-04-07T04:14:09.940694,438.139,15066,15318,66,53,0,0,67091,0,29007,29493,55,0,768,0,768,0
2026-04-07T04:14:10.453314,438.65,2452,7054,26,25,0,0,67091,0,4799,13806,54,0,0,0,0,0
2026-04-07T04:14:10.970126,439.164,5832,21216,45,74,0,0,67092,0,11364,41340,54,0,0,0,0,0
2026-04-07T04:14:11.486545,439.68,2696,5980,20,20,0,0,67092,0,5216,11569,54,0,0,0,0,0
2026-04-07T04:14:11.999557,440.197,10029,14256,50,50,0,0,67093,0,19424,27611,54,0,0,0,0,0
2026-04-07T04:14:12.515415,440.71,6274,7348,39,26,0,0,67093,0,12228,14322,54,0,0,0,0,0
2026-04-07T04:14:13.033254,441.226,15830,15516,74,54,0,0,67094,0,30695,30087,54,0,0,0,0,0
2026-04-07T04:14:13.549016,441.743,1494,7200,15,26,0,0,67094,0,2885,13904,54,0,0,0,0,0
2026-04-07T04:14:14.068204,442.259,5068,21018,37,73,0,0,67095,0,9824,40743,54,0,0,0,0,0
2026-04-07T04:14:14.585855,442.778,11298,5834,57,19,0,0,67095,0,21761,11237,54,0,0,0,0,0
2026-04-07T04:14:15.103118,443.296,3060,14454,31,51,0,0,67096,0,5911,27919,54,0,0,0,0,0
2026-04-07T04:14:15.621118,443.813,6118,14550,36,51,0,0,67097,0,11829,28132,54,0,0,0,0,0
2026-04-07T04:14:16.138200,444.331,14264,8262,58,29,0,0,67097,0,27540,15952,54,0,0,0,0,0
2026-04-07T04:14:16.654423,444.848,3254,13816,34,48,0,0,67098,0,6293,26719,54,0,0,0,0,0
2026-04-07T04:14:17.177144,445.365,6652,19996,48,68,0,0,67098,0,12885,38733,54,0,0,0,0,0
2026-04-07T04:14:17.691101,445.887,8778,438,36,3,0,0,67099,0,16793,838,54,0,0,0,0,0
2026-04-07T04:14:18.208787,446.401,2236,14256,22,50,0,0,67099,0,4350,27736,54,0,0,0,0,0
2026-04-07T04:14:18.730903,446.919,7076,14404,47,50,0,0,67100,0,13665,27816,54,5504,0,2752,0,0
2026-04-07T04:14:19.243064,447.441,15508,15264,73,54,0,0,67100,0,29701,29233,54,0,0,0,0,0
2026-04-07T04:14:19.761085,447.953,4288,7242,26,27,0,0,67101,0,8375,14144,54,0,0,0,0,0
2026-04-07T04:14:20.274669,448.471,3536,19798,32,67,0,0,67101,0,6827,38223,54,0,0,0,0,0
2026-04-07T04:14:20.788221,448.985,10836,7494,57,27,0,0,67102,0,21098,14591,54,0,0,0,0,0
2026-04-07T04:14:21.302697,449.498,6142,14308,39,50,0,0,67102,0,11960,27860,54,0,0,0,0,0
2026-04-07T04:14:21.820360,450.013,5698,7494,30,27,0,0,67103,0,11072,14562,54,0,0,0,0,0
2026-04-07T04:14:22.338269,450.531,10862,15024,51,52,0,0,67103,0,20989,29032,54,0,0,0,0,0
2026-04-07T04:14:22.850292,451.048,5544,7294,39,27,0,0,67104,0,10704,14083,54,0,0,0,0,0
2026-04-07T04:14:23.373607,451.561,3942,19850,37,67,0,0,67104,0,7695,38748,54,0,0,0,0,0
2026-04-07T04:14:23.890411,452.084,9520,7494,43,27,0,0,67105,0,18195,14323,54,0,0,0,0,0
2026-04-07T04:14:24.407138,452.601,7052,14256,48,50,0,0,67105,0,13650,27594,54,0,0,0,0,0
2026-04-07T04:14:24.920136,453.117,15830,15516,74,54,0,0,67106,0,30661,30053,54,0,0,0,0,0
2026-04-07T04:14:25.437696,453.63,1136,7054,12,25,0,0,67106,0,2212,13738,54,0,0,0,0,0
2026-04-07T04:14:25.954050,454.148,5068,21018,37,73,0,0,67107,0,9793,40615,54,0,0,0,0,0
2026-04-07T04:14:26.473254,454.664,4012,5980,34,20,0,0,67107,0,7769,11580,54,0,0,0,0,0
2026-04-07T04:14:26.988004,455.185,10704,14454,57,51,0,0,67108,0,20567,27773,54,0,0,0,0,0
2026-04-07T04:14:27.505651,455.698,4958,7348,25,26,0,0,67108,0,9655,14309,54,0,0,0,0,0
2026-04-07T04:14:28.023342,456.217,15066,15318,66,53,0,0,67109,0,29069,29555,54,0,0,0,0,0
2026-04-07T04:14:28.540807,456.734,2810,7200,29,26,0,0,67109,0,5435,13925,54,0,0,0,0,0
2026-04-07T04:14:29.053567,457.253,5726,21216,44,74,0,0,67110,0,11024,40845,54,0,0,0,0,0
2026-04-07T04:14:29.571995,457.764,6266,5834,31,19,0,0,67110,0,12266,11421,54,0,0,0,0,0
2026-04-07T04:14:30.089592,458.282,6118,14256,36,50,0,0,67111,0,11802,27502,54,0,0,0,0,0
2026-04-07T04:14:30.607186,458.8,7434,14550,50,51,0,0,67112,0,14362,28109,54,0,0,0,0,0
2026-04-07T04:14:31.120011,459.317,15028,8502,66,31,0,0,67112,0,29035,16426,56,0,1536,0,768,0
2026-04-07T04:14:31.636607,459.83,1998,13858,21,49,0,0,67113,0,3900,27047,56,0,1536,0,768,0
2026-04-07T04:14:32.151738,460.348,5888,19934,40,69,0,0,67113,0,11362,38465,60,0,3072,0,768,0
2026-04-07T04:14:32.666703,460.862,10154,480,51,4,0,0,67114,0,19762,934,58,0,3072,0,768,0
2026-04-07T04:14:33.183877,461.377,2894,14496,29,52,0,0,67114,0,5618,28141,58,0,3072,0,768,0
2026-04-07T04:14:33.704533,461.894,5866,14404,34,50,0,0,67115,0,11346,27860,58,3072,0,768,0,0
2026-04-07T04:14:34.219518,462.415,14264,8304,58,30,0,0,67115,0,27391,15946,56,0,1536,0,768,0
2026-04-07T04:14:34.736184,462.93,3612,14004,37,50,0,0,67116,0,7012,27187,56,0,1536,0,768,0
2026-04-07T04:14:35.251150,463.446,6546,19996,47,68,0,0,67116,0,12671,38707,56,1536,1536,768,768,0
2026-04-07T04:14:35.767062,463.961,9058,7390,38,27,0,0,67117,0,17591,14351,56,0,1536,0,768,0
2026-04-07T04:14:36.285365,464.482,5946,14256,37,50,0,0,67117,0,11427,27398,56,0,1536,0,768,0
2026-04-07T04:14:36.801236,464.995,7014,7536,44,28,0,0,67118,0,13650,14666,54,0,0,0,0,0
2026-04-07T04:14:37.316462,465.511,11626,15222,59,53,0,0,67118,0,22533,29502,54,0,0,0,0,0
2026-04-07T04:14:37.835844,466.027,3959,7096,23,26,0,0,67119,0,7684,13772,54,0,0,0,0,0
2026-04-07T04:14:38.353882,466.546,3536,19798,32,67,0,0,67119,0,6810,38131,54,0,0,0,0,0
2026-04-07T04:14:38.870654,467.064,10836,7536,57,28,0,0,67120,0,20915,14546,54,0,0,0,0,0
2026-04-07T04:14:39.383082,467.581,6500,14454,42,51,0,0,67120,0,12576,27965,54,0,0,0,0,0
2026-04-07T04:14:39.901238,468.093,14288,8452,57,30,0,0,67121,0,27879,16492,54,0,0,0,0,0
2026-04-07T04:14:40.420327,468.611,3230,13962,35,49,0,0,67121,0,6234,26948,54,0,0,0,0,0
2026-04-07T04:14:40.937584,469.131,5412,14202,39,51,0,0,67122,0,10426,27361,54,0,0,0,0,0
2026-04-07T04:14:41.450065,469.648,3116,13036,26,44,0,0,67122,0,6024,25200,54,0,0,0,0,0
2026-04-07T04:14:41.966323,470.16,9582,14152,46,50,0,0,67123,0,18699,27617,54,0,0,0,0,0
2026-04-07T04:14:42.483914,470.68,6632,7494,42,27,0,0,67123,0,12756,14414,54,0,0,0,0,0
2026-04-07T04:14:43.001293,471.194,15830,15558,74,55,0,0,67124,0,30801,30272,54,0,0,0,0,0
2026-04-07T04:14:43.514640,471.712,1494,7200,15,26,0,0,67124,0,2887,13911,54,0,0,0,0,0
2026-04-07T04:14:44.033193,472.225,4710,20914,34,73,0,0,67125,0,9178,40754,54,0,0,0,0,0
2026-04-07T04:14:44.552187,472.743,7834,5980,47,20,0,0,67125,0,15109,11533,54,0,0,0,0,0
2026-04-07T04:14:45.069997,473.262,6882,14496,44,52,0,0,67126,0,13260,27930,54,0,0,0,0,0
2026-04-07T04:14:45.587444,473.78,6058,14550,35,51,0,0,67126,0,11700,28101,54,0,0,0,0,0
2026-04-07T04:14:46.106842,474.298,13966,8158,56,29,0,0,67127,0,26989,15765,54,0,0,0,0,0
2026-04-07T04:14:46.624891,474.817,2870,7200,30,26,0,0,67128,0,5527,13864,54,0,0,0,0,0
2026-04-07T04:14:47.142746,475.335,7514,26978,57,95,0,0,67128,0,14502,52067,54,0,0,0,0,0
2026-04-07T04:14:47.656989,475.853,8778,438,36,3,0,0,67129,0,16951,846,54,0,0,0,0,0
2026-04-07T04:14:48.177357,476.367,1878,14152,19,50,0,0,67129,0,3652,27517,54,0,0,0,0,0
2026-04-07T04:14:48.693932,476.89,7434,14550,50,51,0,0,67130,0,14231,27853,54,0,0,0,0,0
2026-04-07T04:14:49.210691,477.404,15028,8502,66,31,0,0,67130,0,29214,16528,54,0,0,0,0,0
2026-04-07T04:14:49.728648,477.921,2296,13962,23,49,0,0,67131,0,4442,27014,54,0,0,0,0,0
2026-04-07T04:14:50.245440,478.443,5888,19840,40,68,0,0,67131,0,11268,37970,54,0,0,0,0,0
2026-04-07T04:14:50.763029,478.956,9736,292,47,2,0,0,67132,0,19006,570,54,0,0,0,0,0
2026-04-07T04:14:51.279816,479.473,7242,21552,49,76,0,0,67132,0,13994,41645,54,0,0,0,0,0
2026-04-07T04:14:51.797733,479.99,5698,7494,30,27,0,0,67133,0,11025,14500,54,0,0,0,0,0
2026-04-07T04:14:52.311780,480.508,10862,15066,51,53,0,0,67133,0,20975,29093,54,0,0,0,0,0
2026-04-07T04:14:52.830991,481.022,5186,7054,36,25,0,0,67134,0,10087,13721,54,0,0,0,0,0
2026-04-07T04:14:53.348277,481.541,4449,20080,42,70,0,0,67134,0,8578,38717,54,0,0,0,0,0
2026-04-07T04:14:53.867176,482.058,9520,7494,43,27,0,0,67135,0,18389,14476,54,0,0,0,0,0
2026-04-07T04:14:54.382863,482.577,5736,14298,34,51,0,0,67135,0,11051,27546,54,0,0,0,0,0
2026-04-07T04:14:54.900009,483.093,15604,8410,71,29,0,0,67136,0,30261,16310,54,0,0,0,0,0
2026-04-07T04:14:55.418039,483.61,2678,14160,29,50,0,0,67136,0,5178,27381,54,0,0,0,0,0
2026-04-07T04:14:55.934727,484.128,4648,13962,31,49,0,0,67137,0,8974,26957,54,0,0,0,0,0
2026-04-07T04:14:56.449888,484.645,4432,13130,40,45,0,0,67137,0,8576,25407,54,0,0,0,0,0
2026-04-07T04:14:56.967946,485.16,10406,14350,55,51,0,0,67138,0,20199,27855,54,0,0,0,0,0
2026-04-07T04:14:57.481910,485.678,5316,7494,28,27,0,0,67138,0,10262,14466,54,0,0,0,0,0
2026-04-07T04:14:57.999131,486.192,15066,15318,66,53,0,0,67139,0,29314,29805,54,0,0,0,0,0
2026-04-07T04:14:58.516670,486.709,2810,7200,29,26,0,0,67139,0,5432,13919,54,0,0,0,0,0
2026-04-07T04:14:59.037029,487.227,5474,21070,42,73,0,0,67140,0,10577,40710,54,0,0,0,0,0
2026-04-07T04:14:59.553862,487.747,6518,5980,33,20,0,0,67140,0,12530,11496,54,0,0,0,0,0
2026-04-07T04:15:00.073167,488.264,6118,14256,36,50,0,0,67141,0,11835,27579,54,0,0,0,0,0
2026-04-07T04:15:00.590905,488.783,7374,14550,49,51,0,0,67141,0,14198,28015,54,0,0,0,0,0
2026-04-07T04:15:01.108756,489.301,14730,8314,64,29,0,0,67142,0,28454,16060,54,0,0,0,0,0
2026-04-07T04:15:01.627906,489.819,1554,7200,16,26,0,0,67143,0,2999,13897,54,0,0,0,0,0
2026-04-07T04:15:02.145244,490.338,6630,26560,47,90,0,0,67143,0,12779,51192,54,0,0,0,0,0
2026-04-07T04:15:02.662610,490.855,10094,438,50,3,0,0,67144,0,19508,846,54,0,0,0,0,0
2026-04-07T04:15:03.179534,491.373,2642,14308,27,50,0,0,67144,0,5106,27651,54,0,0,0,0,0
2026-04-07T04:15:03.698663,491.89,6118,14550,36,51,0,0,67145,0,11837,28150,54,0,0,0,0,0
2026-04-07T04:15:04.215440,492.408,14264,8262,58,29,0,0,67145,0,27511,15935,54,0,0,0,0,0
2026-04-07T04:15:04.734577,492.926,3672,14004,38,50,0,0,67146,0,7097,27067,54,0,0,0,0,0
2026-04-07T04:15:05.250855,493.445,6652,19996,48,68,0,0,67146,0,12812,38514,54,0,0,0,0,0
2026-04-07T04:15:05.769421,493.961,8420,2350,33,9,0,0,67147,0,16306,4551,54,10240,0,1280,0,0
2026-04-07T04:15:06.286355,494.48,6478,19254,41,67,0,0,67147,0,12498,37147,54,0,0,0,0,0
2026-04-07T04:15:06.803601,494.997,7014,7494,44,27,0,0,67148,0,13565,14494,54,0,0,0,0,0
2026-04-07T04:15:07.318007,495.514,11626,15222,59,53,0,0,67148,0,22476,29428,54,0,0,0,0,0
2026-04-07T04:15:07.836256,496.028,3870,7054,22,25,0,0,67149,0,7523,13712,54,0,0,0,0,0
2026-04-07T04:15:08.354198,496.546,3536,19798,32,67,0,0,67149,0,6825,38212,54,0,0,0,0,0
2026-04-07T04:15:08.871128,497.064,10836,7494,57,27,0,0,67150,0,20922,14469,54,0,0,0,0,0
2026-04-07T04:15:09.383751,497.581,6560,14496,43,52,0,0,67150,0,12691,28044,54,0,0,0,0,0
2026-04-07T04:15:09.901431,498.094,14288,8410,57,29,0,0,67151,0,27860,16399,54,0,0,0,0,0
2026-04-07T04:15:10.420591,498.612,3230,13962,35,49,0,0,67151,0,6240,26975,54,0,0,0,0,0
2026-04-07T04:15:10.937599,499.131,4754,14160,32,50,0,0,67152,0,9157,27276,54,0,0,0,0,0
2026-04-07T04:15:11.450379,499.648,3774,13130,33,45,0,0,67152,0,7301,25400,54,0,0,0,0,0
2026-04-07T04:15:11.967683,500.161,9582,14110,46,49,0,0,67153,0,18686,27515,54,0,0,0,0,0
2026-04-07T04:15:12.485908,500.678,6632,7494,42,27,0,0,67153,0,12819,14485,54,0,0,0,0,0
2026-04-07T04:15:13.005074,501.196,15830,15516,74,54,0,0,67154,0,30540,29935,54,0,0,0,0,0
2026-04-07T04:15:13.520314,501.715,1494,7200,15,26,0,0,67154,0,2878,13871,54,0,0,0,0,0
2026-04-07T04:15:14.039862,502.231,4710,20872,34,72,0,0,67155,0,9142,40510,54,0,0,0,0,0
2026-04-07T04:15:14.554884,502.75,7834,5980,47,20,0,0,67155,0,15080,11511,54,0,0,0,0,0
2026-04-07T04:15:15.071850,503.265,6882,14454,44,51,0,0,67156,0,13361,28061,54,0,0,0,0,0
2026-04-07T04:15:15.584351,503.781,6058,14550,35,51,0,0,67156,0,11733,28181,54,0,0,0,0,0
2026-04-07T04:15:16.099960,504.295,13966,8116,56,28,0,0,67157,0,27218,15817,54,0,0,0,0,0
2026-04-07T04:15:16.619344,504.81,2810,7200,29,26,0,0,67157,0,5448,13960,54,0,0,0,0,0
2026-04-07T04:15:17.135562,505.332,7454,26758,56,91,0,0,67158,0,14275,51242,54,0,0,0,0,0
2026-04-07T04:15:17.647549,505.846,8778,532,36,4,0,0,67159,0,17108,1037,54,0,0,0,0,0
2026-04-07T04:15:18.170631,506.358,1878,14110,19,49,0,0,67159,0,3665,27536,54,0,0,0,0,0
2026-04-07T04:15:18.689402,506.881,7434,14550,50,51,0,0,67160,0,14212,27816,54,0,0,0,0,0
2026-04-07T04:15:19.208374,507.4,15028,8460,66,30,0,0,67160,0,28981,16315,54,0,0,0,0,0
2026-04-07T04:15:19.723265,507.919,2296,13962,23,49,0,0,67161,0,4424,26902,54,0,0,0,0,0
2026-04-07T04:15:20.245942,508.434,5530,19652,37,66,0,0,67161,0,10737,38158,54,0,0,0,0,0
2026-04-07T04:15:20.765274,508.956,10094,438,50,3,0,0,67162,0,19308,838,54,0,0,0,0,0
2026-04-07T04:15:21.283056,509.476,7242,21510,49,75,0,0,67162,0,13951,41437,54,0,0,0,0,0
2026-04-07T04:15:21.800806,509.993,5698,7494,30,27,0,0,67163,0,11005,14474,54,0,0,0,0,0
2026-04-07T04:15:22.321149,510.511,10504,14878,48,51,0,0,67163,0,20282,28728,54,0,0,0,0,0
2026-04-07T04:15:22.837684,511.031,5544,7200,39,26,0,0,67164,0,10658,13842,54,0,0,0,0,0
2026-04-07T04:15:23.355145,511.548,4300,20090,40,69,0,0,67164,0,8325,38893,54,0,0,0,0,0
2026-04-07T04:15:23.872542,512.065,9520,7494,43,27,0,0,67165,0,18394,14479,54,0,0,0,0,0
2026-04-07T04:15:24.388476,512.583,5630,14256,33,50,0,0,67165,0,10879,27547,54,768,0,768,0,0
2026-04-07T04:15:24.909167,513.098,15710,8410,72,29,0,0,67166,0,30476,16315,54,0,0,0,0,0
2026-04-07T04:15:25.425923,513.619,2798,14244,31,52,0,0,67166,0,5372,27348,54,0,0,0,0,0
2026-04-07T04:15:25.942320,514.136,4648,13962,31,49,0,0,67167,0,8995,27020,54,0,0,0,0,0
2026-04-07T04:15:26.459829,514.653,4326,13036,39,44,0,0,67167,0,8376,25239,54,0,0,0,0,0
2026-04-07T04:15:26.977245,515.17,9854,14350,49,51,0,0,67168,0,19043,27731,54,5504,0,2752,0,0
2026-04-07T04:15:27.492359,515.687,5974,7494,35,27,0,0,67168,0,11546,14483,54,0,0,0,0,0
2026-04-07T04:15:28.007256,516.203,15066,15318,66,53,0,0,67169,0,29248,29737,54,0,0,0,0,0
2026-04-07T04:15:28.530536,516.718,2704,7200,28,26,0,0,67169,0,5249,13976,54,0,0,0,0,0
2026-04-07T04:15:29.046978,517.241,5580,21070,43,73,0,0,67170,0,10663,40262,54,0,0,0,0,0
2026-04-07T04:15:29.561697,517.757,6518,5980,33,20,0,0,67170,0,12629,11587,54,0,0,0,0,0
2026-04-07T04:15:30.078875,518.272,6118,14256,36,50,0,0,67171,0,11883,27691,54,0,0,0,0,0
2026-04-07T04:15:30.595363,518.791,7374,14550,49,51,0,0,67171,0,14196,28010,54,2752,0,2752,0,0
2026-04-07T04:15:31.107017,519.305,14730,8314,64,29,0,0,67172,0,28652,16172,54,0,0,0,0,0
2026-04-07T04:15:31.629907,519.817,1494,7200,15,26,0,0,67172,0,2920,14073,54,0,0,0,0,0
2026-04-07T04:15:32.147802,520.34,6690,26560,48,90,0,0,67173,0,12785,50758,54,0,0,0,0,0
2026-04-07T04:15:32.658295,520.858,9988,438,49,3,0,0,67174,0,19300,846,54,0,0,0,0,0
2026-04-07T04:15:33.181527,521.368,2748,14308,28,50,0,0,67174,0,5382,28021,54,0,0,0,0,0
2026-04-07T04:15:33.696682,521.892,6178,14592,37,52,0,0,67175,0,11802,27875,54,0,0,0,0,0
2026-04-07T04:15:34.207236,522.407,14353,8262,59,29,0,0,67175,0,27879,16048,54,0,0,0,0,0
2026-04-07T04:15:34.732668,522.917,3595,13962,37,49,0,0,67176,0,7040,27342,54,0,0,0,0,0
2026-04-07T04:15:35.245259,523.443,6400,19850,46,67,0,0,67176,0,12174,37759,54,0,0,0,0,0
2026-04-07T04:15:35.762954,523.955,8778,438,36,3,0,0,67177,0,17133,855,54,0,0,0,0,0
2026-04-07T04:15:36.277548,524.473,6478,21312,41,74,0,0,67177,0,12516,41175,54,0,0,0,0,0
2026-04-07T04:15:36.790678,524.988,7014,7494,44,27,0,0,67178,0,13632,14565,54,0,0,0,0,0
2026-04-07T04:15:37.309764,525.501,11268,15076,56,52,0,0,67178,0,21950,29368,54,0,0,0,0,0
2026-04-07T04:15:37.827897,526.02,4288,7242,26,27,0,0,67179,0,8262,13953,54,0,0,0,0,0
2026-04-07T04:15:38.345454,526.538,3536,19798,32,67,0,0,67179,0,6832,38252,54,0,0,0,0,0
2026-04-07T04:15:38.860245,527.056,11088,7494,60,27,0,0,67180,0,21402,14465,54,0,0,0,0,0
2026-04-07T04:15:39.377323,527.57,6142,14308,39,50,0,0,67180,0,11931,27793,54,0,0,0,0,0
2026-04-07T04:15:39.894378,528.088,14720,8556,61,30,0,0,67181,0,28465,16545,54,0,0,0,0,0
2026-04-07T04:15:40.410909,528.605,3230,13962,35,49,0,0,67181,0,6247,27003,54,0,0,0,0,0
2026-04-07T04:15:40.924256,529.121,4722,14160,32,50,0,0,67182,0,9141,27412,54,0,0,0,0,0
2026-04-07T04:15:41.442324,529.635,3522,12890,31,43,0,0,67182,0,6860,25108,54,0,0,0,0,0
2026-04-07T04:15:41.958735,530.152,10014,14256,50,50,0,0,67183,0,19339,27531,54,0,0,0,0,0
2026-04-07T04:15:42.476054,530.669,6632,7494,42,27,0,0,67183,0,12836,14505,54,0,0,0,0,0
2026-04-07T04:15:42.990508,531.186,15904,15516,75,54,0,0,67184,0,30748,29998,54,0,0,0,0,0
2026-04-07T04:15:43.509724,531.701,1136,7054,12,25,0,0,67184,0,2208,13710,54,0,0,0,0,0
2026-04-07T04:15:44.027211,532.22,5142,21018,38,73,0,0,67185,0,9904,40481,54,0,0,0,0,0
2026-04-07T04:15:44.545009,532.737,4012,5980,34,20,0,0,67185,0,7754,11557,54,0,0,0,0,0
2026-04-07T04:15:45.062775,533.255,10704,14454,57,51,0,0,67186,0,20669,27911,54,0,0,0,0,0
2026-04-07T04:15:45.585711,533.773,5700,14404,32,50,0,0,67186,0,11004,27809,54,0,0,0,0,0
2026-04-07T04:15:46.103842,534.296,14458,8304,61,30,0,0,67187,0,27652,15882,54,0,0,0,0,0
2026-04-07T04:15:46.621683,534.814,2810,7200,29,26,0,0,67187,0,5425,13901,54,0,0,0,0,0
2026-04-07T04:15:47.138046,535.332,7454,26758,56,91,0,0,67188,0,14395,51675,54,0,0,0,0,0
2026-04-07T04:15:47.652918,535.848,8360,292,32,2,0,0,67188,0,16189,565,54,0,0,0,0,0
2026-04-07T04:15:48.173099,536.363,2296,14256,23,50,0,0,67189,0,4459,27684,54,0,0,0,0,0
2026-04-07T04:15:48.685152,536.883,7434,14550,50,51,0,0,67190,0,14297,27983,54,0,0,0,0,0
2026-04-07T04:15:49.202674,537.395,15028,8460,66,30,0,0,67190,0,29335,16514,54,0,0,0,0,0
2026-04-07T04:15:49.721946,537.913,2116,13816,22,48,0,0,67191,0,4089,26700,54,0,0,0,0,0
2026-04-07T04:15:50.245709,538.432,5962,19798,41,67,0,0,67191,0,11483,38131,54,0,0,0,0,0
2026-04-07T04:15:50.764457,538.956,10094,438,50,3,0,0,67192,0,19263,836,54,0,0,0,0,0
2026-04-07T04:15:51.282159,539.475,7242,21510,49,75,0,0,67192,0,13967,41486,54,0,0,0,0,0
2026-04-07T04:15:51.798332,539.992,5698,7494,30,27,0,0,67193,0,11006,14475,54,0,0,0,0,0
2026-04-07T04:15:52.317637,540.509,10504,14878,48,51,0,0,67193,0,20350,28823,54,0,0,0,0,0
2026-04-07T04:15:52.836138,541.028,5544,7200,39,26,0,0,67194,0,10676,13865,54,0,0,0,0,0
2026-04-07T04:15:53.353834,541.546,4300,19996,40,68,0,0,67194,0,8293,38566,54,0,0,0,0,0
2026-04-07T04:15:53.871467,542.064,9626,7588,44,28,0,0,67195,0,18594,14657,54,0,0,0,0,0
2026-04-07T04:15:54.389384,542.582,5378,14110,31,49,0,0,67195,0,10387,27251,54,0,0,0,0,0
2026-04-07T04:15:54.908188,543.1,15962,8556,74,30,0,0,67196,0,30830,16525,54,0,0,0,0,0
2026-04-07T04:15:55.423951,543.618,3142,14160,34,50,0,0,67196,0,6056,27293,54,0,0,0,0,0
2026-04-07T04:15:55.942129,544.134,4648,13962,31,49,0,0,67197,0,9011,27069,54,0,0,0,0,0
2026-04-07T04:15:56.454223,544.652,4432,13036,40,44,0,0,67197,0,8555,25163,54,0,0,0,0,0
2026-04-07T04:15:56.973051,545.164,9688,14308,47,50,0,0,67198,0,18912,27931,54,0,0,0,0,0
2026-04-07T04:15:57.490869,545.683,5974,7494,35,27,0,0,67198,0,11516,14447,54,0,0,0,0,0
2026-04-07T04:15:58.009230,546.201,15066,15318,66,53,0,0,67199,0,29091,29578,54,0,0,0,0,0
2026-04-07T04:15:58.527462,546.719,2884,7200,30,26,0,0,67199,0,5564,13891,54,0,0,0,0,0
2026-04-07T04:15:59.044296,547.238,5474,21070,42,73,0,0,67200,0,10562,40656,54,0,0,0,0,0
2026-04-07T04:15:59.561484,547.755,6518,5980,33,20,0,0,67200,0,12611,11570,54,0,0,0,0,0
2026-04-07T04:16:00.075320,548.272,6296,14256,38,50,0,0,67201,0,12175,27569,54,0,0,0,0,0
2026-04-07T04:16:00.593707,548.786,7374,14550,49,51,0,0,67201,0,14349,28313,54,0,0,0,0,0
2026-04-07T04:16:01.106961,549.304,15088,8460,67,30,0,0,67202,0,29108,16321,54,0,0,0,0,0
2026-04-07T04:16:01.625259,549.817,1136,7054,12,25,0,0,67202,0,2213,13743,54,0,0,0,0,0
2026-04-07T04:16:02.143202,550.335,6870,26686,51,93,0,0,67203,0,13256,51494,54,0,0,0,0,0
2026-04-07T04:16:02.659149,550.853,10034,438,49,3,0,0,67203,0,19372,846,54,0,0,0,0,0
2026-04-07T04:16:03.176344,551.369,3060,14454,31,51,0,0,67204,0,5930,28012,54,0,0,0,0,0
2026-04-07T04:16:03.692476,551.886,6012,14550,35,51,0,0,67205,0,11627,28140,54,2752,0,2752,0,0
2026-04-07T04:16:04.210159,552.403,14012,8116,56,28,0,0,67205,0,27142,15721,54,0,0,0,0,0
2026-04-07T04:16:04.728741,552.92,3612,13962,37,49,0,0,67206,0,6977,26970,54,0,0,0,0,0
2026-04-07T04:16:05.244574,553.44,6652,19996,48,68,0,0,67206,0,12790,38445,54,0,0,0,0,0
2026-04-07T04:16:05.763467,553.954,8778,438,36,3,0,0,67207,0,17083,852,54,0,0,0,0,0
2026-04-07T04:16:06.280322,554.474,6120,21166,38,73,0,0,67207,0,11787,40766,54,0,0,0,0,0
2026-04-07T04:16:06.798383,554.991,7014,7494,44,27,0,0,67208,0,13565,14493,54,0,0,0,0,0
2026-04-07T04:16:07.315933,555.509,11626,15222,59,53,0,0,67208,0,22445,29387,54,0,0,0,0,0
2026-04-07T04:16:07.833668,556.026,4228,7200,25,26,0,0,67209,0,8170,13912,54,0,0,0,0,0
2026-04-07T04:16:08.352532,556.544,3178,19652,29,66,0,0,67209,0,6139,37965,54,5504,0,2752,0,0
2026-04-07T04:16:08.867200,557.062,10836,7494,57,27,0,0,67210,0,20896,14451,54,0,0,0,0,0
2026-04-07T04:16:09.383175,557.577,6500,14454,42,51,0,0,67210,0,12620,28063,54,0,0,0,0,0
2026-04-07T04:16:09.901020,558.093,14706,8692,61,32,0,0,67211,0,28501,16846,54,0,0,0,0,0
2026-04-07T04:16:10.414125,558.611,3290,14004,36,50,0,0,67211,0,6357,27059,54,0,0,0,0,0
2026-04-07T04:16:10.928159,559.124,4574,14014,31,49,0,0,67212,0,8909,27297,54,0,0,0,0,0
2026-04-07T04:16:11.445414,559.638,3774,13036,33,44,0,0,67212,0,7340,25354,54,0,0,0,0,0
2026-04-07T04:16:11.962833,560.156,9940,14256,49,50,0,0,67213,0,19222,27569,54,0,0,0,0,0
2026-04-07T04:16:12.480091,560.673,6632,7494,42,27,0,0,67213,0,12816,14482,54,0,0,0,0,0
2026-04-07T04:16:12.998199,561.19,14814,15370,64,53,0,0,67214,0,28637,29712,54,0,0,0,0,0
2026-04-07T04:16:13.515944,561.708,2152,7200,22,26,0,0,67214,0,4154,13898,54,0,0,0,0,0
2026-04-07T04:16:14.033843,562.226,5068,21018,37,73,0,0,67215,0,9789,40595,54,0,0,0,0,0
2026-04-07T04:16:14.551499,562.744,6952,5980,44,20,0,0,67215,0,13426,11548,54,5504,0,5504,0,0
2026-04-07T04:16:15.068593,563.262,7764,14454,47,51,0,0,67216,0,14997,27920,54,0,0,0,0,0
2026-04-07T04:16:15.586935,563.779,5700,14404,32,50,0,0,67216,0,11019,27846,54,0,0,0,0,0
2026-04-07T04:16:16.102320,564.297,14324,8262,59,29,0,0,67217,0,27637,15941,54,0,0,0,0,0
2026-04-07T04:16:16.620562,564.813,2810,7200,29,26,0,0,67217,0,5452,13969,54,0,0,0,0,0
2026-04-07T04:16:17.137279,565.33,7454,26758,56,91,0,0,67218,0,14398,51686,54,0,0,0,0,0
2026-04-07T04:16:17.651150,565.848,8718,438,35,3,0,0,67218,0,16857,847,54,0,0,0,0,0
2026-04-07T04:16:18.171919,566.361,1938,14110,20,49,0,0,67219,0,3772,27459,54,0,0,0,0,0
2026-04-07T04:16:18.688150,566.882,7434,14550,50,51,0,0,67220,0,14278,27945,54,0,0,0,0,0
2026-04-07T04:16:19.206210,567.398,15028,8460,66,30,0,0,67220,0,29108,16386,54,0,0,0,0,0
2026-04-07T04:16:19.724090,567.916,2296,13962,23,49,0,0,67221,0,4432,26950,54,0,0,0,0,0
2026-04-07T04:16:20.243783,568.437,5530,19652,37,66,0,0,67221,0,10624,37754,54,0,0,0,0,0
2026-04-07T04:16:20.761249,568.954,10094,438,50,3,0,0,67222,0,19524,847,54,0,0,0,0,0
2026-04-07T04:16:21.278421,569.471,7242,21510,49,75,0,0,67222,0,13996,41571,54,0,0,0,0,0
2026-04-07T04:16:21.796908,569.989,5698,7494,30,27,0,0,67223,0,11016,14489,54,0,0,0,0,0
2026-04-07T04:16:22.316727,570.508,10756,15024,50,52,0,0,67223,0,20726,28950,54,0,0,0,0,0
2026-04-07T04:16:22.836767,571.027,5292,7054,37,25,0,0,67224,0,10189,13582,54,0,0,0,0,0
2026-04-07T04:16:23.353997,571.547,4360,20038,41,69,0,0,67224,0,8392,38568,54,0,0,0,0,0
2026-04-07T04:16:23.869564,572.064,9520,7494,43,27,0,0,67225,0,18390,14476,54,0,0,0,0,0
2026-04-07T04:16:24.384506,572.58,5736,14256,34,50,0,0,67225,0,11126,27653,54,0,0,0,0,0
2026-04-07T04:16:24.905128,573.095,15604,8410,71,29,0,0,67226,0,30305,16334,54,0,0,0,0,0
2026-04-07T04:16:25.419479,573.615,2678,14160,29,50,0,0,67226,0,5144,27200,54,0,0,0,0,0
2026-04-07T04:16:25.937241,574.13,4648,13962,31,49,0,0,67227,0,9033,27135,54,0,0,0,0,0
2026-04-07T04:16:26.451846,574.647,4432,13036,40,44,0,0,67227,0,8561,25182,54,0,0,0,0,0
2026-04-07T04:16:26.972691,575.162,9688,14308,47,50,0,0,67228,0,18825,27802,54,0,0,0,0,0
2026-04-07T04:16:27.489789,575.683,5974,7494,35,27,0,0,67228,0,11466,14383,54,0,0,0,0,0
2026-04-07T04:16:28.007521,576.2,15066,15318,66,53,0,0,67229,0,29155,29642,54,0,0,0,0,0
2026-04-07T04:16:28.525461,576.718,2810,7200,29,26,0,0,67229,0,5426,13902,54,0,0,0,0,0
2026-04-07T04:16:29.039769,577.236,5832,21216,45,74,0,0,67230,0,11261,40965,54,0,0,0,0,0
2026-04-07T04:16:29.557628,577.75,6160,5834,30,19,0,0,67230,0,11980,11346,54,0,0,0,0,0
2026-04-07T04:16:30.076568,578.268,6118,14256,36,50,0,0,67231,0,11811,27522,54,0,0,0,0,0
2026-04-07T04:16:30.593237,578.786,7374,14550,49,51,0,0,67231,0,14225,28069,54,0,0,0,0,0
2026-04-07T04:16:31.111889,579.303,15088,8460,67,30,0,0,67232,0,29175,16359,54,0,0,0,0,0
2026-04-07T04:16:31.630545,579.822,1136,7054,12,25,0,0,67232,0,2190,13599,54,0,0,0,0,0
2026-04-07T04:16:32.149363,580.341,6690,26560,48,90,0,0,67233,0,12902,51222,54,0,0,0,0,0
2026-04-07T04:16:32.664111,580.859,10034,438,49,3,0,0,67233,0,19340,844,54,0,0,0,0,0
2026-04-07T04:16:33.180037,581.374,3060,14454,31,51,0,0,67234,0,5943,28070,54,0,0,0,0,0
2026-04-07T04:16:33.698674,581.89,5760,14404,33,50,0,0,67235,0,11164,27918,54,0,0,0,0,0
2026-04-07T04:16:34.215931,582.409,14264,8262,58,29,0,0,67235,0,27507,15933,54,0,0,0,0,0
2026-04-07T04:16:34.734915,582.926,3612,14056,37,50,0,0,67236,0,6982,27172,54,0,0,0,0,0
2026-04-07T04:16:35.250379,583.445,6652,19996,48,68,0,0,67236,0,12820,38536,54,0,0,0,0,0
2026-04-07T04:16:35.769550,583.961,8480,334,34,3,0,0,67237,0,16450,648,54,0,0,0,0,0
2026-04-07T04:16:36.287090,584.48,6656,21312,43,74,0,0,67237,0,12818,41044,54,0,0,0,0,0
2026-04-07T04:16:36.800121,584.997,7014,7494,44,27,0,0,67238,0,13555,14483,54,0,0,0,0,0
2026-04-07T04:16:37.318021,585.51,11626,15222,59,53,0,0,67238,0,22656,29664,54,0,0,0,0,0
2026-04-07T04:16:37.835227,586.028,4228,7200,25,26,0,0,67239,0,8165,13904,54,0,0,0,0,0
2026-04-07T04:16:38.344411,586.545,3178,19652,29,66,0,0,67239,0,6146,38004,54,0,0,0,0,0
2026-04-07T04:16:38.867458,587.055,10836,7494,57,27,0,0,67240,0,21271,14711,54,768,0,768,0,0
2026-04-07T04:16:39.383922,587.578,6620,14538,44,53,0,0,67240,0,12659,27800,54,0,0,0,0,0
2026-04-07T04:16:39.894525,588.094,14646,8556,60,30,0,0,67241,0,28358,16566,54,0,0,0,0,0
2026-04-07T04:16:40.417593,588.605,2872,13816,32,48,0,0,67241,0,5625,27059,54,0,0,0,0,0
2026-04-07T04:16:40.933181,589.128,4754,14160,32,50,0,0,67242,0,9089,27071,54,0,0,0,0,0
2026-04-07T04:16:41.444902,589.646,3774,13036,33,44,0,0,67242,0,7278,25141,54,0,0,0,0,0
2026-04-07T04:16:41.966085,590.155,9940,14256,49,50,0,0,67243,0,19536,28019,54,0,0,0,0,0
2026-04-07T04:16:42.483856,590.676,6274,7348,39,26,0,0,67243,0,12034,14094,54,0,0,0,0,0
2026-04-07T04:16:43.011886,591.194,15232,15558,68,55,0,0,67244,0,29430,30060,54,0,0,0,0,0
2026-04-07T04:16:43.525880,591.722,2152,7200,22,26,0,0,67244,0,4075,13633,54,0,0,0,0,0
2026-04-07T04:16:44.043288,592.236,5068,21018,37,73,0,0,67245,0,9861,40895,54,0,0,0,0,0
2026-04-07T04:16:44.561334,592.753,7476,5834,44,19,0,0,67245,0,14452,11278,54,0,0,0,0,0
2026-04-07T04:16:45.078550,593.271,6882,14454,44,51,0,0,67246,0,13284,27901,54,0,0,0,0,0
2026-04-07T04:16:45.594959,593.789,6058,14550,35,51,0,0,67246,0,11715,28136,54,0,0,0,0,0
2026-04-07T04:16:46.112922,594.305,14324,8262,59,29,0,0,67247,0,27729,15994,54,0,0,0,0,0
,6772,20080,50,70,0,0,66978,0,13109,38871,54,0,0,0,0,0
2026-04-07T04:12:17.762450,595.388,9520,7494,43,27,0,0,66979,0,18437,14513,54,0,0,0,0,0
2026-04-07T04:12:18.279902,595.902,5378,14110,31,49,0,0,66979,0,10474,27481,54,0,0,0,0,0
2026-04-07T04:12:18.797946,596.419,7014,7494,44,27,0,0,66980,0,13557,14485,54,0,0,0,0,0
2026-04-07T04:12:19.315977,596.937,11626,15222,59,53,0,0,66980,0,22441,29382,54,0,0,0,0,0
2026-04-07T04:12:19.834385,597.455,4228,7200,25,26,0,0,66981,0,8162,13899,54,0,0,0,0,0
2026-04-07T04:12:20.353708,597.974,3178,19652,29,66,0,0,66981,0,6129,37900,54,0,0,0,0,0
2026-04-07T04:12:20.872645,598.493,11494,7494,64,27,0,0,66982,0,22140,14435,54,0,0,0,0,0
2026-04-07T04:12:21.389275,599.012,5842,14454,35,51,0,0,66982,0,11257,27852,54,0,0,0,0,0
2026-04-07T04:12:21.908390,599.528,14646,8556,60,30,0,0,66983,0,28345,16559,54,0,0,0,0,0
2026-04-07T04:12:22.418434,600.047,3230,13962,35,49,0,0,66983,0,6226,26911,54,0,0,0,0,0
2026-04-07T04:12:22.936200,600.557,5054,14014,36,49,0,0,66984,0,9905,27465,54,0,0,0,0,0
2026-04-07T04:12:23.450669,601.075,3116,13036,26,44,0,0,66984,0,6018,25177,54,0,0,0,0,0
2026-04-07T04:12:23.968720,601.59,9940,14256,49,50,0,0,66985,0,19318,27706,54,0,0,0,0,0
2026-04-07T04:12:24.486129,602.108,6632,7494,42,27,0,0,66985,0,12801,14464,54,0,0,0,0,0
2026-04-07T04:12:25.003889,602.625,15472,15370,71,53,0,0,66986,0,29907,29710,54,0,0,0,0,0
2026-04-07T04:12:25.521449,603.143,1554,7200,16,26,0,0,66987,0,3001,13905,54,0,0,0,0,0
2026-04-07T04:12:26.041153,603.661,5008,21018,36,73,0,0,66987,0,9677,40614,54,0,0,0,0,0
2026-04-07T04:12:26.553619,604.18,7894,5980,48,20,0,0,66988,0,15192,11509,54,0,0,0,0,0
2026-04-07T04:12:27.073277,604.693,6464,14308,40,50,0,0,66988,0,12611,27914,54,0,0,0,0,0
2026-04-07T04:12:27.587874,605.212,6118,14550,36,51,0,0,66989,0,11775,28003,54,0,0,0,0,0
2026-04-07T04:12:28.106921,605.727,14264,8262,58,29,0,0,66989,0,27717,16054,54,0,0,0,0,0
2026-04-07T04:12:28.625421,606.25,3402,13962,34,49,0,0,66990,0,6501,26679,54,0,0,0,0,0
2026-04-07T04:12:29.139764,606.764,6922,20038,52,69,0,0,66990,0,13463,38974,54,0,0,0,0,0
2026-04-07T04:12:29.655961,607.279,8420,292,33,2,0,0,66991,0,16364,567,54,0,0,0,0,0
2026-04-07T04:12:30.173689,607.795,2236,14256,22,50,0,0,66991,0,4332,27622,54,0,0,0,0,0
2026-04-07T04:12:30.688002,608.313,7434,14550,50,51,0,0,66992,0,14361,28107,54,0,0,0,0,0
2026-04-07T04:12:31.204842,608.827,15028,8460,66,30,0,0,66992,0,29217,16448,54,0,0,0,0,0
2026-04-07T04:12:31.722009,609.345,2190,13962,22,49,0,0,66993,0,4233,26984,54,0,0,0,0,0
2026-04-07T04:12:32.240174,609.861,5636,19652,38,66,0,0,66993,0,10909,38037,54,0,0,0,0,0
2026-04-07T04:12:32.756243,610.379,10766,7494,56,27,0,0,66994,0,20778,14463,54,0,0,0,0,0
2026-04-07T04:12:33.273211,610.895,6570,14454,43,51,0,0,66994,0,12734,28014,54,0,0,0,0,0
2026-04-07T04:12:33.790399,611.412,5698,7494,30,27,0,0,66995,0,11022,14496,54,0,0,0,0,0
2026-04-07T04:12:34.309956,611.929,10504,14878,48,51,0,0,66995,0,20306,28762,54,0,0,0,0,0
2026-04-07T04:12:34.825644,612.449,5544,7200,39,26,0,0,66996,0,10673,13861,54,0,0,0,0,0
2026-04-07T04:12:35.343806,612.965,4300,19996,40,68,0,0,66996,0,8336,38765,54,0,0,0,0,0
2026-04-07T04:12:35.858191,613.483,9520,7494,43,27,0,0,66997,0,18375,14465,54,0,0,0,0,0
2026-04-07T04:12:36.377172,613.997,5438,14152,32,50,0,0,66997,0,10570,27508,54,2752,0,2752,0,0
2026-04-07T04:12:36.892362,614.516,16620,8556,81,30,0,0,66998,0,32036,16492,54,0,0,0,0,0
2026-04-07T04:12:37.413172,615.035,2020,14160,22,50,0,0,66998,0,3894,27297,54,0,0,0,0,0
2026-04-07T04:12:37.931471,615.552,4648,13962,31,49,0,0,66999,0,8984,26988,54,0,0,0,0,0
2026-04-07T04:12:38.443506,616.07,4432,13036,40,44,0,0,66999,0,8553,25157,54,0,0,0,0,0
2026-04-07T04:12:38.960800,616.583,10346,14308,54,50,0,0,67000,0,20198,27933,54,0,0,0,0,0
2026-04-07T04:12:39.472394,617.1,5316,7494,28,27,0,0,67000,0,10277,14488,54,0,0,0,0,0
2026-04-07T04:12:39.989452,617.611,15066,15318,66,53,0,0,67001,0,29448,29941,54,0,0,0,0,0
2026-04-07T04:12:40.506195,618.129,2810,7200,29,26,0,0,67001,0,5435,13926,54,0,0,0,0,0
2026-04-07T04:12:41.017790,618.645,5474,21070,42,73,0,0,67002,0,10593,40773,54,0,0,0,0,0
2026-04-07T04:12:41.535460,619.157,2756,5980,21,20,0,0,67003,0,5387,11689,54,0,0,0,0,0
2026-04-07T04:12:42.050982,619.674,9940,14298,49,51,0,0,67003,0,19205,27625,54,0,0,0,0,0
2026-04-07T04:12:42.561544,620.19,7434,14550,50,51,0,0,67004,0,14420,28223,54,0,0,0,0,0
2026-04-07T04:12:43.091203,620.7,14670,8314,63,29,0,0,67004,0,28750,16293,54,0,0,0,0,0
2026-04-07T04:12:43.610788,621.231,1554,7200,16,26,0,0,67005,0,2930,13577,54,0,0,0,0,0
2026-04-07T04:12:44.121607,621.75,6630,26560,47,90,0,0,67005,0,12771,51161,54,0,0,0,0,0
2026-04-07T04:12:44.643734,622.261,10094,438,50,3,0,0,67006,0,19746,857,54,0,0,0,0,0
2026-04-07T04:12:45.160409,622.783,3000,14454,30,51,0,0,67006,0,5747,27688,54,0,0,0,0,0
2026-04-07T04:12:45.676418,623.299,5760,14404,33,50,0,0,67007,0,11151,27885,54,0,0,0,0,0
2026-04-07T04:12:46.193703,623.816,14264,8262,58,29,0,0,67007,0,27636,16007,54,0,0,0,0,0
2026-04-07T04:12:46.712857,624.333,3612,13962,37,49,0,0,67008,0,6984,26996,54,0,0,0,0,0
2026-04-07T04:12:47.229695,624.852,6652,19996,48,68,0,0,67008,0,12806,38494,54,0,0,0,0,0
2026-04-07T04:12:47.747414,625.37,8546,438,34,3,0,0,67009,0,16498,846,54,4288,0,3520,0,0
2026-04-07T04:12:48.264703,625.886,6352,21166,40,73,0,0,67009,0,12307,41010,54,0,0,0,0,0
2026-04-07T04:12:48.781169,626.403,7014,7494,44,27,0,0,67010,0,13569,14498,54,0,0,0,0,0
2026-04-07T04:12:49.299566,626.92,11626,15222,59,53,0,0,67010,0,22489,29445,54,0,0,0,0,0
2026-04-07T04:12:49.816245,627.439,4122,7294,24,27,0,0,67011,0,7950,14067,54,0,0,0,0,0
2026-04-07T04:12:50.333639,627.955,3284,19652,30,66,0,0,67011,0,6358,38046,54,0,0,0,0,0
2026-04-07T04:12:50.849540,628.473,11494,7494,64,27,0,0,67012,0,22213,14483,54,0,0,0,0,0
2026-04-07T04:12:51.368835,628.989,5842,14454,35,51,0,0,67012,0,11324,28017,54,0,0,0,0,0
2026-04-07T04:12:51.885336,629.508,14646,8556,60,30,0,0,67013,0,28205,16477,54,0,0,0,0,0
2026-04-07T04:12:52.403931,630.024,2872,13816,32,48,0,0,67013,0,5560,26746,54,0,0,0,0,0
2026-04-07T04:12:52.917737,630.543,5412,14160,39,50,0,0,67014,0,10438,27309,54,1536,0,768,0,0
2026-04-07T04:12:53.435548,631.057,3176,13078,27,45,0,0,67014,0,6182,25458,54,0,0,0,0,0
2026-04-07T04:12:53.953418,631.575,10060,14340,51,52,0,0,67015,0,19398,27651,54,0,0,0,0,0
2026-04-07T04:12:54.468771,632.093,6526,7494,41,27,0,0,67015,0,12618,14490,54,0,0,0,0,0
2026-04-07T04:12:54.986727,632.608,15578,15370,72,53,0,0,67016,0,30226,29822,54,0,0,0,0,0
2026-04-07T04:12:55.503512,633.126,1494,7200,15,26,0,0,67016,0,2884,13900,54,0,0,0,0,0
2026-04-07T04:12:56.022686,633.643,5068,21018,37,73,0,0,67017,0,9808,40675,54,0,0,0,0,0
2026-04-07T04:12:56.542205,634.162,4072,5980,35,20,0,0,67018,0,7844,11520,54,0,0,0,0,0
2026-04-07T04:12:57.060517,634.681,10286,14308,53,50,0,0,67018,0,19797,27539,54,0,0,0,0,0
2026-04-07T04:12:57.577390,635.199,6118,14550,36,51,0,0,67019,0,11812,28091,54,0,0,0,0,0
2026-04-07T04:12:58.091265,635.716,14264,8262,58,29,0,0,67019,0,27580,15975,54,0,0,0,0,0
2026-04-07T04:12:58.607630,636.23,2870,7200,30,26,0,0,67020,0,5584,14009,54,0,0,0,0,0
2026-04-07T04:12:59.128401,636.747,7036,26612,52,90,0,0,67020,0,13628,51544,54,0,0,0,0,0
2026-04-07T04:12:59.647585,637.267,8778,438,36,3,0,0,67021,0,16855,841,54,0,0,0,0,0
2026-04-07T04:13:00.165807,637.787,2236,14256,22,50,0,0,67021,0,4307,27457,54,0,0,0,0,0
2026-04-07T04:13:00.683186,638.305,7434,14550,50,51,0,0,67022,0,14347,28080,54,0,0,0,0,0
2026-04-07T04:13:01.201673,638.822,14670,8314,63,29,0,0,67022,0,28350,16067,54,2752,0,2752,0,0
2026-04-07T04:13:01.719471,639.341,2296,13962,23,49,0,0,67023,0,4428,26929,54,0,0,0,0,0
2026-04-07T04:13:02.237754,639.859,5888,19798,40,67,0,0,67023,0,11372,38238,54,0,0,0,0,0
2026-04-07T04:13:02.755861,640.377,10094,438,50,3,0,0,67024,0,19475,845,54,0,0,0,0,0
2026-04-07T04:13:03.272649,640.899,7136,21510,48,75,0,0,67024,0,13661,41179,54,0,0,0,0,0
2026-04-07T04:13:03.790519,641.412,5446,7348,28,26,0,0,67025,0,10622,14332,54,0,0,0,0,0
2026-04-07T04:13:04.306403,641.93,10862,15024,51,52,0,0,67025,0,20984,29025,54,0,0,0,0,0
2026-04-07T04:13:04.819551,642.446,5633,7200,40,26,0,0,67026,0,10915,13952,54,0,0,0,0,0
2026-04-07T04:13:05.334142,642.958,4300,19996,40,68,0,0,67026,0,8387,39003,54,0,0,0,0,0
2026-04-07T04:13:05.850131,643.473,9162,7348,40,26,0,0,67027,0,17793,14270,54,0,0,0,0,0
2026-04-07T04:13:06.367699,643.989,5796,14298,35,51,0,0,67027,0,11233,27709,54,0,0,0,0,0
2026-04-07T04:13:06.884366,644.507,16620,8556,81,30,0,0,67028,0,32113,16532,54,0,0,0,0,0
2026-04-07T04:13:07.397460,645.023,2020,14160,22,50,0,0,67028,0,3912,27419,54,0,0,0,0,0
2026-04-07T04:13:07.915123,645.537,4290,13816,28,48,0,0,67029,0,8357,26914,54,0,0,0,0,0
2026-04-07T04:13:08.432309,646.054,4432,13130,40,45,0,0,67029,0,8562,25364,54,0,0,0,0,0
2026-04-07T04:13:08.948506,646.571,10704,14454,57,51,0,0,67030,0,20698,27949,54,0,0,0,0,0
2026-04-07T04:13:09.464188,647.087,5316,7494,28,27,0,0,67030,0,10305,14527,54,0,0,0,0,0
2026-04-07T04:13:09.979733,647.603,14708,15172,63,52,0,0,67031,0,28505,29404,54,0,0,0,0,0
2026-04-07T04:13:10.496084,648.119,2810,7200,29,26,0,0,67031,0,5451,13967,54,0,0,0,0,0
2026-04-07T04:13:11.015022,648.635,5892,21258,46,75,0,0,67032,0,11408,41158,54,0,0,0,0,0
2026-04-07T04:13:11.528663,649.154,2696,5980,20,20,0,0,67032,0,5196,11525,54,0,0,0,0,0
2026-04-07T04:13:12.046818,649.668,9582,14110,46,49,0,0,67033,0,18649,27461,54,0,0,0,0,0
2026-04-07T04:13:12.564907,650.186,7434,14550,50,51,0,0,67034,0,14349,28084,54,0,0,0,0,0
2026-04-07T04:13:13.081961,650.704,15028,8460,66,30,0,0,67034,0,29011,16332,54,0,0,0,0,0
2026-04-07T04:13:13.603701,651.225,1554,7200,16,26,0,0,67035,0,2984,13824,54,0,0,0,0,0
2026-04-07T04:13:14.117459,651.743,6630,26560,47,90,0,0,67035,0,12801,51281,54,0,0,0,0,0
2026-04-07T04:13:14.637557,652.256,9736,292,47,2,0,0,67036,0,18953,568,54,0,0,0,0,0
2026-04-07T04:13:15.153480,652.777,3000,14454,30,51,0,0,67036,0,5768,27788,54,0,0,0,0,0
2026-04-07T04:13:15.670812,653.292,6118,14550,36,51,0,0,67037,0,11859,28203,54,0,0,0,0,0
2026-04-07T04:13:16.185254,653.81,14264,8262,58,29,0,0,67037,0,27571,15970,54,0,0,0,0,0
2026-04-07T04:13:16.704187,654.324,3254,13816,34,48,0,0,67038,0,6324,26853,54,0,0,0,0,0
2026-04-07T04:13:17.223260,654.843,6652,19996,48,68,0,0,67038,0,12818,38532,54,0,0,0,0,0
2026-04-07T04:13:17.742527,655.362,8778,438,36,3,0,0,67039,0,16912,844,54,0,0,0,0,0
2026-04-07T04:13:18.260464,655.882,6478,21312,41,74,0,0,67039,0,12476,41045,54,35776,0,5504,0,0
2026-04-07T04:13:18.782614,656.4,6716,7390,42,27,0,0,67040,0,12967,14268,54,0,0,0,0,0
2026-04-07T04:13:19.296421,656.922,11626,15222,59,53,0,0,67040,0,22267,29155,54,0,0,0,0,0
2026-04-07T04:13:19.813715,657.435,4228,7200,25,26,0,0,67041,0,8228,14012,54,0,0,0,0,0
2026-04-07T04:13:20.330716,657.953,3625,19798,33,67,0,0,67041,0,7008,38275,54,0,0,0,0,0
2026-04-07T04:13:20.847479,658.47,10478,7348,54,26,0,0,67042,0,20263,14210,54,2752,0,2752,0,0
2026-04-07T04:13:21.365685,658.987,6500,14454,42,51,0,0,67042,0,12579,27973,54,0,0,0,0,0
2026-04-07T04:13:21.882224,659.505,14646,8556,60,30,0,0,67043,0,28264,16512,54,0,0,0,0,0
2026-04-07T04:13:22.401543,660.021,3230,13962,35,49,0,0,67043,0,6253,27029,54,0,0,0,0,0
2026-04-07T04:13:22.917693,660.541,4948,14014,35,49,0,0,67044,0,9528,26985,54,0,0,0,0,0
2026-04-07T04:13:23.434180,661.057,3222,13036,27,44,0,0,67044,0,6244,25263,54,0,0,0,0,0
2026-04-07T04:13:23.953107,661.573,9940,14256,49,50,0,0,67045,0,19244,27599,54,0,0,0,0,0
2026-04-07T04:13:24.469327,662.092,6632,7494,42,27,0,0,67045,0,12779,14440,54,0,0,0,0,0
2026-04-07T04:13:24.988583,662.608,15472,15370,71,53,0,0,67046,0,29970,29773,54,2752,0,2752,0,0
2026-04-07T04:13:25.504838,663.127,1494,7200,15,26,0,0,67046,0,2879,13877,54,0,0,0,0,0
2026-04-07T04:13:26.023363,663.644,5128,21060,38,74,0,0,67047,0,9923,40754,54,0,0,0,0,0
2026-04-07T04:13:26.541771,664.162,4012,5980,34,20,0,0,67047,0,7739,11535,54,0,0,0,0,0
2026-04-07T04:13:27.054620,664.681,10598,14454,56,51,0,0,67048,0,20442,27879,54,0,0,0,0,0
2026-04-07T04:13:27.572380,665.194,5866,14404,34,50,0,0,67049,0,11441,28093,54,0,0,0,0,0
2026-04-07T04:13:28.088115,665.711,14264,8262,58,29,0,0,67049,0,27545,15955,54,0,0,0,0,0
2026-04-07T04:13:28.605780,666.227,2870,7200,30,26,0,0,67050,0,5564,13958,54,0,0,0,0,0
2026-04-07T04:13:29.119161,666.745,7394,26758,55,91,0,0,67050,0,14287,51704,54,0,0,0,0,0
2026-04-07T04:13:29.638942,667.258,8494,292,34,2,0,0,67051,0,16542,569,54,0,0,0,0,0
2026-04-07T04:13:30.156529,667.778,2236,14256,22,50,0,0,67051,0,4302,27429,54,0,0,0,0,0
2026-04-07T04:13:30.671834,668.296,7508,14550,51,51,0,0,67052,0,14506,28111,54,0,0,0,0,0
2026-04-07T04:13:31.185295,668.811,15148,8544,68,32,0,0,67052,0,29396,16580,54,0,0,0,0,0
2026-04-07T04:13:31.701225,669.324,1938,13816,20,48,0,0,67053,0,3775,26909,54,0,0,0,0,0
2026-04-07T04:13:32.219350,669.84,5888,19798,40,67,0,0,67053,0,11411,38369,54,0,0,0,0,0
2026-04-07T04:13:32.737113,670.358,10168,438,51,3,0,0,67054,0,19626,845,54,0,0,0,0,0
2026-04-07T04:13:33.251915,670.876,3420,21510,36,75,0,0,67054,0,6605,41541,54,0,0,0,0,0
2026-04-07T04:13:33.771247,671.391,9162,7348,40,26,0,0,67055,0,17801,14277,54,0,0,0,0,0
2026-04-07T04:13:34.288478,671.91,10862,15024,51,52,0,0,67055,0,20914,28927,54,0,0,0,0,0
2026-04-07T04:13:34.805745,672.428,5544,7200,39,26,0,0,67056,0,10718,13920,54,0,0,0,0,0
2026-04-07T04:13:35.324983,672.945,4300,19996,40,68,0,0,67056,0,8312,38653,54,0,0,0,0,0
2026-04-07T04:13:35.840338,673.464,9609,7494,44,27,0,0,67057,0,18508,14434,54,0,0,0,0,0
2026-04-07T04:13:36.359598,673.979,5378,14204,31,50,0,0,67057,0,10435,27561,54,0,0,0,0,0
2026-04-07T04:13:36.875740,674.499,16036,8556,75,30,0,0,67058,0,30885,16478,54,0,0,0,0,0
2026-04-07T04:13:37.393011,675.015,2678,14160,29,50,0,0,67058,0,5188,27433,54,0,0,0,0,0
2026-04-07T04:13:37.907066,675.532,4648,13962,31,49,0,0,67059,0,8986,26992,54,0,0,0,0,0
2026-04-07T04:13:38.425148,676.046,4074,12890,37,43,0,0,67059,0,7925,25074,54,0,0,0,0,0
2026-04-07T04:13:38.941622,676.564,10704,14454,57,51,0,0,67060,0,20664,27903,54,0,0,0,0,0
2026-04-07T04:13:39.456265,677.081,5316,7494,28,27,0,0,67060,0,10292,14509,54,0,0,0,0,0
2026-04-07T04:13:39.970620,677.595,15066,15318,66,53,0,0,67061,0,29275,29765,54,0,0,0,0,0
2026-04-07T04:13:40.487293,678.11,2452,7054,26,25,0,0,67061,0,4766,13712,54,0,0,0,0,0
2026-04-07T04:13:41.005090,678.626,5921,21216,46,74,0,0,67062,0,11461,41067,54,0,0,0,0,0
2026-04-07T04:13:41.523684,679.144,2696,5980,20,20,0,0,67062,0,5206,11547,54,0,0,0,0,0
2026-04-07T04:13:42.041523,679.663,9940,14256,49,50,0,0,67063,0,19172,27497,54,0,0,0,0,0
2026-04-07T04:13:42.558994,680.181,7016,14404,46,50,0,0,67063,0,13549,27816,54,0,0,0,0,0
2026-04-07T04:13:43.073398,680.698,15148,8502,68,31,0,0,67064,0,29271,16429,54,0,0,0,0,0
2026-04-07T04:13:43.591404,681.213,1554,7200,16,26,0,0,67065,0,3021,13995,54,0,0,0,0,0
2026-04-07T04:13:44.109041,681.73,6630,26560,47,90,0,0,67065,0,12801,51280,54,0,0,0,0,0
2026-04-07T04:13:44.625374,682.248,10048,480,50,4,0,0,67066,0,19409,927,54,0,0,0,0,0
2026-04-07T04:13:45.143493,682.764,2822,14308,29,50,0,0,67066,0,5467,27716,54,0,0,0,0,0
2026-04-07T04:13:45.659653,683.283,6118,14550,36,51,0,0,67067,0,11806,28078,54,0,0,0,0,0
2026-04-07T04:13:46.178790,683.799,14264,8262,58,29,0,0,67067,0,27635,16007,54,0,0,0,0,0
2026-04-07T04:13:46.694676,684.318,3612,13962,37,49,0,0,67068,0,6958,26895,54,0,0,0,0,0
2026-04-07T04:13:47.212120,684.834,6294,19850,45,67,0,0,67068,0,12200,38477,54,0,0,0,0,0
2026-04-07T04:13:47.731254,685.351,8778,438,36,3,0,0,67069,0,16963,846,54,0,0,0,0,0
2026-04-07T04:13:48.245297,685.87,2656,21312,28,74,0,0,67069,0,5117,41056,54,0,0,0,0,0
2026-04-07T04:13:48.758270,686.384,10836,7588,57,28,0,0,67070,0,21085,14765,54,0,0,0,0,0
2026-04-07T04:13:49.273559,686.897,11268,15076,56,52,0,0,67070,0,21956,29377,54,0,0,0,0,0
2026-04-07T04:13:49.790890,687.413,4228,7200,25,26,0,0,67071,0,8205,13973,54,0,0,0,0,0
2026-04-07T04:13:50.309014,687.93,3536,19798,32,67,0,0,67071,0,6835,38271,54,0,0,0,0,0
2026-04-07T04:13:50.823667,688.448,10836,7494,57,27,0,0,67072,0,20916,14466,54,0,0,0,0,0
2026-04-07T04:13:51.340583,688.963,6142,14308,39,50,0,0,67072,0,11935,27803,54,0,0,0,0,0
2026-04-07T04:13:51.853369,689.48,5698,7588,30,28,0,0,67073,0,11024,14680,54,0,0,0,0,0
2026-04-07T04:13:52.370940,689.992,10862,15024,51,52,0,0,67073,0,21185,29302,54,0,0,0,0,0
2026-04-07T04:13:52.886278,690.51,5754,13962,42,49,0,0,67074,0,11116,26972,54,0,0,0,0,0
2026-04-07T04:13:53.403741,691.025,3732,13088,34,44,0,0,67074,0,7241,25394,54,0,0,0,0,0
2026-04-07T04:13:53.921252,691.543,9520,7494,43,27,0,0,67075,0,18399,14483,54,0,0,0,0,0
2026-04-07T04:13:54.436182,692.06,7052,14256,48,50,0,0,67075,0,13627,27548,54,0,0,0,0,0
2026-04-07T04:13:54.949366,692.575,15830,15516,74,54,0,0,67076,0,30744,30135,54,0,0,0,0,0
2026-04-07T04:13:55.466460,693.089,1196,7096,13,26,0,0,67076,0,2330,13823,54,0,0,0,0,0
2026-04-07T04:13:55.978414,693.606,5068,21018,37,73,0,0,67077,0,9803,40656,54,0,0,0,0,0
2026-04-07T04:13:56.501504,694.117,4101,5980,35,20,0,0,67077,0,8019,11693,54,0,0,0,0,0
2026-04-07T04:13:57.015746,694.641,10704,14454,57,51,0,0,67078,0,20435,27594,54,0,0,0,0,0
2026-04-07T04:13:57.526467,695.155,5700,14404,32,50,0,0,67078,0,11087,28017,54,0,0,0,0,0
2026-04-07T04:13:58.049447,695.666,14324,8262,59,29,0,0,67079,0,28048,16178,54,0,0,0,0,0
2026-04-07T04:13:58.566760,696.189,2810,7200,29,26,0,0,67079,0,5372,13764,54,0,0,0,0,0
2026-04-07T04:13:59.077224,696.706,7514,26800,57,92,0,0,67080,0,14534,51837,54,0,0,0,0,0
2026-04-07T04:13:59.600300,697.216,8420,292,33,2,0,0,67081,0,16489,572,54,0,0,0,0,0
2026-04-07T04:14:00.118345,697.74,2236,14256,22,50,0,0,67081,0,4273,27243,54,0,0,0,0,0
2026-04-07T04:14:00.632717,698.261,7434,14550,50,51,0,0,67082,0,14253,27895,54,0,0,0,0,0
2026-04-07T04:14:01.154424,698.771,15028,8460,66,30,0,0,67082,0,29461,16585,54,0,0,0,0,0
2026-04-07T04:14:01.670654,699.294,1938,13816,20,48,0,0,67083,0,3709,26445,54,0,0,0,0,0
2026-04-07T04:14:02.184680,699.813,5888,19798,40,67,0,0,67083,0,11330,38096,54,0,0,0,0,0
2026-04-07T04:14:02.701567,700.323,10094,438,50,3,0,0,67084,0,19800,859,54,0,0,0,0,0
2026-04-07T04:14:03.214829,700.841,3000,14454,30,51,0,0,67084,0,5798,27937,54,0,0,0,0,0
2026-04-07T04:14:03.738002,701.354,5760,14404,33,50,0,0,67085,0,11220,28059,54,0,0,0,0,0
2026-04-07T04:14:04.250634,701.877,14684,15118,64,53,0,0,67085,0,28077,28907,54,0,0,0,0,0
2026-04-07T04:14:04.769079,702.39,5544,7200,39,26,0,0,67086,0,10812,14041,54,0,0,0,0,0
2026-04-07T04:14:05.286571,702.908,4300,19996,40,68,0,0,67086,0,8294,38571,54,0,0,0,0,0
2026-04-07T04:14:05.804475,703.426,9162,7348,40,26,0,0,67087,0,17705,14199,54,0,0,0,0,0
2026-04-07T04:14:06.319734,703.943,5736,14256,34,50,0,0,67087,0,11077,27530,54,0,0,0,0,0
2026-04-07T04:14:06.837458,704.459,7014,7494,44,27,0,0,67088,0,13607,14538,54,0,0,0,0,0
2026-04-07T04:14:07.353951,704.977,11626,15264,59,54,0,0,67088,0,22463,29492,55,0,768,0,768,0
2026-04-07T04:14:07.873745,705.493,3990,7138,24,27,0,0,67089,0,7723,13817,55,3520,768,3520,768,0
2026-04-07T04:14:08.392352,706.013,4852,19840,46,68,0,0,67089,0,9332,38159,55,0,768,0,768,0
2026-04-07T04:14:08.909035,706.531,10178,7494,50,27,0,0,67090,0,19640,14461,55,0,768,0,768,0
2026-04-07T04:14:09.427516,707.048,5842,14496,35,52,0,0,67090,0,11303,28046,55,0,768,0,768,0
2026-04-07T04:14:09.939992,707.566,15066,15318,66,53,0,0,67091,0,29090,29576,55,0,768,0,768,0
2026-04-07T04:14:10.453314,708.079,2452,7054,26,25,0,0,67091,0,4780,13752,54,0,0,0,0,0
2026-04-07T04:14:10.970127,708.592,5832,21216,45,74,0,0,67092,0,11360,41326,54,0,0,0,0,0
2026-04-07T04:14:11.486545,709.109,2696,5980,20,20,0,0,67092,0,5216,11569,54,0,0,0,0,0
2026-04-07T04:14:11.999557,709.626,10029,14256,50,50,0,0,67093,0,19425,27612,54,0,0,0,0,0
2026-04-07T04:14:12.515457,710.139,6274,7348,39,26,0,0,67093,0,12229,14323,54,0,0,0,0,0
2026-04-07T04:14:13.031295,710.654,15830,15516,74,54,0,0,67094,0,30693,30084,54,0,0,0,0,0
2026-04-07T04:14:13.549016,711.17,1494,7200,15,26,0,0,67094,0,2896,13954,54,0,0,0,0,0
2026-04-07T04:14:14.069512,711.688,5068,21018,37,73,0,0,67095,0,9788,40591,54,0,0,0,0,0
2026-04-07T04:14:14.586386,712.209,11298,5834,57,19,0,0,67095,0,21712,11212,54,0,0,0,0,0
2026-04-07T04:14:15.103117,712.725,3060,14454,31,51,0,0,67096,0,5920,27965,54,0,0,0,0,0
2026-04-07T04:14:15.621103,713.242,6118,14550,36,51,0,0,67097,0,11838,28153,54,0,0,0,0,0
2026-04-07T04:14:16.138232,713.76,14264,8262,58,29,0,0,67097,0,27540,15952,54,0,0,0,0,0
2026-04-07T04:14:16.652883,714.277,3254,13816,34,48,0,0,67098,0,6293,26719,54,0,0,0,0,0
2026-04-07T04:14:17.173978,714.792,6652,19996,48,68,0,0,67098,0,12920,38837,54,0,0,0,0,0
2026-04-07T04:14:17.691721,715.313,8778,438,36,3,0,0,67099,0,16849,841,54,0,0,0,0,0
2026-04-07T04:14:18.208787,715.831,2236,14256,22,50,0,0,67099,0,4319,27539,54,0,0,0,0,0
2026-04-07T04:14:18.729241,716.348,7076,14404,47,50,0,0,67100,0,13680,27847,54,5504,0,2752,0,0
2026-04-07T04:14:19.243428,716.868,15508,15264,73,54,0,0,67100,0,29807,29338,54,0,0,0,0,0
2026-04-07T04:14:19.761085,717.382,4288,7242,26,27,0,0,67101,0,8340,14085,54,0,0,0,0,0
2026-04-07T04:14:20.274669,717.9,3536,19798,32,67,0,0,67101,0,6830,38240,54,0,0,0,0,0
2026-04-07T04:14:20.788221,718.414,10836,7494,57,27,0,0,67102,0,21099,14592,54,0,0,0,0,0
2026-04-07T04:14:21.302697,718.927,6142,14308,39,50,0,0,67102,0,11959,27858,54,0,0,0,0,0
2026-04-07T04:14:21.820360,719.442,5698,7494,30,27,0,0,67103,0,11072,14562,54,0,0,0,0,0
2026-04-07T04:14:22.338249,719.959,10862,15024,51,52,0,0,67103,0,20989,29032,54,0,0,0,0,0
2026-04-07T04:14:22.850292,720.477,5544,7294,39,27,0,0,67104,0,10704,14083,54,0,0,0,0,0
2026-04-07T04:14:23.373551,720.99,3942,19850,37,67,0,0,67104,0,7695,38747,54,0,0,0,0,0
2026-04-07T04:14:23.890412,721.513,9520,7494,43,27,0,0,67105,0,18194,14322,54,0,0,0,0,0
2026-04-07T04:14:24.407138,722.029,7052,14256,48,50,0,0,67105,0,13652,27599,54,0,0,0,0,0
2026-04-07T04:14:24.920136,722.546,15830,15516,74,54,0,0,67106,0,30630,30023,54,0,0,0,0,0
2026-04-07T04:14:25.438259,723.059,1136,7054,12,25,0,0,67106,0,2215,13752,54,0,0,0,0,0
2026-04-07T04:14:25.954067,723.577,5068,21018,37,73,0,0,67107,0,9783,40572,54,0,0,0,0,0
2026-04-07T04:14:26.473254,724.093,4012,5980,34,20,0,0,67107,0,7777,11592,54,0,0,0,0,0
2026-04-07T04:14:26.988004,724.612,10704,14454,57,51,0,0,67108,0,20633,27861,54,0,0,0,0,0
2026-04-07T04:14:27.505651,725.127,4958,7348,25,26,0,0,67108,0,9624,14263,54,0,0,0,0,0
2026-04-07T04:14:28.023342,725.645,15066,15318,66,53,0,0,67109,0,29104,29591,54,0,0,0,0,0
2026-04-07T04:14:28.540807,726.162,2810,7200,29,26,0,0,67109,0,5428,13908,54,0,0,0,0,0
2026-04-07T04:14:29.053769,726.68,5726,21216,44,74,0,0,67110,0,11065,40999,54,0,0,0,0,0
2026-04-07T04:14:29.572016,727.193,6266,5834,31,19,0,0,67110,0,12219,11376,54,0,0,0,0,0
2026-04-07T04:14:30.089592,727.711,6118,14256,36,50,0,0,67111,0,11803,27503,54,0,0,0,0,0
2026-04-07T04:14:30.607186,728.229,7434,14550,50,51,0,0,67112,0,14362,28110,54,0,0,0,0,0
2026-04-07T04:14:31.120011,728.746,15028,8502,66,31,0,0,67112,0,29035,16426,56,0,1536,0,768,0
2026-04-07T04:14:31.634938,729.259,1998,13858,21,49,0,0,67113,0,3896,27022,56,0,1536,0,768,0
2026-04-07T04:14:32.150428,729.774,5888,19934,40,69,0,0,67113,0,11435,38714,60,0,3072,0,768,0
2026-04-07T04:14:32.666703,730.289,10154,480,51,4,0,0,67114,0,19700,931,58,0,3072,0,768,0
2026-04-07T04:14:33.183424,730.807,2894,14496,29,52,0,0,67114,0,5591,28005,58,0,3072,0,768,0
2026-04-07T04:14:33.704145,731.322,5866,14404,34,50,0,0,67115,0,11381,27945,58,3072,0,768,0,0
2026-04-07T04:14:34.218588,731.843,14264,8304,58,30,0,0,67115,0,27389,15945,56,0,1536,0,768,0
2026-04-07T04:14:34.736184,732.358,3612,14004,37,50,0,0,67116,0,7020,27217,56,0,1536,0,768,0
2026-04-07T04:14:35.254189,732.881,6652,19996,48,68,0,0,67116,0,12717,38227,56,0,1536,0,768,0
2026-04-07T04:14:35.766665,733.393,9162,7390,40,27,0,0,67117,0,17884,14425,56,0,1536,0,768,0
2026-04-07T04:14:36.284337,733.906,5736,14256,34,50,0,0,67117,0,11191,27814,56,0,1536,0,768,0
2026-04-07T04:14:36.801236,734.423,7014,7536,44,28,0,0,67118,0,13550,14558,54,0,0,0,0,0
2026-04-07T04:14:37.316462,734.94,11626,15222,59,53,0,0,67118,0,22488,29443,54,0,0,0,0,0
2026-04-07T04:14:37.836340,735.456,3959,7096,23,26,0,0,67119,0,7685,13774,54,0,0,0,0,0
2026-04-07T04:14:38.353892,735.975,3536,19798,32,67,0,0,67119,0,6804,38094,54,0,0,0,0,0
2026-04-07T04:14:38.871403,736.493,10836,7536,57,28,0,0,67120,0,20935,14560,54,0,0,0,0,0
2026-04-07T04:14:39.383082,737.01,6500,14454,42,51,0,0,67120,0,12560,27930,54,0,0,0,0,0
2026-04-07T04:14:39.901239,737.522,14288,8452,57,30,0,0,67121,0,27916,16514,54,0,0,0,0,0
2026-04-07T04:14:40.420328,738.04,3230,13962,35,49,0,0,67121,0,6234,26948,54,0,0,0,0,0
2026-04-07T04:14:40.937583,738.559,5412,14202,39,51,0,0,67122,0,10426,27361,54,0,0,0,0,0
2026-04-07T04:14:41.450065,739.077,3116,13036,26,44,0,0,67122,0,6023,25197,54,0,0,0,0,0
2026-04-07T04:14:41.966321,739.589,9582,14152,46,50,0,0,67123,0,18700,27619,54,0,0,0,0,0
2026-04-07T04:14:42.483914,740.109,6632,7494,42,27,0,0,67123,0,12756,14414,54,0,0,0,0,0
2026-04-07T04:14:43.001293,740.623,15830,15558,74,55,0,0,67124,0,30802,30273,54,0,0,0,0,0
2026-04-07T04:14:43.514640,741.14,1494,7200,15,26,0,0,67124,0,2887,13915,54,0,0,0,0,0
2026-04-07T04:14:44.034549,741.654,4710,20914,34,73,0,0,67125,0,9176,40743,54,0,0,0,0,0
2026-04-07T04:14:44.552187,742.174,7834,5980,47,20,0,0,67125,0,15071,11504,54,0,0,0,0,0
2026-04-07T04:14:45.069987,742.692,6882,14496,44,52,0,0,67126,0,13284,27981,54,0,0,0,0,0
2026-04-07T04:14:45.587444,743.209,6058,14550,35,51,0,0,67126,0,11708,28120,54,0,0,0,0,0
2026-04-07T04:14:46.106403,743.727,13966,8158,56,29,0,0,67127,0,26988,15764,54,0,0,0,0,0
2026-04-07T04:14:46.624891,744.245,2870,7200,30,26,0,0,67128,0,5530,13874,54,0,0,0,0,0
2026-04-07T04:14:47.142746,744.764,7514,26978,57,95,0,0,67128,0,14492,52033,54,0,0,0,0,0
2026-04-07T04:14:47.657012,745.282,8778,438,36,3,0,0,67129,0,16950,846,54,0,0,0,0,0
2026-04-07T04:14:48.176609,745.796,1878,14152,19,50,0,0,67129,0,3652,27519,54,3520,0,3520,0,0
2026-04-07T04:14:48.693133,746.316,7434,14550,50,51,0,0,67130,0,14313,28014,54,0,0,0,0,0
2026-04-07T04:14:49.210690,746.832,15028,8502,66,31,0,0,67130,0,29084,16454,54,0,0,0,0,0
2026-04-07T04:14:49.728648,747.35,2296,13962,23,49,0,0,67131,0,4436,26976,54,0,0,0,0,0
2026-04-07T04:14:50.245781,747.868,5782,19840,39,68,0,0,67131,0,11162,38301,54,0,0,0,0,0
2026-04-07T04:14:50.764096,748.385,9842,292,48,2,0,0,67132,0,19039,565,54,0,0,0,0,0
2026-04-07T04:14:51.279816,748.903,7242,21552,49,76,0,0,67132,0,13971,41578,54,0,0,0,0,0
2026-04-07T04:14:51.797733,749.419,5698,7494,30,27,0,0,67133,0,11046,14528,54,0,0,0,0,0
2026-04-07T04:14:52.311780,749.937,10862,15066,51,53,0,0,67133,0,20975,29093,54,0,0,0,0,0
2026-04-07T04:14:52.831895,750.451,5186,7054,36,25,0,0,67134,0,10088,13721,54,0,0,0,0,0
2026-04-07T04:14:53.348277,750.971,4449,20080,42,70,0,0,67134,0,8555,38612,54,0,0,0,0,0
2026-04-07T04:14:53.867808,751.487,9520,7494,43,27,0,0,67135,0,18435,14512,54,0,0,0,0,0
2026-04-07T04:14:54.383975,752.009,5736,14298,34,51,0,0,67135,0,11005,27431,54,0,0,0,0,0
2026-04-07T04:14:54.900009,752.523,15604,8410,71,29,0,0,67136,0,30334,16349,54,0,0,0,0,0
2026-04-07T04:14:55.418040,753.039,2678,14160,29,50,0,0,67136,0,5189,27435,54,0,0,0,0,0
2026-04-07T04:14:55.934942,753.559,4648,13962,31,49,0,0,67137,0,8933,26834,54,0,0,0,0,0
2026-04-07T04:14:56.449888,754.074,4432,13130,40,45,0,0,67137,0,8614,25520,54,0,0,0,0,0
2026-04-07T04:14:56.967946,754.589,10406,14350,55,51,0,0,67138,0,20201,27857,54,0,0,0,0,0
2026-04-07T04:14:57.482403,755.107,5316,7494,28,27,0,0,67138,0,10262,14467,54,0,0,0,0,0
2026-04-07T04:14:57.999131,755.621,15066,15318,66,53,0,0,67139,0,29288,29778,54,0,0,0,0,0
2026-04-07T04:14:58.516670,756.138,2810,7200,29,26,0,0,67139,0,5437,13931,54,0,0,0,0,0
2026-04-07T04:14:59.036007,756.656,5474,21070,42,73,0,0,67140,0,10575,40704,54,0,0,0,0,0
2026-04-07T04:14:59.553862,757.175,6518,5980,33,20,0,0,67140,0,12555,11519,54,0,0,0,0,0
2026-04-07T04:15:00.074852,757.693,6118,14256,36,50,0,0,67141,0,11813,27526,54,0,0,0,0,0
2026-04-07T04:15:00.590905,758.214,7374,14550,49,51,0,0,67141,0,14157,27934,54,0,0,0,0,0
2026-04-07T04:15:01.109169,758.73,14730,8314,64,29,0,0,67142,0,28537,16107,54,0,0,0,0,0
2026-04-07T04:15:01.627699,759.248,1554,7200,16,26,0,0,67143,0,2999,13893,54,0,0,0,0,0
2026-04-07T04:15:02.145265,759.767,6630,26560,47,90,0,0,67143,0,12786,51222,54,0,0,0,0,0
2026-04-07T04:15:02.662610,760.284,10094,438,50,3,0,0,67144,0,19503,846,54,0,0,0,0,0
2026-04-07T04:15:03.180606,760.802,2642,14308,27,50,0,0,67144,0,5106,27651,54,0,0,0,0,0
2026-04-07T04:15:03.697952,761.319,6118,14550,36,51,0,0,67145,0,11823,28118,54,0,0,0,0,0
2026-04-07T04:15:04.215440,761.837,14264,8262,58,29,0,0,67145,0,27541,15952,54,0,0,0,0,0
2026-04-07T04:15:04.734577,762.355,3672,14004,38,50,0,0,67146,0,7098,27069,54,0,0,0,0,0
2026-04-07T04:15:05.250855,762.874,6652,19996,48,68,0,0,67146,0,12809,38506,54,0,0,0,0,0
2026-04-07T04:15:05.769406,763.39,8420,3232,33,12,0,0,67147,0,16308,6260,54,5120,0,1280,0,0
2026-04-07T04:15:06.286355,763.908,6478,18372,41,64,0,0,67147,0,12499,35449,54,0,0,0,0,0
2026-04-07T04:15:06.803601,764.425,7014,7494,44,27,0,0,67148,0,13565,14494,54,0,0,0,0,0
2026-04-07T04:15:07.318007,764.943,11626,15222,59,53,0,0,67148,0,22476,29428,54,0,0,0,0,0
2026-04-07T04:15:07.835741,765.457,3870,7054,22,25,0,0,67149,0,7523,13712,54,0,0,0,0,0
2026-04-07T04:15:08.354206,765.975,3536,19798,32,67,0,0,67149,0,6831,38245,54,0,0,0,0,0
2026-04-07T04:15:08.871350,766.493,10836,7494,57,27,0,0,67150,0,20903,14456,54,0,0,0,0,0
2026-04-07T04:15:09.383751,767.01,6560,14496,43,52,0,0,67150,0,12698,28060,54,0,0,0,0,0
2026-04-07T04:15:09.901431,767.523,14288,8410,57,29,0,0,67151,0,27845,16389,54,0,0,0,0,0
2026-04-07T04:15:10.420591,768.041,3230,13962,35,49,0,0,67151,0,6241,26975,54,0,0,0,0,0
2026-04-07T04:15:10.936820,768.56,4754,14160,32,50,0,0,67152,0,9157,27273,54,0,0,0,0,0
2026-04-07T04:15:11.449593,769.076,3774,13130,33,45,0,0,67152,0,7311,25435,54,0,0,0,0,0
2026-04-07T04:15:11.967683,769.589,9582,14110,46,49,0,0,67153,0,18685,27515,54,0,0,0,0,0
2026-04-07T04:15:12.485908,770.107,6632,7494,42,27,0,0,67153,0,12802,14466,54,0,0,0,0,0
2026-04-07T04:15:13.005075,770.625,15830,15516,74,54,0,0,67154,0,30539,29933,54,0,0,0,0,0
2026-04-07T04:15:13.520314,771.144,1494,7200,15,26,0,0,67154,0,2878,13870,54,0,0,0,0,0
2026-04-07T04:15:14.037712,771.659,4710,20872,34,72,0,0,67155,0,9142,40512,54,0,0,0,0,0
2026-04-07T04:15:14.554884,772.177,7834,5980,47,20,0,0,67155,0,15141,11558,54,0,0,0,0,0
2026-04-07T04:15:15.071646,772.694,6882,14454,44,51,0,0,67156,0,13307,27947,54,0,0,0,0,0
2026-04-07T04:15:15.585259,773.213,6058,14550,35,51,0,0,67156,0,11679,28050,54,0,0,0,0,0
2026-04-07T04:15:16.099960,773.724,13966,8116,56,28,0,0,67157,0,27301,15865,54,0,0,0,0,0
2026-04-07T04:15:16.619344,774.239,2810,7200,29,26,0,0,67157,0,5458,13985,54,0,0,0,0,0
2026-04-07T04:15:17.135900,774.758,7454,26758,56,91,0,0,67158,0,14356,51534,54,0,0,0,0,0
2026-04-07T04:15:17.647551,775.274,8778,532,36,4,0,0,67159,0,17008,1031,54,0,0,0,0,0
2026-04-07T04:15:18.170632,775.787,1878,14110,19,49,0,0,67159,0,3665,27534,54,0,0,0,0,0
2026-04-07T04:15:18.689426,776.31,7434,14550,50,51,0,0,67160,0,14212,27817,54,0,0,0,0,0
2026-04-07T04:15:19.208374,776.828,15028,8460,66,30,0,0,67160,0,28985,16317,54,0,0,0,0,0
2026-04-07T04:15:19.723265,777.347,2296,13962,23,49,0,0,67161,0,4424,26905,54,0,0,0,0,0
2026-04-07T04:15:20.247225,777.862,5530,19652,37,66,0,0,67161,0,10737,38157,54,0,0,0,0,0
2026-04-07T04:15:20.765304,778.386,10094,438,50,3,0,0,67162,0,19270,836,54,0,0,0,0,0
2026-04-07T04:15:21.283056,778.904,7242,21510,49,75,0,0,67162,0,13978,41516,54,0,0,0,0,0
2026-04-07T04:15:21.800806,779.422,5698,7494,30,27,0,0,67163,0,11005,14474,54,0,0,0,0,0
2026-04-07T04:15:22.319753,779.94,10504,14878,48,51,0,0,67163,0,20282,28728,54,0,0,0,0,0
2026-04-07T04:15:22.840428,780.459,5544,7200,39,26,0,0,67164,0,10688,13881,54,0,0,0,0,0
2026-04-07T04:15:23.355146,780.979,4300,20090,40,69,0,0,67164,0,8260,38592,54,0,0,0,0,0
2026-04-07T04:15:23.872542,781.494,9520,7494,43,27,0,0,67165,0,18486,14552,54,0,0,0,0,0
2026-04-07T04:15:24.391563,782.011,5630,14256,33,50,0,0,67165,0,10890,27575,54,768,0,768,0,0
2026-04-07T04:15:24.909646,782.531,15710,8410,72,29,0,0,67166,0,30246,16191,54,0,0,0,0,0
2026-04-07T04:15:25.425713,783.049,2798,14244,31,52,0,0,67166,0,5402,27502,54,0,0,0,0,0
2026-04-07T04:15:25.943384,783.565,4648,13962,31,49,0,0,67167,0,9004,27047,54,0,0,0,0,0
2026-04-07T04:15:26.459254,784.082,4326,13036,39,44,0,0,67167,0,8359,25191,54,0,0,0,0,0
2026-04-07T04:15:26.977227,784.598,9854,14350,49,51,0,0,67168,0,19097,27811,54,0,0,0,0,0
2026-04-07T04:15:27.492359,785.116,5974,7494,35,27,0,0,67168,0,11533,14467,54,0,0,0,0,0
2026-04-07T04:15:28.009036,785.631,15066,15318,66,53,0,0,67169,0,29262,29751,54,0,0,0,0,0
2026-04-07T04:15:28.533085,786.15,2810,7200,29,26,0,0,67169,0,5411,13865,54,0,0,0,0,0
2026-04-07T04:15:29.046452,786.672,5474,21070,42,73,0,0,67170,0,10489,40374,54,0,0,0,0,0
2026-04-07T04:15:29.561697,787.185,6518,5980,33,20,0,0,67170,0,12703,11655,54,0,0,0,0,0
2026-04-07T04:15:30.078773,787.701,6118,14256,36,50,0,0,67171,0,11867,27653,54,0,0,0,0,0
2026-04-07T04:15:30.595938,788.218,7268,14550,48,51,0,0,67171,0,14062,28151,54,0,0,0,0,0
2026-04-07T04:15:31.106593,788.735,14836,8314,65,29,0,0,67172,0,28694,16080,54,0,0,0,0,0
2026-04-07T04:15:31.632637,789.246,1494,7200,15,26,0,0,67172,0,2925,14096,54,0,0,0,0,0
2026-04-07T04:15:32.147105,789.772,6690,26560,48,90,0,0,67173,0,12711,50464,54,0,0,0,0,0
2026-04-07T04:15:32.657653,790.286,9988,438,49,3,0,0,67174,0,19427,852,54,0,0,0,0,0
2026-04-07T04:15:33.180651,790.797,2748,14308,28,50,0,0,67174,0,5382,28021,54,0,0,0,0,0
2026-04-07T04:15:33.697346,791.32,6178,14592,37,52,0,0,67175,0,11810,27895,54,0,0,0,0,0
2026-04-07T04:15:34.207221,791.836,14353,8262,59,29,0,0,67175,0,27789,15996,54,0,0,0,0,0
2026-04-07T04:15:34.730527,792.347,3595,13962,37,49,0,0,67176,0,7041,27345,54,0,0,0,0,0
2026-04-07T04:15:35.245285,792.87,6400,19850,46,67,0,0,67176,0,12240,37962,54,0,0,0,0,0
2026-04-07T04:15:35.762236,793.384,8778,438,36,3,0,0,67177,0,17060,851,54,0,0,0,0,0
2026-04-07T04:15:36.277845,793.901,6478,21312,41,74,0,0,67177,0,12532,41228,54,0,0,0,0,0
2026-04-07T04:15:36.790678,794.416,7014,7494,44,27,0,0,67178,0,13620,14552,54,0,0,0,0,0
2026-04-07T04:15:37.308136,794.93,11268,15076,56,52,0,0,67178,0,21941,29356,54,0,0,0,0,0
2026-04-07T04:15:37.827294,795.447,4288,7242,26,27,0,0,67179,0,8287,13997,54,0,0,0,0,0
2026-04-07T04:15:38.345454,795.966,3536,19798,32,67,0,0,67179,0,6811,38135,54,0,0,0,0,0
2026-04-07T04:15:38.858119,796.484,11088,7494,60,27,0,0,67180,0,21401,14464,54,0,0,0,0,0
2026-04-07T04:15:39.377323,796.997,6142,14308,39,50,0,0,67180,0,11982,27912,54,0,0,0,0,0
2026-04-07T04:15:39.894378,797.516,14720,8556,61,30,0,0,67181,0,28345,16476,54,0,0,0,0,0
2026-04-07T04:15:40.411338,798.033,3230,13962,35,49,0,0,67181,0,6247,27004,54,0,0,0,0,0
2026-04-07T04:15:40.924480,798.55,4722,14160,32,50,0,0,67182,0,9135,27394,54,0,0,0,0,0
2026-04-07T04:15:41.442833,799.067,3522,12890,31,43,0,0,67182,0,6812,24929,54,0,0,0,0,0
2026-04-07T04:15:41.958735,799.582,10014,14256,50,50,0,0,67183,0,19469,27716,54,0,0,0,0,0
2026-04-07T04:15:42.476029,800.098,6632,7494,42,27,0,0,67183,0,12847,14517,54,0,0,0,0,0
2026-04-07T04:15:42.990551,800.615,15904,15516,75,54,0,0,67184,0,30753,30003,54,0,0,0,0,0
2026-04-07T04:15:43.509724,801.13,1136,7054,12,25,0,0,67184,0,2208,13710,54,0,0,0,0,0
2026-04-07T04:15:44.027211,801.649,5142,21018,38,73,0,0,67185,0,9904,40483,54,0,0,0,0,0
2026-04-07T04:15:44.545006,802.166,4012,5980,34,20,0,0,67185,0,7754,11557,54,0,0,0,0,0
2026-04-07T04:15:45.062780,802.684,10704,14454,57,51,0,0,67186,0,20671,27913,54,0,0,0,0,0
2026-04-07T04:15:45.586725,803.202,5700,14404,32,50,0,0,67186,0,11004,27808,54,0,0,0,0,0
2026-04-07T04:15:46.103842,803.726,14458,8304,61,30,0,0,67187,0,27603,15854,54,0,0,0,0,0
2026-04-07T04:15:46.622656,804.243,2810,7200,29,26,0,0,67187,0,5435,13925,54,0,0,0,0,0
2026-04-07T04:15:47.138041,804.762,7454,26758,56,91,0,0,67188,0,14370,51584,54,0,0,0,0,0
2026-04-07T04:15:47.652918,805.277,8360,292,32,2,0,0,67188,0,16217,566,54,0,0,0,0,0
2026-04-07T04:15:48.171983,805.792,2296,14256,23,50,0,0,67189,0,4459,27684,54,0,0,0,0,0
2026-04-07T04:15:48.685537,806.311,7434,14550,50,51,0,0,67190,0,14326,28040,54,0,0,0,0,0
2026-04-07T04:15:49.202674,806.825,15028,8460,66,30,0,0,67190,0,29263,16474,54,0,0,0,0,0
2026-04-07T04:15:49.723759,807.342,2116,13816,22,48,0,0,67191,0,4091,26709,54,0,0,0,0,0
2026-04-07T04:15:50.251939,807.863,5962,19798,41,67,0,0,67191,0,11441,37991,54,0,0,0,0,0
2026-04-07T04:15:50.764927,808.391,10094,438,50,3,0,0,67192,0,19108,829,54,0,0,0,0,0
2026-04-07T04:15:51.282159,808.904,7242,21510,49,75,0,0,67192,0,14123,41948,54,0,0,0,0,0
2026-04-07T04:15:51.798332,809.421,5698,7494,30,27,0,0,67193,0,11016,14488,54,0,0,0,0,0
2026-04-07T04:15:52.317637,809.937,10504,14878,48,51,0,0,67193,0,20350,28824,54,0,0,0,0,0
2026-04-07T04:15:52.835370,810.457,5544,7200,39,26,0,0,67194,0,10676,13865,54,0,0,0,0,0
2026-04-07T04:15:53.353834,810.974,4300,19996,40,68,0,0,67194,0,8306,38623,54,0,0,0,0,0
2026-04-07T04:15:53.871468,811.493,9626,7588,44,28,0,0,67195,0,18567,14636,54,0,0,0,0,0
2026-04-07T04:15:54.388592,812.011,5378,14110,31,49,0,0,67195,0,10387,27252,54,0,0,0,0,0
2026-04-07T04:15:54.906002,812.528,15962,8556,74,30,0,0,67196,0,30874,16549,54,0,0,0,0,0
2026-04-07T04:15:55.423912,813.045,3142,14160,34,50,0,0,67196,0,6072,27365,54,0,0,0,0,0
2026-04-07T04:15:55.942214,813.563,4648,13962,31,49,0,0,67197,0,8974,26957,54,0,0,0,0,0
2026-04-07T04:15:56.454223,814.081,4432,13036,40,44,0,0,67197,0,8555,25163,54,0,0,0,0,0
2026-04-07T04:15:56.973012,814.593,9688,14308,47,50,0,0,67198,0,18912,27931,54,0,0,0,0,0
2026-04-07T04:15:57.490869,815.112,5974,7494,35,27,0,0,67198,0,11516,14447,54,0,0,0,0,0
2026-04-07T04:15:58.009230,815.63,15066,15318,66,53,0,0,67199,0,29091,29577,54,0,0,0,0,0
2026-04-07T04:15:58.527462,816.148,2884,7200,30,26,0,0,67199,0,5564,13891,54,0,0,0,0,0
2026-04-07T04:15:59.044607,816.667,5474,21070,42,73,0,0,67200,0,10545,40589,54,0,0,0,0,0
2026-04-07T04:15:59.561484,817.184,6518,5980,33,20,0,0,67200,0,12627,11585,54,0,0,0,0,0
2026-04-07T04:16:00.075320,817.701,6296,14256,38,50,0,0,67201,0,12180,27579,54,0,0,0,0,0
2026-04-07T04:16:00.593707,818.214,7374,14550,49,51,0,0,67201,0,14349,28312,54,0,0,0,0,0
2026-04-07T04:16:01.107035,818.733,15088,8460,67,30,0,0,67202,0,29122,16329,54,0,0,0,0,0
2026-04-07T04:16:01.626140,819.246,1136,7054,12,25,0,0,67202,0,2212,13735,54,0,0,0,0,0
2026-04-07T04:16:02.143202,819.765,6870,26686,51,93,0,0,67203,0,13237,51420,54,0,0,0,0,0
2026-04-07T04:16:02.659150,820.282,10034,438,49,3,0,0,67203,0,19401,847,54,0,0,0,0,0
2026-04-07T04:16:03.176344,820.798,3060,14454,31,51,0,0,67204,0,5930,28012,54,0,0,0,0,0
2026-04-07T04:16:03.692489,821.315,6012,14550,35,51,0,0,67205,0,11627,28140,54,2752,0,2752,0,0
2026-04-07T04:16:04.210159,821.832,14012,8116,56,28,0,0,67205,0,27143,15721,54,0,0,0,0,0
2026-04-07T04:16:04.728741,822.349,3612,13962,37,49,0,0,67206,0,6977,26970,54,0,0,0,0,0
2026-04-07T04:16:05.244574,822.868,6652,19996,48,68,0,0,67206,0,12826,38554,54,0,0,0,0,0
2026-04-07T04:16:05.763225,823.384,8778,438,36,3,0,0,67207,0,17015,849,54,0,0,0,0,0
2026-04-07T04:16:06.280406,823.902,6120,21166,38,73,0,0,67207,0,11803,40820,54,0,0,0,0,0
2026-04-07T04:16:06.798383,824.419,7014,7494,44,27,0,0,67208,0,13562,14490,54,0,0,0,0,0
2026-04-07T04:16:07.315933,824.937,11626,15222,59,53,0,0,67208,0,22445,29387,54,0,0,0,0,0
2026-04-07T04:16:07.833120,825.455,4228,7200,25,26,0,0,67209,0,8170,13912,54,0,0,0,0,0
2026-04-07T04:16:08.352352,825.972,3178,19652,29,66,0,0,67209,0,6145,38001,54,5504,0,2752,0,0
2026-04-07T04:16:08.867243,826.491,10836,7494,57,27,0,0,67210,0,20875,14436,54,0,0,0,0,0
2026-04-07T04:16:09.383175,827.006,6500,14454,42,51,0,0,67210,0,12621,28064,54,0,0,0,0,0
2026-04-07T04:16:09.901020,827.522,14706,8692,61,32,0,0,67211,0,28501,16846,54,0,0,0,0,0
2026-04-07T04:16:10.414125,828.04,3290,14004,36,50,0,0,67211,0,6353,27041,54,0,0,0,0,0
2026-04-07T04:16:10.928122,828.553,4574,14014,31,49,0,0,67212,0,8916,27316,54,0,0,0,0,0
2026-04-07T04:16:11.445414,829.067,3774,13036,33,44,0,0,67212,0,7340,25354,54,0,0,0,0,0
2026-04-07T04:16:11.962833,829.584,9940,14256,49,50,0,0,67213,0,19221,27567,54,0,0,0,0,0
2026-04-07T04:16:12.480091,830.102,6632,7494,42,27,0,0,67213,0,12815,14481,54,0,0,0,0,0
2026-04-07T04:16:12.998390,830.619,14814,15370,64,53,0,0,67214,0,28640,29715,54,0,0,0,0,0
2026-04-07T04:16:13.515944,831.137,2152,7200,22,26,0,0,67214,0,4153,13896,54,0,0,0,0,0
2026-04-07T04:16:14.033784,831.655,5068,21018,37,73,0,0,67215,0,9790,40601,54,0,0,0,0,0
2026-04-07T04:16:14.551499,832.173,6952,5980,44,20,0,0,67215,0,13425,11548,54,5504,0,5504,0,0
2026-04-07T04:16:15.068694,832.691,7764,14454,47,51,0,0,67216,0,14998,27921,54,0,0,0,0,0
2026-04-07T04:16:15.586935,833.208,5700,14404,32,50,0,0,67216,0,11019,27846,54,0,0,0,0,0
2026-04-07T04:16:16.102320,833.726,14324,8262,59,29,0,0,67217,0,27644,15945,54,0,0,0,0,0
2026-04-07T04:16:16.619929,834.242,2810,7200,29,26,0,0,67217,0,5450,13965,54,0,0,0,0,0
2026-04-07T04:16:17.137279,834.759,7454,26758,56,91,0,0,67218,0,14399,51688,54,0,0,0,0,0
2026-04-07T04:16:17.651150,835.276,8718,438,35,3,0,0,67218,0,16858,847,54,0,0,0,0,0
2026-04-07T04:16:18.170362,835.79,1938,14110,20,49,0,0,67219,0,3771,27457,54,0,0,0,0,0
2026-04-07T04:16:18.688150,836.309,7434,14550,50,51,0,0,67220,0,14319,28025,54,0,0,0,0,0
2026-04-07T04:16:19.206210,836.827,15028,8460,66,30,0,0,67220,0,29024,16339,54,0,0,0,0,0
2026-04-07T04:16:19.724728,837.345,2296,13962,23,49,0,0,67221,0,4432,26950,54,0,0,0,0,0
2026-04-07T04:16:20.243784,837.863,5530,19652,37,66,0,0,67221,0,10674,37932,54,0,0,0,0,0
2026-04-07T04:16:20.761219,838.383,10094,438,50,3,0,0,67222,0,19432,843,54,0,0,0,0,0
2026-04-07T04:16:21.278421,838.9,7242,21510,49,75,0,0,67222,0,13996,41571,54,0,0,0,0,0
2026-04-07T04:16:21.796908,839.417,5698,7494,30,27,0,0,67223,0,11016,14489,54,0,0,0,0,0
2026-04-07T04:16:22.316727,839.937,10756,15024,50,52,0,0,67223,0,20700,28914,54,0,0,0,0,0
2026-04-07T04:16:22.836767,840.456,5292,7054,37,25,0,0,67224,0,10201,13598,54,0,0,0,0,0
2026-04-07T04:16:23.353997,840.976,4360,20038,41,69,0,0,67224,0,8385,38536,54,0,0,0,0,0
2026-04-07T04:16:23.869564,841.493,9520,7494,43,27,0,0,67225,0,18407,14490,54,0,0,0,0,0
2026-04-07T04:16:24.384542,842.009,5736,14256,34,50,0,0,67225,0,11126,27651,54,0,0,0,0,0
2026-04-07T04:16:24.902892,842.523,15604,8410,71,29,0,0,67226,0,30322,16342,54,0,0,0,0,0
2026-04-07T04:16:25.419480,843.042,2678,14160,29,50,0,0,67226,0,5163,27298,54,0,0,0,0,0
2026-04-07T04:16:25.937241,843.559,4648,13962,31,49,0,0,67227,0,8996,27022,54,0,0,0,0,0
2026-04-07T04:16:26.451846,844.076,4432,13036,40,44,0,0,67227,0,8561,25182,54,0,0,0,0,0
2026-04-07T04:16:26.973333,844.591,9688,14308,47,50,0,0,67228,0,18825,27802,54,0,0,0,0,0
2026-04-07T04:16:27.489970,845.112,5974,7494,35,27,0,0,67228,0,11455,14370,54,0,0,0,0,0
2026-04-07T04:16:28.007521,845.629,15066,15318,66,53,0,0,67229,0,29171,29659,54,0,0,0,0,0
2026-04-07T04:16:28.525461,846.147,2810,7200,29,26,0,0,67229,0,5428,13908,54,0,0,0,0,0
2026-04-07T04:16:29.039036,846.665,5832,21216,45,74,0,0,67230,0,11260,40962,54,0,0,0,0,0
2026-04-07T04:16:29.557628,847.178,6160,5834,30,19,0,0,67230,0,11995,11360,54,0,0,0,0,0
2026-04-07T04:16:30.076562,847.697,6118,14256,36,50,0,0,67231,0,11798,27490,54,0,0,0,0,0
2026-04-07T04:16:30.593237,848.215,7374,14550,49,51,0,0,67231,0,14220,28057,54,0,0,0,0,0
2026-04-07T04:16:31.111889,848.732,15088,8460,67,30,0,0,67232,0,29182,16363,54,0,0,0,0,0
2026-04-07T04:16:31.632617,849.251,1136,7054,12,25,0,0,67232,0,2190,13599,54,0,0,0,0,0
2026-04-07T04:16:32.148760,849.772,6690,26560,48,90,0,0,67233,0,12850,51016,54,0,0,0,0,0
2026-04-07T04:16:32.664111,850.288,10034,438,49,3,0,0,67233,0,19437,848,54,0,0,0,0,0
2026-04-07T04:16:33.180062,850.804,3060,14454,31,51,0,0,67234,0,5933,28025,54,0,0,0,0,0
2026-04-07T04:16:33.700341,851.319,5760,14404,33,50,0,0,67235,0,11172,27938,54,0,0,0,0,0
2026-04-07T04:16:34.215931,851.839,14264,8262,58,29,0,0,67235,0,27425,15885,54,0,0,0,0,0
2026-04-07T04:16:34.734915,852.355,3612,14056,37,50,0,0,67236,0,7003,27253,54,0,0,0,0,0
2026-04-07T04:16:35.250904,852.874,6652,19996,48,68,0,0,67236,0,12820,38536,54,0,0,0,0,0
2026-04-07T04:16:35.771060,853.389,8480,334,34,3,0,0,67237,0,16451,648,54,0,0,0,0,0
2026-04-07T04:16:36.287090,853.91,6656,21312,43,74,0,0,67237,0,12783,40929,54,0,0,0,0,0
2026-04-07T04:16:36.800121,854.426,7014,7494,44,27,0,0,67238,0,13593,14523,54,0,0,0,0,0
2026-04-07T04:16:37.318021,854.939,11626,15222,59,53,0,0,67238,0,22656,29663,54,0,0,0,0,0
2026-04-07T04:16:37.834219,855.457,4228,7200,25,26,0,0,67239,0,8165,13905,54,0,0,0,0,0
2026-04-07T04:16:38.344917,855.973,3178,19652,29,66,0,0,67239,0,6157,38074,54,0,0,0,0,0
2026-04-07T04:16:38.866950,856.484,10836,7494,57,27,0,0,67240,0,21216,14673,54,0,0,0,0,0
2026-04-07T04:16:39.384766,857.006,6620,14538,44,53,0,0,67240,0,12676,27837,54,0,0,0,0,0
2026-04-07T04:16:39.898304,857.527,14646,8556,60,30,0,0,67241,0,28112,16423,54,0,0,0,0,0
2026-04-07T04:16:40.419342,858.037,2872,13816,32,48,0,0,67241,0,5629,27080,54,0,0,0,0,0
2026-04-07T04:16:40.932456,858.559,4754,14160,32,50,0,0,67242,0,9123,27175,54,0,0,0,0,0
2026-04-07T04:16:41.445517,859.071,3774,13036,33,44,0,0,67242,0,7361,25426,54,0,0,0,0,0
2026-04-07T04:16:41.966085,859.585,9940,14256,49,50,0,0,67243,0,19365,27773,54,0,0,0,0,0
2026-04-07T04:16:42.483856,860.105,6274,7348,39,26,0,0,67243,0,12046,14108,54,0,0,0,0,0
2026-04-07T04:16:43.014905,860.623,15232,15558,68,55,0,0,67244,0,29429,30058,54,0,0,0,0,0
2026-04-07T04:16:43.528803,861.154,2152,7200,22,26,0,0,67244,0,4051,13554,54,0,0,0,0,0
2026-04-07T04:16:44.042818,861.669,5068,21018,37,73,0,0,67245,0,9848,40841,54,0,0,0,0,0
2026-04-07T04:16:44.563652,862.182,7476,5834,44,19,0,0,67245,0,14570,11370,54,0,0,0,0,0
2026-04-07T04:16:45.078380,862.703,6882,14454,44,51,0,0,67246,0,13215,27755,54,0,0,0,0,0
2026-04-07T04:16:45.594959,863.217,6058,14550,35,51,0,0,67246,0,11767,28263,54,0,0,0,0,0
2026-04-07T04:16:46.112922,863.734,14324,8262,59,29,0,0,67247,0,27729,15994,54,0,0,0,0,0
                                                                                                                                                                                                                                                                                                                                                                                                                                                                                                                                                                                                                                                                                                                                                                                                                                                                                                                                                                                                                                                                                                                                                                                                                                                                                                                                                                                                                                                                                                                                                                                                                                                                                                                                                                                                                                                                                                                                                                                                                                                                                                                                                                                                                                                                                                                                                                                                                                                                                                                                                                                                                                                                                                                                                                                                                                                                                                                                                                                                                                                                                                                                                                                                                                                                                                                                                                                                                                                                                                                                                                                                                                                                                                                                                                                                                                                                                                                                                                                                                                                                                                                                                                                                                                                                                                                                                                                                                                                                                                                                                                                                                                                                                                                                                                                                                                                                                                                                                                                                                                                                                                                                                                                                                                                                                                                                                                                                                                                                                                                                                                                                                                                                                                                                                                                                                                                                                                                                                                                                                                                                                                                                                                                                                                                                                                                                                                                                                                                                                                                                                                                                                                                                                                                                                                                                                                                                                                                                                                                                                                                                                                                                                                                                                                                                                                                                                                                                                                                                                                                                                                                                                                                                                                                                                                                                                                                                                                                                                                                                                                                                                                                                                                                                                                                                                                                                                                                                                                                                                                                                                                                                                                                                                                                                                                                                                                                                                                                                                                                                                                                                                                                                                                                                                                                                                                                                                                                                                                                                                                                                                                                                                                                                                                                                                                                                                                                                                                                                                                                                                                                                                                                                                                                                                                                                                                                                                                                                                                                                                                                                                                                                                                                                                                                                                                                                                                                                                                                                                                                                                                                                                                                                                                                                                                                                                                                                                                                                                                                                                                                                                                                                                                                                                                                                                                                                                                                                                                                                                                                                                                                                                                                                                                                                                                                                                                                                                                                                                                                                                                                                                                                                                                                                                                                                                                                                                                                                                                                                                                                                                                                                                                                                                                                                                                                                                                                                                                                                                                                                                                                                                                                                                                                                                                                                                                                                                                                                                                                                                                                                                                                                                                                                                                                                                                                                                                                                                                                                                                                                                                                                                                                                                                                                                                                                                                                                                                                                                                                                                                                                                                                                                                                                                                                                                                                                                                                                                                                                                                                                                                                                                                                                                                                                                                                                                                                                                                                                                                                                                                                                                                                                                                                                                                                                                                                                                                                                                                                                                                                                                                                                                                                                                                                                                                                                                                                                                                                                                                                                                                                                                                                                                                                                                                                                                                                                                                                                                                                                                                                                                                                                                                                                                                                                                                                                                                                                                                                                                                                                                                                                                                                                                                                                                                                                                                                                                                                                                                                                                                                                                                                                                                                                                                                                                                                                                                                                                                                                                                                                                                                                                                                                                                                                                                                                                                                                                                                                                                                                                                                                                                                                                                                                                                                                                                                                                                                                                                                                                                                                                                                                                                                                                                                                                                                                                                                                                                                                                                                                                                                                                                                                                                                                                                                                                                                                                                                                                                                                                                                                                                                                                                                                                                                                                                                                                                                                                                                                                                                                                                                                                                                                                                                                                                                                                                                                                                                                                                                                                                                                                                                                                                                                                                                                                                                                                                                                                                                                                                                                                                                                                                                                                                                                                                                                                                                                                                                                                                                                                                                                                                                                                                                                                                                                                                                                                                                                                                                                                                                                                                                                                                                                                                                                                                                                                                                                                                                                                                                                                                                                                                                                                                                                                                                                                                                                                                                                                                                                                                                                                                                                                                                                                                                                                                                                                                                                                                                                                                                                                                                                                                                                                                                                                                                                                                                                                                                                                                                                                                                                                                                                                                                                                                                                                                                                                                                                                                                                                                                                                                                                                                                                                                                                                                                                                                                                                                                                                                                                                                                                                                                                                                                                                                                                                                                                                                                                                                                                                                                                                                                                                                                                                                                                                                                                                                                                                                                                                                                                                                                                                                                                                                                                                                                                                                                                                                                                                                                                                                                                                                                                                                                                                                                                                                                                                                                                                                                                                                                                                                                                                                                                                                                                                                                                                                                                                                                                                                                                                                                                                                                                                                                                                                                                                                                                                                                                                                                                                                                                                                                                                                                                                                                                                                                                                                                                                                                                                                                                                                                                                                                                                                                                                                                                                                                                                                                                                                                                                                                                                                                                                                                                                                                                                                                                                                                                                                                                                                                                                                                                                                                                                                                                                                                                                                                                                                                                                                                                                                                                                                                                                                                                                                                                                                                                                                                                                                                                                                                                                                                                                                                                                                                                                                                                                                                                                                                                                                                                                                                                                                                                                                                                                                                                                                                                                                                                                                                                                                                                                                                                                                                                                                                                                                                                                                                                                                                                                                                                                                                                                                                                                                                                                                                                                                                                                                                                                                                                                                                                                                                                                                                                                                                                                                                                                                                                                                                                                                                                                                                                                                                                                                                                                                                                                                                                                                                                                                                                                                                                                                                                                                                                                                                                                                                                                                                                                                                                                                                                                                                                                                                                                                                                                                                                                                                                                                                                                                                                                                                                                                                                                                                                                                                                                                                                                                                                                                                                                                                                                                                                                                                                                                                                                                                                                                                                                                                                                                                                                                                                                                                                                                                                                                                                                                                                                                                                                                                                                                                                                                                                                                                                                                                                                                                                                                                                                                                                                                                                                                                                                                                                                                                                                                                                                                                                                                                                                                                                                                                                                                                                                                                                                                                                                                                                                                                                                                                                                                                                                                                                                                                                                                                                                                                                                                                                                                                                                                                                                                                                                                                                                                                                                                                                                                                                                                                                                                                                                                                                                                                                                                                                                                                                                                                                                                                                                                                                                                                                                                                                                                                                                                                                                                                                                                                                                                                                                                                                                                                                                                                                                                                                                                                                                                                                                                                                                                                                                                                                                                                                                                                                                                                                                                                                                                                                                                                                                                                                                                                                                                                                                                                                                                                                                                                                                                                                                                                                                                                                                                                                                                                                                                                                                                                                                                                                                                                                                                                                                                                                                                                                                                                                                                                                                                                                                                                                                                                                                                                                                                                                                                                                                                                                                                                                                                                                                                                                                                                                                                                                                                                                                                                                                                                                                                                                                                                                                                                                                                                                                                                                                                                                                                                                                                                                                                                                                                                                                                                                                                                                                                                                                                                                                                                                                                                                                                                                                                                                                                                                                                                                                                                                                                                                                                                                                                                                                                                                                                                                                                                                                                                                                                                                                                                                                                                                                                                                                                                                                                                                                                                                                                                                                                                                                                                                                                                                                                                                                                                                                                                                                                                                                                                                                                                                                                                                                                                                                                                                                                                                                                                                                                                                                                                                                                                                                                                                                                                                                                                                                                                                                                                                                                                                                                                                                                                                                                                                                                                                                                                                                                                                                                                                                                                                                                                                                                                                                                                                                                                                                                                                                                                                                                                                                                                                                                                                                                                                                                                                                                                                                                                                                                                                                                                                                                                                                                                                                                                                                                                                                                                                                                                                                                                                                                                                                                                                                                                                                                                                                                                                                                                                                                                                                                                                                                                                                                                                                                                                                                                                                                                                                                                                                                                                                                                                                                                                                                                                                                                                                                                                                                                                                                                                                                                                                                                                                                                                                                                                                                                                                                                                                                                                                                                                                                                                                                                                                                                                                                                                                                                                                                                                                                                                                                                                                                                                                                                                                                                                                                                                                                                                                                                                                                                                                                                                                                                                                                                                                                                                                                                                                                                                                                                                                                                                                                                                                                                                                                                                                                                                                                                                                                                                                                                                                                                                                                                                                                                                                                                                                                                                                                                                                                                                                                                                                                                                                                                                                                                                                                                                                                                                                                                                                                                                                                                                                                                                                                                                                                                                                                                                                                                                                                                                                                                                                                                                                                                                                                                                                                                                                                                                                                                                                                                                                                                                                                                                                                                                                                                                                                                                                                                                                                                                                                                                                                                                                                                                                                                                                                                                                                                                                                                                                                                                                                                                                                                                                                                                                                                                                                                                                                                                                                                                                                                                                                                                                                                                                                                                                                                                                                                                                                                                                                                                                                                                                                                                                                                                                                                                                                                                                                                                                                                                                                                                                                                                                                                                                                                                                                                                                                                                                                                                                                                                                                                                                                                                                                                                                                                                                                                                                                                                                                                                                                                                                                                                                                                                                                                                                                                                                                                                                                                                                                                                                                                                                                                                                                                                                                                                                                                                                                                                                                                                                                                                                                                                                                                                                                    2026-04-07T04:11:38.952207,1208.131,2412,322,9,1,0,0,66940,0,4566,610,4,0,0,0,0,0
2026-04-07T04:11:39.497691,1208.678,1236,322,5,1,0,0,66941,0,2261,589,4,0,0,0,0,0
2026-04-07T04:11:40.037788,1209.222,7312,966,24,3,0,0,66941,0,13449,1777,4,0,0,0,0,0
2026-04-07T04:11:40.589681,1209.762,60,0,1,0,0,0,66942,0,111,0,4,0,0,0,0,0
2026-04-07T04:11:41.141782,1210.314,1176,322,4,1,0,0,66942,0,2131,583,4,0,0,0,0,0
2026-04-07T04:11:41.685744,1210.866,2590,322,11,1,0,0,66943,0,4692,583,4,0,0,0,0,0
2026-04-07T04:11:42.258373,1211.41,0,0,0,0,0,0,66943,0,0,0,4,0,0,0,0,0
2026-04-07T04:11:42.813711,1211.982,2412,322,9,1,0,0,66944,0,4212,562,4,0,0,0,0,0
2026-04-07T04:11:43.365717,1212.538,3656,1020,12,4,0,0,66944,0,6584,1837,8,0,0,0,0,0
2026-04-07T04:11:43.901667,1213.09,33362,34096,168,122,0,0,66945,0,60435,61765,9,0,0,0,0,0
2026-04-07T04:11:44.480622,1213.625,29416,102030,246,381,0,0,66945,0,54892,190392,14,311232,0,183360,0,0
2026-04-07T04:11:45.033323,1214.208,578736,199504,2337,790,0,0,66946,0,993777,342578,24,164416,0,92800,0,0
2026-04-07T04:11:45.646002,1214.758,566154,479974,3128,1641,0,0,66947,0,1028782,872181,29,537280,0,209344,0,0
2026-04-07T04:11:46.182116,1215.371,871146,252294,5317,1329,0,0,66947,0,1421577,411705,29,0,0,0,0,0
2026-04-07T04:11:46.724293,1215.906,363502,170416,2404,1030,0,0,66948,0,679471,318547,34,0,0,0,0,0
2026-04-07T04:11:47.254233,1216.451,203648,216294,1328,1291,0,0,66948,0,373562,396760,34,53120,0,50816,0,0
2026-04-07T04:11:47.808204,1216.978,513292,352614,3659,1693,0,0,66949,0,973755,668936,39,492544,0,181056,0,0
2026-04-07T04:11:48.334218,1217.532,277182,224382,2102,1445,0,0,66949,0,500707,405328,39,0,0,0,0,0
2026-04-07T04:11:48.863935,1218.059,616288,301094,4245,1783,0,0,66950,0,1169335,571291,44,220544,0,170752,0,0
2026-04-07T04:11:49.375808,1218.588,852956,447062,6385,2903,0,0,66950,0,1612938,845393,49,1188608,0,193536,0,0
2026-04-07T04:11:49.889767,1219.099,875012,830018,7322,6127,0,0,66951,0,1710176,1622237,54,926720,0,189952,0,0
2026-04-07T04:11:50.404782,1219.613,276936,155536,2222,1438,0,0,66951,0,538777,302594,54,0,0,0,0,0
2026-04-07T04:11:50.916775,1220.128,47064,42382,391,375,0,0,66952,0,91370,82281,54,0,0,0,0,0
2026-04-07T04:11:51.433848,1220.64,5948,14444,36,52,0,0,66952,0,11618,28214,54,0,0,0,0,0
2026-04-07T04:11:51.949138,1221.157,16024,16282,75,63,0,0,66953,0,30989,31488,54,0,0,0,0,0
2026-04-07T04:11:52.461978,1221.673,2452,7054,26,25,0,0,66953,0,4758,13689,54,0,0,0,0,0
2026-04-07T04:11:52.975983,1222.186,5938,21356,46,76,0,0,66954,0,11579,41643,54,0,0,0,0,0
2026-04-07T04:11:53.488385,1222.7,2756,5980,21,20,0,0,66955,0,5362,11635,54,0,0,0,0,0
2026-04-07T04:11:54.005810,1223.212,9628,14204,46,50,0,0,66955,0,18788,27718,54,0,0,0,0,0
2026-04-07T04:11:54.521863,1223.729,7434,14550,50,51,0,0,66956,0,14365,28116,54,0,0,0,0,0
2026-04-07T04:11:55.037900,1224.245,14922,8428,65,30,0,0,66956,0,28918,16333,54,0,0,0,0,0
2026-04-07T04:11:55.557557,1224.761,1196,7054,13,25,0,0,66957,0,2318,13671,54,0,0,0,0,0
2026-04-07T04:11:56.073886,1225.281,6630,26560,47,90,0,0,66957,0,12763,51129,54,0,0,0,0,0
2026-04-07T04:11:56.587679,1225.797,10094,438,50,3,0,0,66958,0,19544,848,54,0,0,0,0,0
2026-04-07T04:11:57.102151,1226.311,2642,14370,27,51,0,0,66958,0,5143,27971,54,0,0,0,0,0
2026-04-07T04:11:57.619299,1226.826,6118,14550,36,51,0,0,66959,0,11892,28282,54,0,0,0,0,0
2026-04-07T04:11:58.137544,1227.343,14264,8262,58,29,0,0,66959,0,27579,15974,54,0,0,0,0,0
2026-04-07T04:11:58.651211,1227.861,3612,13962,37,49,0,0,66960,0,6970,26941,54,0,0,0,0,0
2026-04-07T04:11:59.171708,1228.375,6188,19818,44,67,0,0,66960,0,12045,38577,54,0,0,0,0,0
2026-04-07T04:11:59.684709,1228.895,8778,438,36,3,0,0,66961,0,16869,842,54,0,0,0,0,0
2026-04-07T04:12:00.202586,1229.408,2342,14350,23,51,0,0,66961,0,4563,27959,54,0,0,0,0,0
2026-04-07T04:12:00.716937,1229.926,7494,14592,51,52,0,0,66962,0,14476,28188,54,0,0,0,0,0
2026-04-07T04:12:01.235068,1230.441,14984,15044,68,52,0,0,66962,0,29125,29241,54,0,0,0,0,0
2026-04-07T04:12:01.750472,1230.959,4228,7200,25,26,0,0,66963,0,8163,13900,54,0,0,0,0,0
2026-04-07T04:12:02.264210,1231.474,3774,19840,35,68,0,0,66963,0,7322,38491,54,0,0,0,0,0
2026-04-07T04:12:02.781431,1231.988,10836,7588,57,28,0,0,66964,0,21093,14771,54,0,0,0,0,0
2026-04-07T04:12:03.299127,1232.505,6142,14370,39,51,0,0,66964,0,11872,27776,54,0,0,0,0,0
2026-04-07T04:12:03.817511,1233.023,5698,7494,30,27,0,0,66965,0,11008,14478,54,0,0,0,0,0
2026-04-07T04:12:04.335595,1233.541,10862,15024,51,52,0,0,66965,0,20954,28983,54,0,0,0,0,0
2026-04-07T04:12:04.850566,1234.059,6202,7200,46,26,0,0,66966,0,11971,13898,54,0,0,0,0,0
2026-04-07T04:12:05.371023,1234.574,3238,19860,30,68,0,0,66966,0,6287,38562,54,0,0,0,0,0
2026-04-07T04:12:05.885076,1235.094,9520,7588,43,28,0,0,66967,0,18296,14583,54,0,0,0,0,0
2026-04-07T04:12:06.402472,1235.609,7158,14350,49,51,0,0,66967,0,13921,27908,54,0,0,0,0,0
2026-04-07T04:12:06.918511,1236.126,15724,15484,73,54,0,0,66968,0,30388,29924,54,0,0,0,0,0
2026-04-07T04:12:07.436301,1236.642,1136,7054,12,25,0,0,66968,0,2202,13672,54,0,0,0,0,0
2026-04-07T04:12:07.950503,1237.16,5068,21018,37,73,0,0,66969,0,9788,40591,54,0,0,0,0,0
2026-04-07T04:12:08.465266,1237.674,4012,5980,34,20,0,0,66969,0,7803,11630,54,0,0,0,0,0
2026-04-07T04:12:08.980476,1238.189,10704,14548,57,52,0,0,66970,0,20801,28270,54,0,0,0,0,0
2026-04-07T04:12:09.498017,1238.704,5018,7348,26,26,0,0,66971,0,9734,14254,54,0,0,0,0,0
2026-04-07T04:12:10.015776,1239.221,15006,15318,65,53,0,0,66971,0,29007,29610,54,0,0,0,0,0
2026-04-07T04:12:10.534885,1239.739,2870,7200,30,26,0,0,66972,0,5542,13903,54,0,0,0,0,0
2026-04-07T04:12:11.049130,1240.258,5772,21216,44,74,0,0,66972,0,11120,40874,54,0,0,0,0,0
2026-04-07T04:12:11.567125,1240.773,6220,5834,31,19,0,0,66973,0,12097,11346,54,0,0,0,0,0
2026-04-07T04:12:12.083131,1241.291,6058,14256,35,50,0,0,66973,0,11693,27516,54,0,0,0,0,0
2026-04-07T04:12:12.600027,1241.807,7494,14592,51,52,0,0,66974,0,14526,28285,54,0,0,0,0,0
2026-04-07T04:12:13.116659,1242.324,15028,8460,66,30,0,0,66974,0,29069,16365,54,0,0,0,0,0
2026-04-07T04:12:13.632250,1242.84,2190,13962,22,49,0,0,66975,0,4243,27048,54,0,0,0,0,0
2026-04-07T04:12:14.149654,1243.356,5636,19652,38,66,0,0,66975,0,10922,38083,54,0,0,0,0,0
2026-04-07T04:12:14.663980,1243.873,10094,438,50,3,0,0,66976,0,19510,847,54,0,0,0,0,0
2026-04-07T04:12:15.178149,1244.388,3000,14454,30,51,0,0,66976,0,5832,28097,54,0,0,0,0,0
2026-04-07T04:12:15.697445,1244.906,6118,14550,36,51,0,0,66977,0,11792,28044,54,3520,0,3520,0,0
2026-04-07T04:12:16.216065,1245.421,13906,8116,55,28,0,0,66977,0,27027,15774,54,0,0,0,0,0
2026-04-07T04:12:16.733663,1245.94,3612,13962,37,49,0,0,66978,0,6963,26915,54,0,0,0,0,0
2026-04-07T04:12:17.249098,1246.457,6772,20080,50,70,0,0,66978,0,13086,38802,54,0,0,0,0,0
2026-04-07T04:12:17.762797,1246.973,9520,7494,43,27,0,0,66979,0,18470,14539,54,0,0,0,0,0
2026-04-07T04:12:18.279878,1247.486,5378,14110,31,49,0,0,66979,0,10469,27468,54,0,0,0,0,0
2026-04-07T04:12:18.797946,1248.003,7014,7494,44,27,0,0,66980,0,13563,14491,54,0,0,0,0,0
2026-04-07T04:12:19.315977,1248.521,11626,15222,59,53,0,0,66980,0,22441,29382,54,0,0,0,0,0
2026-04-07T04:12:19.836753,1249.04,4228,7200,25,26,0,0,66981,0,8162,13899,54,0,0,0,0,0
2026-04-07T04:12:20.357201,1249.56,3178,19652,29,66,0,0,66981,0,6103,37737,54,0,0,0,0,0
2026-04-07T04:12:20.872645,1250.081,11494,7494,64,27,0,0,66982,0,22084,14399,54,0,0,0,0,0
2026-04-07T04:12:21.389275,1250.596,5842,14454,35,51,0,0,66982,0,11334,28043,54,0,0,0,0,0
2026-04-07T04:12:21.905932,1251.113,14646,8556,60,30,0,0,66983,0,28347,16560,54,0,0,0,0,0
2026-04-07T04:12:22.417529,1251.629,3124,13962,34,49,0,0,66983,0,6047,27024,54,0,0,0,0,0
2026-04-07T04:12:22.935448,1252.141,5160,14014,37,49,0,0,66984,0,10087,27396,54,0,0,0,0,0
2026-04-07T04:12:23.450698,1252.659,3116,13036,26,44,0,0,66984,0,6016,25170,54,0,0,0,0,0
2026-04-07T04:12:23.968720,1253.174,9940,14256,49,50,0,0,66985,0,19290,27666,54,0,0,0,0,0
2026-04-07T04:12:24.486129,1253.692,6632,7494,42,27,0,0,66985,0,12801,14465,54,0,0,0,0,0
2026-04-07T04:12:25.004571,1254.21,15472,15370,71,53,0,0,66986,0,29906,29709,54,0,0,0,0,0
2026-04-07T04:12:25.521449,1254.728,1554,7200,16,26,0,0,66987,0,3000,13898,54,0,0,0,0,0
2026-04-07T04:12:26.040058,1255.245,5008,21018,36,73,0,0,66987,0,9682,40633,54,0,0,0,0,0
2026-04-07T04:12:26.554222,1255.763,7894,5980,48,20,0,0,66988,0,15240,11545,54,0,0,0,0,0
2026-04-07T04:12:27.070528,1256.277,6464,14308,40,50,0,0,66988,0,12571,27826,54,0,0,0,0,0
2026-04-07T04:12:27.587874,1256.794,6118,14550,36,51,0,0,66989,0,11835,28147,54,0,0,0,0,0
2026-04-07T04:12:28.106855,1257.311,14264,8262,58,29,0,0,66989,0,27575,15972,54,0,0,0,0,0
2026-04-07T04:12:28.624659,1257.831,2870,8964,30,32,0,0,66990,0,5528,17266,54,0,1280,0,1280,0
2026-04-07T04:12:29.139764,1258.348,7454,25036,56,86,0,0,66990,0,14400,48366,54,0,0,0,0,0
2026-04-07T04:12:29.655961,1258.863,8420,292,33,2,0,0,66991,0,16343,567,54,0,0,0,0,0
2026-04-07T04:12:30.173689,1259.379,2236,14256,22,50,0,0,66991,0,4332,27622,54,0,0,0,0,0
2026-04-07T04:12:30.688002,1259.897,7434,14550,50,51,0,0,66992,0,14360,28106,54,0,0,0,0,0
2026-04-07T04:12:31.204842,1260.412,15028,8460,66,30,0,0,66992,0,29218,16448,54,0,0,0,0,0
2026-04-07T04:12:31.722770,1260.929,2190,13962,22,49,0,0,66993,0,4233,26989,54,0,0,0,0,0
2026-04-07T04:12:32.240174,1261.446,5636,19652,38,66,0,0,66993,0,10894,37985,54,0,0,0,0,0
2026-04-07T04:12:32.756243,1261.964,10766,7494,56,27,0,0,66994,0,20802,14480,54,0,0,0,0,0
2026-04-07T04:12:33.272651,1262.48,6570,14454,43,51,0,0,66994,0,12731,28008,54,0,0,0,0,0
2026-04-07T04:12:33.790399,1262.996,5698,7494,30,27,0,0,66995,0,11035,14513,54,0,0,0,0,0
2026-04-07T04:12:34.308743,1263.514,10504,14878,48,51,0,0,66995,0,20287,28735,54,0,0,0,0,0
2026-04-07T04:12:34.825619,1264.032,5544,7200,39,26,0,0,66996,0,10694,13888,54,0,0,0,0,0
2026-04-07T04:12:35.343806,1264.549,4300,19996,40,68,0,0,66996,0,8320,38688,54,0,0,0,0,0
2026-04-07T04:12:35.859450,1265.067,9520,7494,43,27,0,0,66997,0,18376,14465,54,0,0,0,0,0
2026-04-07T04:12:36.376876,1265.583,5690,14152,34,50,0,0,66997,0,11034,27444,54,5504,0,2752,0,0
2026-04-07T04:12:36.892362,1266.1,16368,8556,79,30,0,0,66998,0,31633,16535,54,0,0,0,0,0
2026-04-07T04:12:37.413160,1266.619,2020,14160,22,50,0,0,66998,0,3893,27289,54,0,0,0,0,0
2026-04-07T04:12:37.930434,1267.137,4648,13962,31,49,0,0,66999,0,8984,26986,54,0,0,0,0,0
2026-04-07T04:12:38.443506,1267.654,4432,13036,40,44,0,0,66999,0,8568,25200,54,0,0,0,0,0
2026-04-07T04:12:38.960800,1268.167,10346,14308,54,50,0,0,67000,0,20163,27885,54,0,0,0,0,0
2026-04-07T04:12:39.472394,1268.684,5316,7494,28,27,0,0,67000,0,10277,14487,54,0,0,0,0,0
2026-04-07T04:12:39.989452,1269.196,15066,15318,66,53,0,0,67001,0,29450,29942,54,0,0,0,0,0
2026-04-07T04:12:40.506195,1269.713,2810,7200,29,26,0,0,67001,0,5435,13926,54,0,0,0,0,0
2026-04-07T04:12:41.020665,1270.234,5474,21070,42,73,0,0,67002,0,10507,40441,54,0,0,0,0,0
2026-04-07T04:12:41.534728,1270.744,2756,5980,21,20,0,0,67003,0,5402,11721,54,0,0,0,0,0
2026-04-07T04:12:42.050959,1271.258,9940,14298,49,51,0,0,67003,0,19335,27813,54,0,0,0,0,0
2026-04-07T04:12:42.563642,1271.774,7434,14550,50,51,0,0,67004,0,14400,28185,54,0,0,0,0,0
2026-04-07T04:12:43.092057,1272.291,14670,8314,63,29,0,0,67004,0,28409,16100,54,0,0,0,0,0
2026-04-07T04:12:43.609585,1272.816,1554,7200,16,26,0,0,67005,0,2960,13716,54,0,0,0,0,0
2026-04-07T04:12:44.121875,1273.333,6630,26560,47,90,0,0,67005,0,12817,51345,54,0,0,0,0,0
2026-04-07T04:12:44.644350,1273.845,10094,438,50,3,0,0,67006,0,19698,855,54,0,0,0,0,0
2026-04-07T04:12:45.160409,1274.368,3000,14454,30,51,0,0,67006,0,5745,27678,54,0,0,0,0,0
2026-04-07T04:12:45.676418,1274.884,5760,14404,33,50,0,0,67007,0,11158,27903,54,0,0,0,0,0
2026-04-07T04:12:46.193703,1275.4,14264,8262,58,29,0,0,67007,0,27637,16008,54,0,0,0,0,0
2026-04-07T04:12:46.712857,1275.917,3612,13962,37,49,0,0,67008,0,6983,26993,54,0,0,0,0,0
2026-04-07T04:12:47.228936,1276.436,6652,19996,48,68,0,0,67008,0,12814,38519,54,0,0,0,0,0
2026-04-07T04:12:47.748413,1276.953,8546,292,34,2,0,0,67009,0,16556,566,54,1536,0,768,0,0
2026-04-07T04:12:48.264255,1277.472,6352,21312,40,74,0,0,67009,0,12232,41040,54,0,0,0,0,0
2026-04-07T04:12:48.781169,1277.988,7014,7494,44,27,0,0,67010,0,13599,14530,54,0,0,0,0,0
2026-04-07T04:12:49.299566,1278.505,11626,15222,59,53,0,0,67010,0,22486,29441,54,0,0,0,0,0
2026-04-07T04:12:49.817506,1279.023,4122,7294,24,27,0,0,67011,0,7950,14068,54,0,0,0,0,0
2026-04-07T04:12:50.333639,1279.541,3284,19652,30,66,0,0,67011,0,6342,37954,54,0,0,0,0,0
2026-04-07T04:12:50.849517,1280.057,11494,7494,64,27,0,0,67012,0,22255,14510,54,0,0,0,0,0
2026-04-07T04:12:51.368880,1280.573,5842,14454,35,51,0,0,67012,0,11330,28032,54,0,0,0,0,0
2026-04-07T04:12:51.885336,1281.092,14646,8556,60,30,0,0,67013,0,28203,16476,54,0,0,0,0,0
2026-04-07T04:12:52.404701,1281.609,2872,13816,32,48,0,0,67013,0,5560,26748,54,0,0,0,0,0
2026-04-07T04:12:52.916829,1282.129,5412,14160,39,50,0,0,67014,0,10411,27239,54,0,0,0,0,0
2026-04-07T04:12:53.436239,1282.64,3176,13078,27,45,0,0,67014,0,6207,25557,54,0,0,0,0,0
2026-04-07T04:12:53.953418,1283.16,10060,14340,51,52,0,0,67015,0,19374,27617,54,0,0,0,0,0
2026-04-07T04:12:54.468817,1283.677,6526,7494,41,27,0,0,67015,0,12617,14488,54,0,0,0,0,0
2026-04-07T04:12:54.986727,1284.192,15578,15370,72,53,0,0,67016,0,30226,29822,54,0,0,0,0,0
2026-04-07T04:12:55.503512,1284.71,1494,7200,15,26,0,0,67016,0,2884,13901,54,0,0,0,0,0
2026-04-07T04:12:56.022686,1285.227,5068,21018,37,73,0,0,67017,0,9808,40675,54,0,0,0,0,0
2026-04-07T04:12:56.542205,1285.746,4072,5980,35,20,0,0,67018,0,7843,11518,54,0,0,0,0,0
2026-04-07T04:12:57.059806,1286.266,10286,14308,53,50,0,0,67018,0,19799,27541,54,0,0,0,0,0
2026-04-07T04:12:57.577390,1286.783,6118,14550,36,51,0,0,67019,0,11819,28108,54,0,0,0,0,0
2026-04-07T04:12:58.093896,1287.303,14264,8262,58,29,0,0,67019,0,27452,15901,54,0,0,0,0,0
2026-04-07T04:12:58.608378,1287.817,2870,7200,30,26,0,0,67020,0,5579,13997,54,0,0,0,0,0
2026-04-07T04:12:59.130003,1288.332,7036,26612,52,90,0,0,67020,0,13676,51725,54,0,0,0,0,0
2026-04-07T04:12:59.648594,1288.858,8778,438,36,3,0,0,67021,0,16692,833,54,0,0,0,0,0
2026-04-07T04:13:00.166604,1289.372,2236,14256,22,50,0,0,67021,0,4350,27736,54,0,0,0,0,0
2026-04-07T04:13:00.683186,1289.892,7434,14550,50,51,0,0,67022,0,14295,27979,54,0,0,0,0,0
2026-04-07T04:13:01.201673,1290.407,14670,8314,63,29,0,0,67022,0,28489,16145,54,2752,0,2752,0,0
2026-04-07T04:13:01.719471,1290.925,2296,13962,23,49,0,0,67023,0,4428,26928,54,0,0,0,0,0
2026-04-07T04:13:02.240118,1291.443,5888,19798,40,67,0,0,67023,0,11372,38237,54,0,0,0,0,0
2026-04-07T04:13:02.755281,1291.964,10094,438,50,3,0,0,67024,0,19386,841,54,0,0,0,0,0
2026-04-07T04:13:03.273121,1292.479,7136,21510,48,75,0,0,67024,0,13843,41728,54,0,0,0,0,0
2026-04-07T04:13:03.790519,1292.997,5446,7348,28,26,0,0,67025,0,10526,14203,54,0,0,0,0,0
2026-04-07T04:13:04.306403,1293.514,10862,15024,51,52,0,0,67025,0,20990,29033,54,0,0,0,0,0
2026-04-07T04:13:04.819551,1294.03,5633,7200,40,26,0,0,67026,0,10916,13953,54,0,0,0,0,0
2026-04-07T04:13:05.334142,1294.543,4300,19996,40,68,0,0,67026,0,8381,38973,54,0,0,0,0,0
2026-04-07T04:13:05.850131,1295.058,9162,7348,40,26,0,0,67027,0,17805,14280,54,0,0,0,0,0
2026-04-07T04:13:06.367699,1295.574,5796,14298,35,51,0,0,67027,0,11233,27710,54,0,0,0,0,0
2026-04-07T04:13:06.884366,1296.091,16620,8556,81,30,0,0,67028,0,32113,16532,54,0,0,0,0,0
2026-04-07T04:13:07.397435,1296.608,2020,14160,22,50,0,0,67028,0,3909,27404,54,0,0,0,0,0
2026-04-07T04:13:07.915123,1297.121,4290,13816,28,48,0,0,67029,0,8361,26927,54,0,0,0,0,0
2026-04-07T04:13:08.432309,1297.639,4432,13130,40,45,0,0,67029,0,8562,25365,54,0,0,0,0,0
2026-04-07T04:13:08.948506,1298.156,10704,14454,57,51,0,0,67030,0,20698,27949,54,0,0,0,0,0
2026-04-07T04:13:09.464187,1298.672,5316,7494,28,27,0,0,67030,0,10305,14527,54,0,0,0,0,0
2026-04-07T04:13:09.979411,1299.188,14708,15172,63,52,0,0,67031,0,28505,29404,54,0,0,0,0,0
2026-04-07T04:13:10.496084,1299.703,2810,7200,29,26,0,0,67031,0,5454,13974,54,0,0,0,0,0
2026-04-07T04:13:11.015022,1300.22,5892,21258,46,75,0,0,67032,0,11401,41135,54,0,0,0,0,0
2026-04-07T04:13:11.528663,1300.739,2696,5980,20,20,0,0,67032,0,5196,11525,54,0,0,0,0,0
2026-04-07T04:13:12.049057,1301.252,9582,14110,46,49,0,0,67033,0,18651,27464,54,0,0,0,0,0
2026-04-07T04:13:12.565182,1301.774,7434,14550,50,51,0,0,67034,0,14239,27868,54,0,0,0,0,0
2026-04-07T04:13:13.081961,1302.289,15028,8460,66,30,0,0,67034,0,29227,16453,54,0,0,0,0,0
2026-04-07T04:13:13.603701,1302.809,1554,7200,16,26,0,0,67035,0,2984,13827,54,0,0,0,0,0
2026-04-07T04:13:14.117103,1303.327,6630,26560,47,90,0,0,67035,0,12801,51282,54,0,0,0,0,0
2026-04-07T04:13:14.636361,1303.841,9736,292,47,2,0,0,67036,0,18962,569,54,0,0,0,0,0
2026-04-07T04:13:15.153480,1304.36,3000,14454,30,51,0,0,67036,0,5778,27838,54,0,0,0,0,0
2026-04-07T04:13:15.670812,1304.877,6118,14550,36,51,0,0,67037,0,11832,28139,54,0,0,0,0,0
2026-04-07T04:13:16.185254,1305.394,14264,8262,58,29,0,0,67037,0,27571,15970,54,0,0,0,0,0
2026-04-07T04:13:16.704187,1305.909,3254,13816,34,48,0,0,67038,0,6324,26852,54,0,0,0,0,0
2026-04-07T04:13:17.223273,1306.428,6652,19996,48,68,0,0,67038,0,12819,38535,54,0,0,0,0,0
2026-04-07T04:13:17.742527,1306.947,8778,438,36,3,0,0,67039,0,16911,844,54,0,0,0,0,0
2026-04-07T04:13:18.261255,1307.466,6478,21312,41,74,0,0,67039,0,12475,41043,54,35776,0,5504,0,0
2026-04-07T04:13:18.785817,1307.989,6716,7390,42,27,0,0,67040,0,12844,14133,54,0,0,0,0,0
2026-04-07T04:13:19.298719,1308.509,11626,15222,59,53,0,0,67040,0,22344,29256,54,0,0,0,0,0
2026-04-07T04:13:19.813109,1309.022,4228,7200,25,26,0,0,67041,0,8243,14038,54,0,0,0,0,0
2026-04-07T04:13:20.330716,1309.537,3625,19798,33,67,0,0,67041,0,7046,38484,54,0,0,0,0,0
2026-04-07T04:13:20.847066,1310.054,10478,7348,54,26,0,0,67042,0,20241,14195,54,2752,0,2752,0,0
2026-04-07T04:13:21.365686,1310.571,6500,14454,42,51,0,0,67042,0,12589,27994,54,0,0,0,0,0
2026-04-07T04:13:21.882224,1311.089,14646,8556,60,30,0,0,67043,0,28243,16499,54,0,0,0,0,0
2026-04-07T04:13:22.401543,1311.606,3230,13962,35,49,0,0,67043,0,6253,27029,54,0,0,0,0,0
2026-04-07T04:13:22.918088,1312.125,4948,14014,35,49,0,0,67044,0,9528,26985,54,0,0,0,0,0
2026-04-07T04:13:23.434699,1312.642,3222,13036,27,44,0,0,67044,0,6238,25240,54,0,0,0,0,0
2026-04-07T04:13:23.953125,1313.158,9940,14256,49,50,0,0,67045,0,19239,27592,54,0,0,0,0,0
2026-04-07T04:13:24.469327,1313.677,6632,7494,42,27,0,0,67045,0,12792,14455,54,0,0,0,0,0
2026-04-07T04:13:24.987866,1314.193,15724,15370,73,53,0,0,67046,0,30461,29775,54,2752,0,2752,0,0
2026-04-07T04:13:25.504838,1314.711,1242,7200,13,26,0,0,67046,0,2395,13886,54,0,0,0,0,0
2026-04-07T04:13:26.023363,1315.228,5128,21060,38,74,0,0,67047,0,9917,40728,54,0,0,0,0,0
2026-04-07T04:13:26.541895,1315.747,4012,5980,34,20,0,0,67047,0,7739,11535,54,0,0,0,0,0
2026-04-07T04:13:27.054924,1316.268,10598,14454,56,51,0,0,67048,0,20345,27748,54,0,0,0,0,0
2026-04-07T04:13:27.572380,1316.778,5866,14404,34,50,0,0,67049,0,11490,28213,54,0,0,0,0,0
2026-04-07T04:13:28.088140,1317.296,14264,8262,58,29,0,0,67049,0,27560,15963,54,0,0,0,0,0
2026-04-07T04:13:28.605780,1317.812,2870,7200,30,26,0,0,67050,0,5564,13958,54,0,0,0,0,0
2026-04-07T04:13:29.119161,1318.329,7394,26758,55,91,0,0,67050,0,14294,51730,54,0,0,0,0,0
2026-04-07T04:13:29.639093,1318.843,8494,292,34,2,0,0,67051,0,16532,568,54,0,0,0,0,0
2026-04-07T04:13:30.156529,1319.362,2236,14256,22,50,0,0,67051,0,4302,27431,54,0,0,0,0,0
2026-04-07T04:13:30.671835,1319.88,7508,14550,51,51,0,0,67052,0,14505,28110,54,0,0,0,0,0
2026-04-07T04:13:31.185295,1320.395,15148,8544,68,32,0,0,67052,0,29398,16582,54,0,0,0,0,0
2026-04-07T04:13:31.701226,1320.909,1938,13816,20,48,0,0,67053,0,3774,26908,54,0,0,0,0,0
2026-04-07T04:13:32.219317,1321.425,5888,19798,40,67,0,0,67053,0,11412,38374,54,0,0,0,0,0
2026-04-07T04:13:32.737113,1321.943,10168,438,51,3,0,0,67054,0,19624,845,54,0,0,0,0,0
2026-04-07T04:13:33.251837,1322.461,3420,21510,36,75,0,0,67054,0,6605,41540,54,0,0,0,0,0
2026-04-07T04:13:33.771247,1322.975,9162,7348,40,26,0,0,67055,0,17801,14277,54,0,0,0,0,0
2026-04-07T04:13:34.288478,1323.495,10862,15024,51,52,0,0,67055,0,20914,28927,54,0,0,0,0,0
2026-04-07T04:13:34.805745,1324.012,5544,7200,39,26,0,0,67056,0,10718,13920,54,0,0,0,0,0
2026-04-07T04:13:35.324983,1324.529,4300,19996,40,68,0,0,67056,0,8312,38651,54,0,0,0,0,0
2026-04-07T04:13:35.841255,1325.049,9609,7494,44,27,0,0,67057,0,18507,14434,54,0,0,0,0,0
2026-04-07T04:13:36.360199,1325.565,5378,14204,31,50,0,0,67057,0,10418,27516,54,0,0,0,0,0
2026-04-07T04:13:36.875740,1326.083,16036,8556,75,30,0,0,67058,0,30936,16506,54,0,0,0,0,0
2026-04-07T04:13:37.393084,1326.599,2678,14160,29,50,0,0,67058,0,5188,27433,54,0,0,0,0,0
2026-04-07T04:13:37.907066,1327.117,4648,13962,31,49,0,0,67059,0,8986,26994,54,0,0,0,0,0
2026-04-07T04:13:38.425155,1327.631,4074,12890,37,43,0,0,67059,0,7924,25072,54,0,0,0,0,0
2026-04-07T04:13:38.941622,1328.149,10704,14454,57,51,0,0,67060,0,20664,27903,54,0,0,0,0,0
2026-04-07T04:13:39.456265,1328.665,5316,7494,28,27,0,0,67060,0,10292,14509,54,0,0,0,0,0
2026-04-07T04:13:39.970620,1329.18,15066,15318,66,53,0,0,67061,0,29284,29774,54,0,0,0,0,0
2026-04-07T04:13:40.487293,1329.694,2452,7054,26,25,0,0,67061,0,4765,13709,54,0,0,0,0,0
2026-04-07T04:13:41.005090,1330.211,5921,21216,46,74,0,0,67062,0,11461,41065,54,0,0,0,0,0
2026-04-07T04:13:41.524520,1330.729,2696,5980,20,20,0,0,67062,0,5206,11547,54,0,0,0,0,0
2026-04-07T04:13:42.041523,1331.248,9940,14256,49,50,0,0,67063,0,19141,27452,54,0,0,0,0,0
2026-04-07T04:13:42.561579,1331.765,7016,14404,46,50,0,0,67063,0,13570,27859,54,0,0,0,0,0
2026-04-07T04:13:43.074779,1332.286,15148,8502,68,31,0,0,67064,0,29088,16326,54,0,0,0,0,0
2026-04-07T04:13:43.591403,1332.798,1554,7200,16,26,0,0,67065,0,3033,14051,54,0,0,0,0,0
2026-04-07T04:13:44.108315,1333.315,6630,26560,47,90,0,0,67065,0,12831,51403,54,0,0,0,0,0
2026-04-07T04:13:44.625262,1333.832,10048,480,50,4,0,0,67066,0,19442,929,54,0,0,0,0,0
2026-04-07T04:13:45.143493,1334.349,2822,14308,29,50,0,0,67066,0,5458,27671,54,0,0,0,0,0
2026-04-07T04:13:45.659653,1334.867,6118,14550,36,51,0,0,67067,0,11806,28078,54,0,0,0,0,0
2026-04-07T04:13:46.178790,1335.383,14264,8262,58,29,0,0,67067,0,27635,16007,54,0,0,0,0,0
2026-04-07T04:13:46.694676,1335.902,3612,13962,37,49,0,0,67068,0,6958,26894,54,0,0,0,0,0
2026-04-07T04:13:47.212120,1336.418,6294,19850,45,67,0,0,67068,0,12201,38478,54,0,0,0,0,0
2026-04-07T04:13:47.731254,1336.936,8778,438,36,3,0,0,67069,0,16962,846,54,0,0,0,0,0
2026-04-07T04:13:48.245762,1337.455,2656,21312,28,74,0,0,67069,0,5117,41060,54,0,0,0,0,0
2026-04-07T04:13:48.758270,1337.969,10836,7588,57,28,0,0,67070,0,21084,14764,54,0,0,0,0,0
2026-04-07T04:13:49.273559,1338.482,11268,15076,56,52,0,0,67070,0,21958,29378,54,0,0,0,0,0
2026-04-07T04:13:49.790890,1338.997,4228,7200,25,26,0,0,67071,0,8205,13972,54,0,0,0,0,0
2026-04-07T04:13:50.309027,1339.515,3536,19798,32,67,0,0,67071,0,6835,38271,54,0,0,0,0,0
2026-04-07T04:13:50.823637,1340.033,10836,7494,57,27,0,0,67072,0,20916,14465,54,0,0,0,0,0
2026-04-07T04:13:51.340583,1340.547,6142,14308,39,50,0,0,67072,0,11936,27805,54,0,0,0,0,0
2026-04-07T04:13:51.853030,1341.064,5698,7588,30,28,0,0,67073,0,11032,14692,54,0,0,0,0,0
2026-04-07T04:13:52.372662,1341.577,10862,15024,51,52,0,0,67073,0,21178,29293,54,0,0,0,0,0
2026-04-07T04:13:52.886408,1342.096,5964,13962,45,49,0,0,67074,0,11488,26893,54,0,0,0,0,0
2026-04-07T04:13:53.403741,1342.61,3522,13088,31,44,0,0,67074,0,6850,25456,54,0,0,0,0,0
2026-04-07T04:13:53.921212,1343.127,9520,7494,43,27,0,0,67075,0,18399,14483,54,0,0,0,0,0
2026-04-07T04:13:54.438284,1343.645,7052,14256,48,50,0,0,67075,0,13627,27548,54,0,0,0,0,0
2026-04-07T04:13:54.949548,1344.162,15830,15516,74,54,0,0,67076,0,30619,30012,54,0,0,0,0,0
2026-04-07T04:13:55.466460,1344.673,1196,7096,13,26,0,0,67076,0,2339,13880,54,0,0,0,0,0
2026-04-07T04:13:55.977841,1345.19,5068,21018,37,73,0,0,67077,0,9804,40658,54,0,0,0,0,0
2026-04-07T04:13:56.501469,1345.701,4101,5980,35,20,0,0,67077,0,8019,11693,54,0,0,0,0,0
2026-04-07T04:13:57.015746,1346.225,10704,14454,57,51,0,0,67078,0,20433,27591,54,0,0,0,0,0
2026-04-07T04:13:57.527801,1346.739,5700,14404,32,50,0,0,67078,0,11087,28018,54,0,0,0,0,0
2026-04-07T04:13:58.052011,1347.255,14324,8262,59,29,0,0,67079,0,27792,16030,54,0,0,0,0,0
2026-04-07T04:13:58.566471,1347.776,2810,7200,29,26,0,0,67079,0,5394,13822,54,0,0,0,0,0
2026-04-07T04:13:59.079735,1348.29,7514,26800,57,92,0,0,67080,0,14610,52110,54,0,0,0,0,0
2026-04-07T04:13:59.600540,1348.803,8420,292,33,2,0,0,67081,0,16406,569,54,0,0,0,0,0
2026-04-07T04:14:00.118345,1349.324,2236,14256,22,50,0,0,67081,0,4292,27365,54,0,0,0,0,0
2026-04-07T04:14:00.631416,1349.842,7434,14550,50,51,0,0,67082,0,14360,28106,54,0,0,0,0,0
2026-04-07T04:14:01.154424,1350.355,15028,8460,66,30,0,0,67082,0,29288,16488,54,0,0,0,0,0
2026-04-07T04:14:01.670653,1350.878,1938,13816,20,48,0,0,67083,0,3703,26401,54,0,0,0,0,0
2026-04-07T04:14:02.184837,1351.394,5888,19798,40,67,0,0,67083,0,11410,38365,54,0,0,0,0,0
2026-04-07T04:14:02.701567,1351.908,10094,438,50,3,0,0,67084,0,19637,852,54,0,0,0,0,0
2026-04-07T04:14:03.214829,1352.425,3000,14454,30,51,0,0,67084,0,5806,27972,54,0,0,0,0,0
2026-04-07T04:14:03.737549,1352.938,5760,14404,33,50,0,0,67085,0,11220,28058,54,0,0,0,0,0
2026-04-07T04:14:04.250634,1353.461,14684,15118,64,53,0,0,67085,0,28100,28930,54,0,0,0,0,0
2026-04-07T04:14:04.769079,1353.974,5544,7200,39,26,0,0,67086,0,10802,14029,54,0,0,0,0,0
2026-04-07T04:14:05.285941,1354.493,4300,19996,40,68,0,0,67086,0,8295,38573,54,0,0,0,0,0
2026-04-07T04:14:05.806455,1355.01,9162,7348,40,26,0,0,67087,0,17722,14213,54,0,0,0,0,0
2026-04-07T04:14:06.320988,1355.53,5736,14256,34,50,0,0,67087,0,11024,27399,54,0,0,0,0,0
2026-04-07T04:14:06.836010,1356.044,7014,7494,44,27,0,0,67088,0,13632,14565,54,0,0,0,0,0
2026-04-07T04:14:07.353951,1356.56,11626,15264,59,54,0,0,67088,0,22570,29633,55,0,768,0,768,0
2026-04-07T04:14:07.872588,1357.078,3990,7138,24,27,0,0,67089,0,7702,13779,55,2752,768,2752,768,0
2026-04-07T04:14:08.391362,1357.596,4194,19840,39,68,0,0,67089,0,8086,38249,55,0,768,0,768,0
2026-04-07T04:14:08.911926,1358.114,10836,7494,57,27,0,0,67090,0,20918,14467,55,0,768,0,768,0
2026-04-07T04:14:09.426656,1358.635,5842,14496,35,52,0,0,67090,0,11209,27813,55,0,768,0,768,0
2026-04-07T04:14:09.940582,1359.15,15066,15318,66,53,0,0,67091,0,29275,29765,55,0,768,0,768,0
2026-04-07T04:14:10.453314,1359.664,2452,7054,26,25,0,0,67091,0,4775,13737,54,0,0,0,0,0
2026-04-07T04:14:10.970127,1360.177,5832,21216,45,74,0,0,67092,0,11364,41341,54,0,0,0,0,0
2026-04-07T04:14:11.486545,1360.694,2696,5980,20,20,0,0,67092,0,5216,11569,54,0,0,0,0,0
2026-04-07T04:14:11.999557,1361.21,10029,14256,50,50,0,0,67093,0,19424,27611,54,0,0,0,0,0
2026-04-07T04:14:12.514592,1361.723,6274,7348,39,26,0,0,67093,0,12229,14323,54,0,0,0,0,0
2026-04-07T04:14:13.032140,1362.238,15830,15516,74,54,0,0,67094,0,30728,30119,54,0,0,0,0,0
2026-04-07T04:14:13.549016,1362.756,1494,7200,15,26,0,0,67094,0,2888,13918,54,0,0,0,0,0
2026-04-07T04:14:14.068648,1363.273,5068,21018,37,73,0,0,67095,0,9803,40654,54,0,0,0,0,0
2026-04-07T04:14:14.586594,1363.792,11298,5834,57,19,0,0,67095,0,21747,11229,54,0,0,0,0,0
2026-04-07T04:14:15.103117,1364.31,3060,14454,31,51,0,0,67096,0,5908,27905,54,0,0,0,0,0
2026-04-07T04:14:15.621103,1364.827,6118,14550,36,51,0,0,67097,0,11843,28165,54,0,0,0,0,0
2026-04-07T04:14:16.138848,1365.349,14264,8262,58,29,0,0,67097,0,27329,15830,54,0,0,0,0,0
2026-04-07T04:14:16.653588,1365.862,3254,13816,34,48,0,0,67098,0,6335,26897,54,0,0,0,0,0
2026-04-07T04:14:17.173777,1366.377,6652,19996,48,68,0,0,67098,0,12919,38835,54,0,0,0,0,0
2026-04-07T04:14:17.691101,1366.9,8778,438,36,3,0,0,67099,0,16795,838,54,0,0,0,0,0
2026-04-07T04:14:18.208787,1367.415,2236,14256,22,50,0,0,67099,0,4343,27689,54,0,0,0,0,0
2026-04-07T04:14:18.730120,1367.932,7076,14404,47,50,0,0,67100,0,13665,27817,54,5504,0,2752,0,0
2026-04-07T04:14:19.243661,1368.454,15508,15264,73,54,0,0,67100,0,29758,29290,54,0,0,0,0,0
2026-04-07T04:14:19.761114,1368.967,4288,7242,26,27,0,0,67101,0,8358,14116,54,0,0,0,0,0
2026-04-07T04:14:20.274670,1369.485,3536,19798,32,67,0,0,67101,0,6827,38222,54,0,0,0,0,0
2026-04-07T04:14:20.788221,1369.998,10836,7494,57,27,0,0,67102,0,21098,14591,54,0,0,0,0,0
2026-04-07T04:14:21.302697,1370.512,6142,14308,39,50,0,0,67102,0,11959,27859,54,0,0,0,0,0
2026-04-07T04:14:21.820360,1371.026,5698,7494,30,27,0,0,67103,0,11072,14562,54,0,0,0,0,0
2026-04-07T04:14:22.338249,1371.544,10862,15024,51,52,0,0,67103,0,20989,29032,54,0,0,0,0,0
2026-04-07T04:14:22.850292,1372.062,5544,7294,39,27,0,0,67104,0,10704,14083,54,0,0,0,0,0
2026-04-07T04:14:23.373551,1372.574,3942,19850,37,67,0,0,67104,0,7695,38750,54,0,0,0,0,0
2026-04-07T04:14:23.890411,1373.097,9520,7494,43,27,0,0,67105,0,18190,14319,54,0,0,0,0,0
2026-04-07T04:14:24.407138,1373.614,7052,14256,48,50,0,0,67105,0,13654,27602,54,0,0,0,0,0
2026-04-07T04:14:24.920136,1374.131,15830,15516,74,54,0,0,67106,0,30631,30023,54,0,0,0,0,0
2026-04-07T04:14:25.438259,1374.644,1136,7054,12,25,0,0,67106,0,2215,13752,54,0,0,0,0,0
2026-04-07T04:14:25.954050,1375.162,5068,21018,37,73,0,0,67107,0,9783,40571,54,0,0,0,0,0
2026-04-07T04:14:26.473254,1375.678,4012,5980,34,20,0,0,67107,0,7777,11592,54,0,0,0,0,0
2026-04-07T04:14:26.988004,1376.197,10704,14454,57,51,0,0,67108,0,20619,27842,54,0,0,0,0,0
2026-04-07T04:14:27.505651,1376.712,4958,7348,25,26,0,0,67108,0,9631,14274,54,0,0,0,0,0
2026-04-07T04:14:28.023342,1377.229,15066,15318,66,53,0,0,67109,0,29105,29592,54,0,0,0,0,0
2026-04-07T04:14:28.540807,1377.747,2810,7200,29,26,0,0,67109,0,5428,13908,54,0,0,0,0,0
2026-04-07T04:14:29.053568,1378.264,5726,21216,44,74,0,0,67110,0,11065,40999,54,0,0,0,0,0
2026-04-07T04:14:29.571995,1378.777,6266,5834,31,19,0,0,67110,0,12219,11377,54,0,0,0,0,0
2026-04-07T04:14:30.089592,1379.296,6118,14256,36,50,0,0,67111,0,11802,27500,54,0,0,0,0,0
2026-04-07T04:14:30.607765,1379.813,7434,14550,50,51,0,0,67112,0,14363,28111,54,0,0,0,0,0
2026-04-07T04:14:31.120011,1380.331,15028,8502,66,31,0,0,67112,0,29007,16411,56,0,1536,0,768,0
2026-04-07T04:14:31.634936,1380.844,1998,13858,21,49,0,0,67113,0,3900,27048,56,0,1536,0,768,0
2026-04-07T04:14:32.151071,1381.358,5888,19934,40,69,0,0,67113,0,11435,38714,60,0,3072,0,768,0
2026-04-07T04:14:32.666703,1381.875,10154,480,51,4,0,0,67114,0,19675,930,58,0,3072,0,768,0
2026-04-07T04:14:33.183533,1382.396,3000,14496,30,52,0,0,67114,0,5756,27815,58,0,3072,0,768,0
2026-04-07T04:14:33.707597,1382.907,5760,14404,33,50,0,0,67115,0,11266,28172,58,3072,0,768,0,0
2026-04-07T04:14:34.221591,1383.431,14264,8304,58,30,0,0,67115,0,27220,15847,56,0,1536,0,768,0
2026-04-07T04:14:34.735539,1383.945,3612,14004,37,50,0,0,67116,0,7026,27242,56,0,1536,0,768,0
2026-04-07T04:14:35.251981,1384.459,6546,19996,47,68,0,0,67116,0,12738,38910,56,1536,1536,768,768,0
2026-04-07T04:14:35.767218,1384.975,9058,7390,38,27,0,0,67117,0,17538,14308,56,0,1536,0,768,0
2026-04-07T04:14:36.284337,1385.49,5946,14256,37,50,0,0,67117,0,11552,27697,56,0,1536,0,768,0
2026-04-07T04:14:36.801236,1386.008,7014,7536,44,28,0,0,67118,0,13550,14558,54,0,0,0,0,0
2026-04-07T04:14:37.316462,1386.525,11626,15222,59,53,0,0,67118,0,22490,29446,54,0,0,0,0,0
2026-04-07T04:14:37.835664,1387.04,3959,7096,23,26,0,0,67119,0,7684,13773,54,0,0,0,0,0
2026-04-07T04:14:38.353882,1387.559,3536,19798,32,67,0,0,67119,0,6811,38133,54,0,0,0,0,0
2026-04-07T04:14:38.870634,1388.077,10836,7536,57,28,0,0,67120,0,20914,14545,54,0,0,0,0,0
2026-04-07T04:14:39.383082,1388.594,6500,14454,42,51,0,0,67120,0,12577,27967,54,0,0,0,0,0
2026-04-07T04:14:39.901239,1389.107,14288,8452,57,30,0,0,67121,0,27878,16491,54,0,0,0,0,0
2026-04-07T04:14:40.420328,1389.625,3230,13962,35,49,0,0,67121,0,6234,26949,54,0,0,0,0,0
2026-04-07T04:14:40.938690,1390.144,5412,14202,39,51,0,0,67122,0,10426,27360,54,0,0,0,0,0
2026-04-07T04:14:41.450065,1390.662,3116,13036,26,44,0,0,67122,0,6011,25149,54,0,0,0,0,0
2026-04-07T04:14:41.966321,1391.174,9582,14152,46,50,0,0,67123,0,18737,27673,54,0,0,0,0,0
2026-04-07T04:14:42.483914,1391.693,6632,7494,42,27,0,0,67123,0,12756,14414,54,0,0,0,0,0
2026-04-07T04:14:43.001293,1392.207,15830,15558,74,55,0,0,67124,0,30802,30272,54,0,0,0,0,0
2026-04-07T04:14:43.514640,1392.725,1494,7200,15,26,0,0,67124,0,2887,13916,54,0,0,0,0,0
2026-04-07T04:14:44.035287,1393.238,4710,20914,34,73,0,0,67125,0,9175,40739,54,0,0,0,0,0
2026-04-07T04:14:44.552187,1393.759,7834,5980,47,20,0,0,67125,0,15051,11489,54,0,0,0,0,0
2026-04-07T04:14:45.069987,1394.276,6882,14496,44,52,0,0,67126,0,13310,28036,54,0,0,0,0,0
2026-04-07T04:14:45.587444,1394.794,6058,14550,35,51,0,0,67126,0,11700,28102,54,0,0,0,0,0
2026-04-07T04:14:46.106403,1395.311,13966,8158,56,29,0,0,67127,0,26989,15765,54,0,0,0,0,0
2026-04-07T04:14:46.625652,1395.83,2870,7200,30,26,0,0,67128,0,5530,13874,54,0,0,0,0,0
2026-04-07T04:14:47.142746,1396.349,7514,26978,57,95,0,0,67128,0,14474,51966,54,0,0,0,0,0
2026-04-07T04:14:47.656989,1396.866,8778,438,36,3,0,0,67129,0,16973,847,54,0,0,0,0,0
2026-04-07T04:14:48.176327,1397.381,1878,14152,19,50,0,0,67129,0,3652,27518,54,0,0,0,0,0
2026-04-07T04:14:48.693162,1397.9,7434,14550,50,51,0,0,67130,0,14317,28022,54,0,0,0,0,0
2026-04-07T04:14:49.210690,1398.417,15028,8502,66,31,0,0,67130,0,29076,16449,54,0,0,0,0,0
2026-04-07T04:14:49.728648,1398.934,2296,13962,23,49,0,0,67131,0,4436,26977,54,0,0,0,0,0
2026-04-07T04:14:50.245805,1399.452,5782,19840,39,68,0,0,67131,0,11172,38334,54,0,0,0,0,0
2026-04-07T04:14:50.763029,1399.969,9842,292,48,2,0,0,67132,0,19020,564,54,0,0,0,0,0
2026-04-07T04:14:51.279816,1400.487,7242,21552,49,76,0,0,67132,0,13999,41662,54,0,0,0,0,0
2026-04-07T04:14:51.797733,1401.003,5698,7494,30,27,0,0,67133,0,11025,14500,54,0,0,0,0,0
2026-04-07T04:14:52.311780,1401.521,10862,15066,51,53,0,0,67133,0,20975,29093,54,0,0,0,0,0
2026-04-07T04:14:52.830432,1402.035,5186,7054,36,25,0,0,67134,0,10088,13721,54,0,0,0,0,0
2026-04-07T04:14:53.348276,1402.554,4449,20080,42,70,0,0,67134,0,8578,38717,54,0,0,0,0,0
2026-04-07T04:14:53.867245,1403.072,9520,7494,43,27,0,0,67135,0,18389,14476,54,0,0,0,0,0
2026-04-07T04:14:54.382868,1403.591,5736,14298,34,51,0,0,67135,0,11051,27546,54,0,0,0,0,0
2026-04-07T04:14:54.901502,1404.106,15604,8410,71,29,0,0,67136,0,30261,16310,54,0,0,0,0,0
2026-04-07T04:14:55.418161,1404.625,2678,14160,29,50,0,0,67136,0,5164,27304,54,0,0,0,0,0
2026-04-07T04:14:55.935288,1405.141,4648,13962,31,49,0,0,67137,0,9005,27049,54,0,0,0,0,0
2026-04-07T04:14:56.449888,1405.658,4432,13130,40,45,0,0,67137,0,8571,25391,54,0,0,0,0,0
2026-04-07T04:14:56.967946,1406.173,10406,14350,55,51,0,0,67138,0,20198,27853,54,0,0,0,0,0
2026-04-07T04:14:57.481671,1406.691,5316,7494,28,27,0,0,67138,0,10263,14467,54,0,0,0,0,0
2026-04-07T04:14:57.999131,1407.205,15066,15318,66,53,0,0,67139,0,29321,29812,54,0,0,0,0,0
2026-04-07T04:14:58.516670,1407.723,2810,7200,29,26,0,0,67139,0,5431,13915,54,0,0,0,0,0
2026-04-07T04:14:59.036688,1408.24,5474,21070,42,73,0,0,67140,0,10575,40705,54,0,0,0,0,0
2026-04-07T04:14:59.553862,1408.76,6518,5980,33,20,0,0,67140,0,12538,11503,54,0,0,0,0,0
2026-04-07T04:15:00.073260,1409.277,6118,14256,36,50,0,0,67141,0,11829,27563,54,0,0,0,0,0
2026-04-07T04:15:00.590905,1409.797,7374,14550,49,51,0,0,67141,0,14199,28016,54,0,0,0,0,0
2026-04-07T04:15:01.111532,1410.314,14730,8314,64,29,0,0,67142,0,28451,16059,54,0,0,0,0,0
2026-04-07T04:15:01.628421,1410.835,1554,7200,16,26,0,0,67143,0,2985,13830,54,3840,0,1280,0,0
2026-04-07T04:15:02.145244,1411.352,6630,26560,47,90,0,0,67143,0,12832,51404,54,0,0,0,0,0
2026-04-07T04:15:02.662610,1411.869,10094,438,50,3,0,0,67144,0,19523,847,54,0,0,0,0,0
2026-04-07T04:15:03.182476,1412.393,2894,14454,29,51,0,0,67144,0,5525,27593,54,1536,0,768,0,0
2026-04-07T04:15:03.698112,1412.906,5866,14404,34,50,0,0,67145,0,11425,28053,54,0,0,0,0,0
2026-04-07T04:15:04.215440,1413.422,14264,8262,58,29,0,0,67145,0,27666,16024,54,0,0,0,0,0
2026-04-07T04:15:04.734577,1413.939,3672,14004,38,50,0,0,67146,0,7098,27070,54,0,0,0,0,0
2026-04-07T04:15:05.250855,1414.459,6652,19996,48,68,0,0,67146,0,12783,38427,54,0,0,0,0,0
2026-04-07T04:15:05.769022,1414.977,8952,7348,37,26,0,0,67147,0,17300,14200,54,5120,0,1280,0,0
2026-04-07T04:15:06.286355,1415.493,5946,14256,37,50,0,0,67147,0,11529,27641,54,0,0,0,0,0
2026-04-07T04:15:06.803601,1416.01,7014,7494,44,27,0,0,67148,0,13558,14486,54,0,0,0,0,0
2026-04-07T04:15:07.318007,1416.527,11626,15222,59,53,0,0,67148,0,22474,29426,54,0,0,0,0,0
2026-04-07T04:15:07.836811,1417.042,3870,7054,22,25,0,0,67149,0,7523,13713,54,0,0,0,0,0
2026-04-07T04:15:08.353447,1417.56,3536,19798,32,67,0,0,67149,0,6817,38169,54,0,0,0,0,0
2026-04-07T04:15:08.871114,1418.077,10836,7494,57,27,0,0,67150,0,20975,14506,54,0,0,0,0,0
2026-04-07T04:15:09.383751,1418.595,6560,14496,43,52,0,0,67150,0,12674,28006,54,0,0,0,0,0
2026-04-07T04:15:09.901431,1419.107,14288,8410,57,29,0,0,67151,0,27858,16397,54,0,0,0,0,0
2026-04-07T04:15:10.420591,1419.625,3230,13962,35,49,0,0,67151,0,6241,26976,54,0,0,0,0,0
2026-04-07T04:15:10.937599,1420.144,4754,14160,32,50,0,0,67152,0,9158,27276,54,0,0,0,0,0
2026-04-07T04:15:11.449594,1420.661,3774,13130,33,45,0,0,67152,0,7300,25399,54,0,0,0,0,0
2026-04-07T04:15:11.967683,1421.173,9582,14110,46,49,0,0,67153,0,18711,27553,54,0,0,0,0,0
2026-04-07T04:15:12.485908,1421.691,6632,7494,42,27,0,0,67153,0,12802,14466,54,0,0,0,0,0
2026-04-07T04:15:13.005118,1422.21,15830,15516,74,54,0,0,67154,0,30542,29936,54,0,0,0,0,0
2026-04-07T04:15:13.520314,1422.729,1494,7200,15,26,0,0,67154,0,2878,13870,54,0,0,0,0,0
2026-04-07T04:15:14.038373,1423.244,4710,20872,34,72,0,0,67155,0,9142,40511,54,0,0,0,0,0
2026-04-07T04:15:14.554884,1423.762,7834,5980,47,20,0,0,67155,0,15123,11544,54,0,0,0,0,0
2026-04-07T04:15:15.071281,1424.278,6882,14454,44,51,0,0,67156,0,13322,27979,54,0,0,0,0,0
2026-04-07T04:15:15.584373,1424.795,6058,14550,35,51,0,0,67156,0,11734,28182,54,0,0,0,0,0
2026-04-07T04:15:16.099960,1425.308,13966,8116,56,28,0,0,67157,0,27217,15816,54,0,0,0,0,0
2026-04-07T04:15:16.618509,1425.824,2810,7200,29,26,0,0,67157,0,5448,13961,54,0,0,0,0,0
2026-04-07T04:15:17.135209,1426.342,7454,26758,56,91,0,0,67158,0,14380,51622,54,0,0,0,0,0
2026-04-07T04:15:17.647549,1426.859,8778,532,36,4,0,0,67159,0,16987,1030,54,0,0,0,0,0
2026-04-07T04:15:18.170631,1427.371,1878,14110,19,49,0,0,67159,0,3663,27524,54,0,0,0,0,0
2026-04-07T04:15:18.689402,1427.894,7434,14550,50,51,0,0,67160,0,14212,27817,54,0,0,0,0,0
2026-04-07T04:15:19.208374,1428.413,15028,8460,66,30,0,0,67160,0,28985,16317,54,0,0,0,0,0
2026-04-07T04:15:19.723265,1428.932,2296,13962,23,49,0,0,67161,0,4424,26901,54,0,0,0,0,0
2026-04-07T04:15:20.249181,1429.447,5530,19652,37,66,0,0,67161,0,10738,38161,54,0,0,0,0,0
2026-04-07T04:15:20.765251,1429.973,10094,438,50,3,0,0,67162,0,19198,833,54,0,0,0,0,0
2026-04-07T04:15:21.283056,1430.489,7242,21510,49,75,0,0,67162,0,14030,41673,54,0,0,0,0,0
2026-04-07T04:15:21.800806,1431.007,5698,7494,30,27,0,0,67163,0,11005,14474,54,0,0,0,0,0
2026-04-07T04:15:22.319461,1431.524,10504,14878,48,51,0,0,67163,0,20282,28728,54,0,0,0,0,0
2026-04-07T04:15:22.838531,1432.043,5544,7200,39,26,0,0,67164,0,10694,13888,54,0,0,0,0,0
2026-04-07T04:15:23.355146,1432.562,4300,20090,40,69,0,0,67164,0,8283,38699,54,0,0,0,0,0
2026-04-07T04:15:23.872542,1433.079,9520,7494,43,27,0,0,67165,0,18425,14504,54,0,0,0,0,0
2026-04-07T04:15:24.388476,1433.596,5630,14256,33,50,0,0,67165,0,10890,27575,54,768,0,768,0,0
2026-04-07T04:15:24.908690,1434.112,15710,8410,72,29,0,0,67166,0,30408,16278,54,0,0,0,0,0
2026-04-07T04:15:25.426287,1434.632,2798,14244,31,52,0,0,67166,0,5382,27399,54,0,0,0,0,0
2026-04-07T04:15:25.943153,1435.149,4648,13962,31,49,0,0,67167,0,8986,26994,54,0,0,0,0,0
2026-04-07T04:15:26.459829,1435.667,4326,13036,39,44,0,0,67167,0,8366,25209,54,0,0,0,0,0
2026-04-07T04:15:26.977227,1436.183,9854,14350,49,51,0,0,67168,0,19070,27771,54,0,0,0,0,0
2026-04-07T04:15:27.492424,1436.701,5974,7494,35,27,0,0,67168,0,11546,14484,54,0,0,0,0,0
2026-04-07T04:15:28.007216,1437.216,15066,15318,66,53,0,0,67169,0,29247,29736,54,0,0,0,0,0
2026-04-07T04:15:28.530536,1437.731,2704,7200,28,26,0,0,67169,0,5249,13977,54,0,0,0,0,0
2026-04-07T04:15:29.046980,1438.254,5580,21070,43,73,0,0,67170,0,10663,40261,54,0,0,0,0,0
2026-04-07T04:15:29.561746,1438.77,6518,5980,33,20,0,0,67170,0,12629,11587,54,0,0,0,0,0
2026-04-07T04:15:30.078199,1439.288,6118,14256,36,50,0,0,67171,0,11825,27554,54,0,0,0,0,0
2026-04-07T04:15:30.595932,1439.802,7268,14550,48,51,0,0,67171,0,14140,28308,54,0,0,0,0,0
2026-04-07T04:15:31.106593,1440.319,14836,8314,65,29,0,0,67172,0,28665,16063,54,0,0,0,0,0
2026-04-07T04:15:31.633051,1440.83,1494,7200,15,26,0,0,67172,0,2925,14097,54,0,0,0,0,0
2026-04-07T04:15:32.147105,1441.357,6690,26560,48,90,0,0,67173,0,12705,50441,54,0,0,0,0,0
2026-04-07T04:15:32.659815,1441.871,9988,438,49,3,0,0,67174,0,19437,852,54,0,0,0,0,0
2026-04-07T04:15:33.180294,1442.383,2748,14308,28,50,0,0,67174,0,5359,27901,54,0,0,0,0,0
2026-04-07T04:15:33.697346,1442.904,6178,14592,37,52,0,0,67175,0,11866,28026,54,0,0,0,0,0
2026-04-07T04:15:34.207221,1443.421,14353,8262,59,29,0,0,67175,0,27774,15988,54,0,0,0,0,0
2026-04-07T04:15:34.730676,1443.931,3595,13962,37,49,0,0,67176,0,7050,27379,54,0,0,0,0,0
2026-04-07T04:15:35.245259,1444.454,6400,19850,46,67,0,0,67176,0,12224,37913,54,0,0,0,0,0
2026-04-07T04:15:35.764680,1444.977,8778,438,36,3,0,0,67177,0,16800,838,54,0,0,0,0,0
2026-04-07T04:15:36.277227,1445.488,6478,21312,41,74,0,0,67177,0,12679,41713,54,0,0,0,0,0
2026-04-07T04:15:36.790678,1446.001,7014,7494,44,27,0,0,67178,0,13673,14609,54,0,0,0,0,0
2026-04-07T04:15:37.308727,1446.514,11268,15076,56,52,0,0,67178,0,21941,29356,54,0,0,0,0,0
2026-04-07T04:15:37.827392,1447.032,4288,7242,26,27,0,0,67179,0,8279,13982,54,0,0,0,0,0
2026-04-07T04:15:38.345454,1447.551,3536,19798,32,67,0,0,67179,0,6819,38177,54,0,0,0,0,0
2026-04-07T04:15:38.859553,1448.069,11088,7494,60,27,0,0,67180,0,21401,14464,54,0,0,0,0,0
2026-04-07T04:15:39.377323,1448.583,6142,14308,39,50,0,0,67180,0,11945,27825,54,0,0,0,0,0
2026-04-07T04:15:39.894783,1449.101,14720,8556,61,30,0,0,67181,0,28433,16527,54,0,0,0,0,0
2026-04-07T04:15:40.411630,1449.618,3230,13962,35,49,0,0,67181,0,6243,26987,54,0,0,0,0,0
2026-04-07T04:15:40.924256,1450.135,4722,14160,32,50,0,0,67182,0,9134,27390,54,0,0,0,0,0
2026-04-07T04:15:41.442155,1450.648,3522,12890,31,43,0,0,67182,0,6872,25150,54,0,0,0,0,0
2026-04-07T04:15:41.958735,1451.166,10014,14256,50,50,0,0,67183,0,19333,27523,54,0,0,0,0,0
2026-04-07T04:15:42.476029,1451.682,6632,7494,42,27,0,0,67183,0,12836,14505,54,0,0,0,0,0
2026-04-07T04:15:42.990508,1452.2,15904,15516,75,54,0,0,67184,0,30744,29994,54,0,0,0,0,0
2026-04-07T04:15:43.509724,1452.714,1136,7054,12,25,0,0,67184,0,2208,13710,54,0,0,0,0,0
2026-04-07T04:15:44.027444,1453.233,5142,21018,38,73,0,0,67185,0,9904,40483,54,0,0,0,0,0
2026-04-07T04:15:44.545008,1453.751,4012,5980,34,20,0,0,67185,0,7752,11554,54,0,0,0,0,0
2026-04-07T04:15:45.064228,1454.269,10704,14454,57,51,0,0,67186,0,20676,27919,54,0,0,0,0,0
2026-04-07T04:15:45.585675,1454.788,5700,14404,32,50,0,0,67186,0,10973,27728,54,0,0,0,0,0
2026-04-07T04:15:46.103842,1455.309,14458,8304,61,30,0,0,67187,0,27730,15927,54,0,0,0,0,0
2026-04-07T04:15:46.621683,1455.827,2810,7200,29,26,0,0,67187,0,5426,13902,54,0,0,0,0,0
2026-04-07T04:15:47.138041,1456.345,7454,26758,56,91,0,0,67188,0,14395,51675,54,0,0,0,0,0
2026-04-07T04:15:47.652918,1456.862,8360,292,32,2,0,0,67188,0,16188,565,54,0,0,0,0,0
2026-04-07T04:15:48.171758,1457.377,2296,14256,23,50,0,0,67189,0,4459,27685,54,0,0,0,0,0
2026-04-07T04:15:48.685532,1457.895,7434,14550,50,51,0,0,67190,0,14331,28050,54,0,0,0,0,0
2026-04-07T04:15:49.202674,1458.409,15028,8460,66,30,0,0,67190,0,29250,16466,54,0,0,0,0,0
2026-04-07T04:15:49.725670,1458.926,2116,13816,22,48,0,0,67191,0,4091,26712,54,0,0,0,0,0
2026-04-07T04:15:50.248826,1459.449,5962,19798,41,67,0,0,67191,0,11396,37844,54,0,0,0,0,0
2026-04-07T04:15:50.765034,1459.973,10094,438,50,3,0,0,67192,0,19295,837,54,0,0,0,0,0
2026-04-07T04:15:51.282159,1460.489,7242,21510,49,75,0,0,67192,0,14036,41690,54,0,0,0,0,0
2026-04-07T04:15:51.798332,1461.006,5698,7494,30,27,0,0,67193,0,11018,14490,54,0,0,0,0,0
2026-04-07T04:15:52.317637,1461.522,10504,14878,48,51,0,0,67193,0,20349,28823,54,0,0,0,0,0
2026-04-07T04:15:52.836138,1462.041,5544,7200,39,26,0,0,67194,0,10676,13865,54,0,0,0,0,0
2026-04-07T04:15:53.353834,1462.56,4300,19996,40,68,0,0,67194,0,8293,38567,54,0,0,0,0,0
2026-04-07T04:15:53.871468,1463.077,9626,7588,44,28,0,0,67195,0,18594,14657,54,0,0,0,0,0
2026-04-07T04:15:54.389381,1463.595,5378,14110,31,49,0,0,67195,0,10387,27252,54,0,0,0,0,0
2026-04-07T04:15:54.907383,1464.113,15962,8556,74,30,0,0,67196,0,30830,16525,54,0,0,0,0,0
2026-04-07T04:15:55.423912,1464.631,3142,14160,34,50,0,0,67196,0,6065,27335,54,0,0,0,0,0
2026-04-07T04:15:55.941572,1465.147,4648,13962,31,49,0,0,67197,0,8997,27027,54,0,0,0,0,0
2026-04-07T04:15:56.454223,1465.665,4432,13036,40,44,0,0,67197,0,8563,25187,54,0,0,0,0,0
2026-04-07T04:15:56.973012,1466.178,9688,14308,47,50,0,0,67198,0,18894,27904,54,0,0,0,0,0
2026-04-07T04:15:57.490869,1466.697,5974,7494,35,27,0,0,67198,0,11516,14446,54,0,0,0,0,0
2026-04-07T04:15:58.009230,1467.214,15066,15318,66,53,0,0,67199,0,29091,29577,54,0,0,0,0,0
2026-04-07T04:15:58.527462,1467.733,2884,7200,30,26,0,0,67199,0,5564,13891,54,0,0,0,0,0
2026-04-07T04:15:59.045897,1468.251,5474,21070,42,73,0,0,67200,0,10563,40657,54,0,0,0,0,0
2026-04-07T04:15:59.561484,1468.769,6518,5980,33,20,0,0,67200,0,12574,11536,54,0,0,0,0,0
2026-04-07T04:16:00.075320,1469.285,6296,14256,38,50,0,0,67201,0,12211,27650,54,0,0,0,0,0
2026-04-07T04:16:00.593707,1469.799,7374,14550,49,51,0,0,67201,0,14349,28313,54,0,0,0,0,0
2026-04-07T04:16:01.106961,1470.317,15088,8460,67,30,0,0,67202,0,29109,16322,54,0,0,0,0,0
2026-04-07T04:16:01.626430,1470.831,1136,7054,12,25,0,0,67202,0,2213,13742,54,0,0,0,0,0
2026-04-07T04:16:02.143202,1471.35,6870,26686,51,93,0,0,67203,0,13228,51381,54,0,0,0,0,0
2026-04-07T04:16:02.659150,1471.867,10034,438,49,3,0,0,67203,0,19415,847,54,0,0,0,0,0
2026-04-07T04:16:03.176344,1472.383,3060,14454,31,51,0,0,67204,0,5931,28013,54,0,0,0,0,0
2026-04-07T04:16:03.692476,1472.901,6118,14550,36,51,0,0,67205,0,11806,28078,54,2752,0,2752,0,0
2026-04-07T04:16:04.210159,1473.416,13906,8116,55,28,0,0,67205,0,26995,15755,54,0,0,0,0,0
2026-04-07T04:16:04.728741,1473.934,3612,13962,37,49,0,0,67206,0,6977,26971,54,0,0,0,0,0
2026-04-07T04:16:05.244574,1474.452,6652,19996,48,68,0,0,67206,0,12826,38554,54,0,0,0,0,0
2026-04-07T04:16:05.763456,1474.968,8778,438,36,3,0,0,67207,0,17015,849,54,0,0,0,0,0
2026-04-07T04:16:06.281176,1475.487,6120,21166,38,73,0,0,67207,0,11800,40809,54,0,0,0,0,0
2026-04-07T04:16:06.798571,1476.005,7014,7494,44,27,0,0,67208,0,13544,14471,54,0,0,0,0,0
2026-04-07T04:16:07.315934,1476.522,11626,15222,59,53,0,0,67208,0,22477,29429,54,0,0,0,0,0
2026-04-07T04:16:07.834190,1477.039,4228,7200,25,26,0,0,67209,0,8170,13914,54,0,0,0,0,0
2026-04-07T04:16:08.353122,1477.558,3178,19652,29,66,0,0,67209,0,6133,37926,54,5504,0,2752,0,0
2026-04-07T04:16:08.866499,1478.077,10836,7494,57,27,0,0,67210,0,20881,14441,54,0,0,0,0,0
2026-04-07T04:16:09.383175,1478.59,6500,14454,42,51,0,0,67210,0,12657,28145,54,0,0,0,0,0
2026-04-07T04:16:09.901020,1479.107,14706,8692,61,32,0,0,67211,0,28466,16825,54,0,0,0,0,0
2026-04-07T04:16:10.414125,1479.625,3290,14004,36,50,0,0,67211,0,6353,27040,54,0,0,0,0,0
2026-04-07T04:16:10.928122,1480.138,4574,14014,31,49,0,0,67212,0,8916,27317,54,0,0,0,0,0
2026-04-07T04:16:11.445414,1480.652,3774,13036,33,44,0,0,67212,0,7340,25355,54,0,0,0,0,0
2026-04-07T04:16:11.962833,1481.169,9940,14256,49,50,0,0,67213,0,19222,27568,54,0,0,0,0,0
2026-04-07T04:16:12.480091,1481.686,6632,7494,42,27,0,0,67213,0,12815,14481,54,0,0,0,0,0
2026-04-07T04:16:13.000647,1482.204,14814,15370,64,53,0,0,67214,0,28638,29713,54,0,0,0,0,0
2026-04-07T04:16:13.515944,1482.724,2152,7200,22,26,0,0,67214,0,4138,13843,54,0,0,0,0,0
2026-04-07T04:16:14.033889,1483.239,5068,21018,37,73,0,0,67215,0,9827,40756,54,0,0,0,0,0
2026-04-07T04:16:14.551499,1483.757,6952,5980,44,20,0,0,67215,0,13425,11548,54,5504,0,5504,0,0
2026-04-07T04:16:15.069359,1484.275,7764,14454,47,51,0,0,67216,0,14997,27920,54,0,0,0,0,0
2026-04-07T04:16:15.586935,1484.793,5700,14404,32,50,0,0,67216,0,11009,27820,54,0,0,0,0,0
2026-04-07T04:16:16.102320,1485.31,14324,8262,59,29,0,0,67217,0,27672,15961,54,0,0,0,0,0
2026-04-07T04:16:16.621130,1485.826,2810,7200,29,26,0,0,67217,0,5450,13965,54,0,0,0,0,0
2026-04-07T04:16:17.137279,1486.345,7454,26758,56,91,0,0,67218,0,14372,51594,54,0,0,0,0,0
2026-04-07T04:16:17.651150,1486.861,8718,438,35,3,0,0,67218,0,16890,849,54,0,0,0,0,0
2026-04-07T04:16:18.170681,1487.375,1938,14110,20,49,0,0,67219,0,3771,27456,54,0,0,0,0,0
2026-04-07T04:16:18.688885,1487.894,7434,14550,50,51,0,0,67220,0,14311,28011,54,0,0,0,0,0
2026-04-07T04:16:19.206210,1488.412,15028,8460,66,30,0,0,67220,0,28999,16325,54,0,0,0,0,0
2026-04-07T04:16:19.723986,1488.93,2296,13962,23,49,0,0,67221,0,4438,26987,54,0,0,0,0,0
2026-04-07T04:16:20.245841,1489.448,5530,19652,37,66,0,0,67221,0,10680,37955,54,0,0,0,0,0
2026-04-07T04:16:20.760321,1489.969,10094,438,50,3,0,0,67222,0,19344,839,54,0,0,0,0,0
2026-04-07T04:16:21.278993,1490.484,7242,21510,49,75,0,0,67222,0,14076,41809,54,0,0,0,0,0
2026-04-07T04:16:21.796908,1491.002,5698,7494,30,27,0,0,67223,0,10997,14463,54,0,0,0,0,0
2026-04-07T04:16:22.316727,1491.521,10756,15024,50,52,0,0,67223,0,20707,28923,54,0,0,0,0,0
2026-04-07T04:16:22.837161,1492.04,5292,7054,37,25,0,0,67224,0,10199,13595,54,0,0,0,0,0
2026-04-07T04:16:23.353997,1492.561,4360,20038,41,69,0,0,67224,0,8380,38513,54,0,0,0,0,0
2026-04-07T04:16:23.869564,1493.078,9520,7494,43,27,0,0,67225,0,18417,14497,54,0,0,0,0,0
2026-04-07T04:16:24.384506,1493.593,5736,14256,34,50,0,0,67225,0,11125,27651,54,0,0,0,0,0
2026-04-07T04:16:24.902892,1494.108,15604,8410,71,29,0,0,67226,0,30306,16334,54,0,0,0,0,0
2026-04-07T04:16:25.419479,1494.626,2678,14160,29,50,0,0,67226,0,5166,27313,54,0,0,0,0,0
2026-04-07T04:16:25.937241,1495.143,4648,13962,31,49,0,0,67227,0,8995,27021,54,0,0,0,0,0
2026-04-07T04:16:26.451846,1495.661,4432,13036,40,44,0,0,67227,0,8560,25178,54,0,0,0,0,0
2026-04-07T04:16:26.975245,1496.175,9688,14308,47,50,0,0,67228,0,18828,27807,54,0,0,0,0,0
2026-04-07T04:16:27.489513,1496.699,5974,7494,35,27,0,0,67228,0,11415,14319,54,0,0,0,0,0
2026-04-07T04:16:28.007521,1497.213,15066,15318,66,53,0,0,67229,0,29291,29781,54,0,0,0,0,0
2026-04-07T04:16:28.525461,1497.731,2810,7200,29,26,0,0,67229,0,5425,13899,54,0,0,0,0,0
2026-04-07T04:16:29.039769,1498.249,5832,21216,45,74,0,0,67230,0,11261,40967,54,0,0,0,0,0
2026-04-07T04:16:29.557628,1498.764,6160,5834,30,19,0,0,67230,0,11967,11333,54,0,0,0,0,0
2026-04-07T04:16:30.076059,1499.281,6118,14256,36,50,0,0,67231,0,11824,27551,54,0,0,0,0,0
2026-04-07T04:16:30.593237,1499.8,7374,14550,49,51,0,0,67231,0,14226,28069,54,0,0,0,0,0
2026-04-07T04:16:31.111889,1500.317,15088,8460,67,30,0,0,67232,0,29174,16358,54,0,0,0,0,0
2026-04-07T04:16:31.630398,1500.835,1136,7054,12,25,0,0,67232,0,2190,13599,54,0,0,0,0,0
2026-04-07T04:16:32.149363,1501.354,6690,26560,48,90,0,0,67233,0,12902,51223,54,0,0,0,0,0
2026-04-07T04:16:32.664122,1501.873,10034,438,49,3,0,0,67233,0,19339,844,54,0,0,0,0,0
2026-04-07T04:16:33.180037,1502.388,3060,14454,31,51,0,0,67234,0,5943,28071,54,0,0,0,0,0
2026-04-07T04:16:33.697929,1502.904,5760,14404,33,50,0,0,67235,0,11164,27918,54,0,0,0,0,0
2026-04-07T04:16:34.215931,1503.422,14264,8262,58,29,0,0,67235,0,27541,15952,54,0,0,0,0,0
2026-04-07T04:16:34.735500,1503.939,3612,14056,37,50,0,0,67236,0,6974,27139,54,0,0,0,0,0
2026-04-07T04:16:35.250867,1504.459,6652,19996,48,68,0,0,67236,0,12807,38499,54,0,0,0,0,0
2026-04-07T04:16:35.771350,1504.974,8480,334,34,3,0,0,67237,0,16451,648,54,0,0,0,0,0
2026-04-07T04:16:36.287090,1505.495,6656,21312,43,74,0,0,67237,0,12790,40952,54,0,0,0,0,0
2026-04-07T04:16:36.800121,1506.011,7014,7494,44,27,0,0,67238,0,13598,14528,54,0,0,0,0,0
2026-04-07T04:16:37.318021,1506.524,11626,15222,59,53,0,0,67238,0,22643,29647,54,0,0,0,0,0
2026-04-07T04:16:37.834219,1507.042,4228,7200,25,26,0,0,67239,0,8169,13912,54,0,0,0,0,0
2026-04-07T04:16:38.345014,1507.558,3178,19652,29,66,0,0,67239,0,6157,38075,54,0,0,0,0,0
2026-04-07T04:16:38.867380,1508.068,10836,7494,57,27,0,0,67240,0,21235,14686,54,0,0,0,0,0
2026-04-07T04:16:39.384379,1508.591,6620,14538,44,53,0,0,67240,0,12657,27797,54,0,0,0,0,0
2026-04-07T04:16:39.896288,1509.108,14646,8556,60,30,0,0,67241,0,28348,16560,54,0,0,0,0,0
2026-04-07T04:16:40.416560,1509.62,2872,13816,32,48,0,0,67241,0,5608,26979,54,0,0,0,0,0
2026-04-07T04:16:40.932607,1510.14,4754,14160,32,50,0,0,67242,0,9131,27196,54,0,0,0,0,0
2026-04-07T04:16:41.442985,1510.656,3774,13036,33,44,0,0,67242,0,7320,25285,54,0,0,0,0,0
2026-04-07T04:16:41.966921,1511.166,9940,14256,49,50,0,0,67243,0,19473,27928,54,0,0,0,0,0
2026-04-07T04:16:42.483856,1511.691,6274,7348,39,26,0,0,67243,0,11970,14019,54,0,0,0,0,0
2026-04-07T04:16:43.010785,1512.212,15232,15558,68,55,0,0,67244,0,29224,29850,54,0,0,0,0,0
2026-04-07T04:16:43.526617,1512.734,2152,7200,22,26,0,0,67244,0,4117,13774,54,0,0,0,0,0
2026-04-07T04:16:44.043380,1513.25,5068,21018,37,73,0,0,67245,0,9828,40759,54,0,0,0,0,0
2026-04-07T04:16:44.560669,1513.766,7476,5834,44,19,0,0,67245,0,14484,11302,54,0,0,0,0,0
2026-04-07T04:16:45.078562,1514.284,6882,14454,44,51,0,0,67246,0,13287,27906,54,0,0,0,0,0
2026-04-07T04:16:45.594959,1514.802,6058,14550,35,51,0,0,67246,0,11703,28107,54,0,0,0,0,0
2026-04-07T04:16:46.112922,1515.319,14324,8262,59,29,0,0,67247,0,27730,15995,54,0,0,0,0,0
